2026-07-29T14:18:07.512Z	WARN	metrics file missing — bot not writing stay-alive.json yet
2026-07-29T15:48:37.973Z	CRIT	metrics stale 131s — process may be hung or dead
2026-07-29T15:49:07.974Z	CRIT	metrics stale 161s — process may be hung or dead
2026-07-29T21:14:08.880Z	WARN	high pin count 10
2026-07-29T21:14:38.881Z	WARN	high pin count 10
2026-07-29T21:15:08.883Z	WARN	high pin count 11
2026-07-29T21:15:38.883Z	WARN	high pin count 10
2026-07-29T21:16:08.882Z	WARN	high pin count 11
2026-07-29T21:16:38.883Z	WARN	high pin count 9
2026-07-29T21:17:08.885Z	WARN	high pin count 10
2026-07-29T21:17:38.883Z	WARN	high pin count 9
2026-07-29T21:18:08.885Z	WARN	high pin count 10
2026-07-29T21:18:38.885Z	WARN	high pin count 9
2026-07-29T21:19:08.892Z	WARN	high pin count 10
2026-07-29T21:19:38.886Z	WARN	high pin count 9
2026-07-29T21:20:08.889Z	WARN	high pin count 10
2026-07-29T21:20:38.890Z	WARN	high pin count 9
2026-07-29T21:21:08.890Z	WARN	high pin count 9
2026-07-29T21:22:08.892Z	WARN	high pin count 9
2026-07-29T21:24:38.896Z	WARN	high pin count 9
2026-07-30T08:52:10.576Z	WARN	high pin count 9
2026-07-30T08:53:40.577Z	WARN	high pin count 9
2026-07-30T08:54:10.578Z	WARN	high pin count 9
2026-07-30T08:55:10.580Z	WARN	high pin count 9
2026-07-30T08:58:40.585Z	WARN	high pin count 9
2026-07-30T08:59:10.590Z	WARN	high pin count 9
2026-07-30T08:59:40.591Z	WARN	high pin count 9
2026-07-30T09:00:10.592Z	WARN	high pin count 9
2026-07-30T09:32:40.746Z	WARN	high pin count 9
2026-07-30T10:17:10.978Z	WARN	high pin count 9
2026-07-30T10:18:40.983Z	WARN	high pin count 9
2026-07-30T10:19:10.988Z	WARN	high pin count 10
2026-07-30T10:19:40.988Z	WARN	high pin count 10
2026-07-30T10:20:10.994Z	WARN	high pin count 9
2026-07-30T11:02:11.601Z	WARN	high pin count 9
2026-07-30T11:02:41.602Z	WARN	high pin count 9
2026-07-30T11:52:11.925Z	WARN	high pin count 9
2026-07-30T11:53:41.930Z	WARN	high pin count 9
2026-07-30T11:55:11.940Z	WARN	high pin count 9
2026-07-30T11:55:41.941Z	WARN	high pin count 10
2026-07-30T11:56:11.940Z	WARN	high pin count 10
2026-07-30T12:01:12.080Z	WARN	high pin count 9
2026-07-30T12:01:42.078Z	WARN	high pin count 9
2026-07-30T12:02:12.079Z	WARN	high pin count 9
2026-07-30T12:08:42.101Z	WARN	high pin count 9
2026-07-30T12:09:12.102Z	WARN	high pin count 9
2026-07-30T12:09:42.103Z	WARN	high pin count 9
2026-07-30T12:11:12.113Z	WARN	high pin count 9
2026-07-30T13:54:12.675Z	WARN	high pin count 9
2026-07-30T13:54:42.676Z	WARN	high pin count 9
2026-07-30T13:55:12.676Z	WARN	high pin count 9
2026-07-30T13:55:42.686Z	WARN	high pin count 10
2026-07-30T13:56:12.677Z	WARN	high pin count 10
2026-07-30T13:57:42.681Z	WARN	high pin count 9
2026-07-30T13:58:12.682Z	WARN	high pin count 10
2026-07-30T13:58:42.681Z	WARN	high pin count 9
2026-07-31T14:01:17.614Z	WARN	high pin count 9
2026-07-31T16:36:48.470Z	WARN	high pin count 9
2026-07-31T16:37:48.472Z	WARN	high pin count 10
2026-07-31T16:38:18.473Z	WARN	high pin count 11
2026-07-31T16:38:48.474Z	WARN	high pin count 9
2026-07-31T16:39:18.484Z	WARN	high pin count 9
2026-07-31T16:42:18.481Z	WARN	high pin count 9
2026-07-31T16:42:48.483Z	WARN	high pin count 9
2026-08-01T11:20:20.884Z	WARN	high pin count 9
2026-08-01T11:21:20.883Z	WARN	high pin count 9
2026-08-01T11:21:50.884Z	WARN	high pin count 9
2026-08-01T11:23:50.885Z	WARN	high pin count 9
2026-08-01T13:38:51.096Z	WARN	high pin count 9
2026-08-01T17:55:51.525Z	WARN	high pin count 9
2026-08-01T18:14:51.553Z	WARN	high pin count 9
2026-08-01T18:15:21.556Z	WARN	high pin count 9
2026-08-01T18:34:21.600Z	WARN	high pin count 9
2026-08-01T21:39:51.885Z	WARN	high pin count 9
2026-08-01T21:40:21.885Z	WARN	high pin count 9
2026-08-02T07:20:22.885Z	WARN	high pin count 9
2026-08-02T07:29:22.895Z	WARN	high pin count 9
2026-08-02T07:29:52.896Z	WARN	high pin count 9
2026-08-02T07:32:52.896Z	WARN	high pin count 9
2026-08-02T17:27:53.882Z	WARN	high pin count 9
2026-08-02T17:28:23.881Z	WARN	high pin count 9
2026-08-02T17:51:53.921Z	WARN	high pin count 9
2026-08-02T18:01:53.947Z	WARN	high pin count 9
2026-08-02T18:02:23.948Z	WARN	high pin count 9
2026-08-02T18:02:53.948Z	WARN	high pin count 9
2026-08-02T18:07:53.975Z	WARN	high pin count 9
2026-08-02T18:09:53.979Z	WARN	high pin count 9
2026-08-03T07:40:56.155Z	WARN	high pin count 9
2026-08-03T07:41:26.155Z	WARN	high pin count 10
2026-08-03T07:42:26.157Z	WARN	high pin count 9
2026-08-03T07:42:56.159Z	WARN	high pin count 9
2026-08-03T07:43:26.159Z	WARN	high pin count 9
2026-08-03T07:43:56.161Z	WARN	high pin count 10
2026-08-03T07:44:26.164Z	WARN	high pin count 10
2026-08-03T07:44:56.164Z	WARN	high pin count 9
2026-08-03T07:45:26.165Z	WARN	high pin count 10
2026-08-03T07:45:56.164Z	WARN	high pin count 9
2026-08-03T07:46:26.165Z	WARN	high pin count 9
2026-08-03T07:46:56.165Z	WARN	high pin count 10
2026-08-03T07:47:26.166Z	WARN	high pin count 10
2026-08-03T07:47:56.166Z	WARN	high pin count 11
2026-08-03T07:48:26.165Z	WARN	high pin count 11
2026-08-03T07:48:56.167Z	WARN	high pin count 11
2026-08-03T07:49:26.169Z	WARN	high pin count 9
2026-08-03T07:49:56.170Z	WARN	high pin count 10
2026-08-03T07:50:26.171Z	WARN	high pin count 11
2026-08-03T07:50:56.172Z	WARN	high pin count 11
2026-08-03T07:51:26.172Z	WARN	high pin count 9
2026-08-03T07:51:56.173Z	WARN	high pin count 10
2026-08-03T07:52:26.173Z	WARN	high pin count 10
2026-08-03T07:52:56.173Z	WARN	high pin count 11
2026-08-03T07:53:26.174Z	WARN	high pin count 11
2026-08-03T07:53:56.178Z	WARN	high pin count 10
2026-08-03T07:54:26.192Z	WARN	high pin count 10
2026-08-03T07:54:56.181Z	WARN	high pin count 10
2026-08-03T07:55:26.181Z	WARN	high pin count 11
2026-08-03T07:55:56.183Z	WARN	high pin count 11
2026-08-03T07:56:26.184Z	WARN	high pin count 10
2026-08-03T07:56:56.185Z	WARN	high pin count 10
2026-08-03T07:57:26.189Z	WARN	high pin count 10
2026-08-03T07:57:56.194Z	WARN	high pin count 10
2026-08-03T07:58:26.189Z	WARN	high pin count 10
2026-08-03T07:58:56.190Z	WARN	high pin count 10
2026-08-03T07:59:26.190Z	WARN	high pin count 9
2026-08-03T07:59:56.191Z	WARN	high pin count 9
2026-08-03T08:00:26.191Z	WARN	high pin count 9
2026-08-03T08:00:56.197Z	WARN	high pin count 9
2026-08-03T08:01:26.230Z	WARN	high pin count 11
2026-08-03T08:01:56.230Z	WARN	high pin count 10
2026-08-03T08:02:26.230Z	WARN	high pin count 10
2026-08-03T08:02:56.231Z	WARN	high pin count 10
2026-08-03T08:03:26.231Z	WARN	high pin count 10
2026-08-03T08:03:56.231Z	WARN	high pin count 9
2026-08-03T08:04:26.232Z	WARN	high pin count 9
2026-08-03T08:04:56.233Z	WARN	high pin count 9
2026-08-03T08:05:26.244Z	WARN	high pin count 9
2026-08-03T08:05:56.247Z	WARN	high pin count 9
2026-08-03T08:06:26.250Z	WARN	high pin count 9
2026-08-03T08:06:56.251Z	WARN	high pin count 9
2026-08-03T08:07:26.253Z	WARN	high pin count 9
2026-08-03T08:07:56.264Z	WARN	high pin count 9
2026-08-03T08:08:26.265Z	WARN	high pin count 9
2026-08-03T08:09:26.267Z	WARN	high pin count 9
2026-08-03T08:09:56.267Z	WARN	high pin count 9
2026-08-03T08:10:26.268Z	WARN	high pin count 9
2026-08-03T08:10:56.280Z	WARN	high pin count 9
2026-08-03T08:11:26.279Z	WARN	high pin count 9
2026-08-03T08:11:56.279Z	WARN	high pin count 9
2026-08-03T08:12:26.281Z	WARN	high pin count 9
2026-08-03T08:12:56.282Z	WARN	high pin count 9
2026-08-03T08:13:26.296Z	WARN	high pin count 9
2026-08-03T08:14:56.321Z	WARN	high pin count 10
2026-08-03T08:15:26.323Z	WARN	high pin count 10
2026-08-03T08:15:56.323Z	WARN	high pin count 11
2026-08-03T08:16:26.323Z	WARN	high pin count 12
2026-08-03T08:16:56.324Z	WARN	high pin count 12
2026-08-03T08:17:26.338Z	WARN	high pin count 12
2026-08-03T08:17:56.339Z	WARN	high pin count 13
2026-08-03T08:18:26.339Z	WARN	high pin count 12
2026-08-03T08:18:56.339Z	WARN	high pin count 11
2026-08-03T08:19:26.339Z	WARN	high pin count 11
2026-08-03T08:19:56.341Z	WARN	high pin count 10
2026-08-03T08:20:26.344Z	WARN	high pin count 11
2026-08-03T08:20:56.344Z	WARN	high pin count 11
2026-08-03T08:21:26.345Z	WARN	high pin count 11
2026-08-03T08:21:56.345Z	WARN	high pin count 11
2026-08-03T08:22:26.346Z	WARN	high pin count 10
2026-08-03T08:22:56.355Z	WARN	high pin count 10
2026-08-03T08:23:26.356Z	WARN	high pin count 10
2026-08-03T08:23:56.356Z	WARN	high pin count 10
2026-08-03T08:24:26.355Z	WARN	high pin count 10
2026-08-03T08:24:56.356Z	WARN	high pin count 11
2026-08-03T08:25:26.387Z	WARN	high pin count 11
2026-08-03T08:25:56.385Z	WARN	high pin count 11
2026-08-03T08:26:26.386Z	WARN	high pin count 11
2026-08-03T08:26:56.389Z	WARN	high pin count 11
2026-08-03T08:27:26.390Z	WARN	high pin count 11
2026-08-03T08:27:56.390Z	WARN	high pin count 11
2026-08-03T08:28:26.390Z	WARN	high pin count 11
2026-08-03T08:28:56.397Z	WARN	high pin count 11
2026-08-03T08:29:26.398Z	WARN	high pin count 11
2026-08-03T08:29:56.399Z	WARN	high pin count 11
2026-08-03T08:30:26.401Z	WARN	high pin count 12
2026-08-03T08:30:56.401Z	WARN	high pin count 11
2026-08-03T08:31:26.402Z	WARN	high pin count 11
2026-08-03T08:31:56.404Z	WARN	high pin count 11
2026-08-03T08:32:26.406Z	WARN	high pin count 11
2026-08-03T08:32:56.407Z	WARN	high pin count 11
2026-08-03T08:33:26.409Z	WARN	high pin count 11
2026-08-03T08:33:56.408Z	WARN	high pin count 11
2026-08-03T08:34:26.408Z	WARN	high pin count 12
2026-08-03T08:34:56.407Z	WARN	high pin count 13
2026-08-03T08:35:26.408Z	WARN	high pin count 13
2026-08-03T08:35:56.409Z	WARN	high pin count 13
2026-08-03T08:36:26.409Z	WARN	high pin count 11
2026-08-03T08:36:56.408Z	WARN	high pin count 10
2026-08-03T08:37:26.409Z	WARN	high pin count 12
2026-08-03T08:37:56.409Z	WARN	high pin count 13
2026-08-03T08:38:26.410Z	WARN	high pin count 12
2026-08-03T08:38:56.410Z	WARN	high pin count 12
2026-08-03T08:39:26.411Z	WARN	high pin count 12
2026-08-03T08:39:56.411Z	WARN	high pin count 12
2026-08-03T08:40:26.412Z	WARN	high pin count 10
2026-08-03T08:40:56.412Z	WARN	high pin count 10
2026-08-03T08:41:26.412Z	WARN	high pin count 11
2026-08-03T08:41:56.414Z	WARN	high pin count 11
2026-08-03T08:42:26.415Z	WARN	high pin count 10
2026-08-03T08:42:56.415Z	WARN	high pin count 10
2026-08-03T08:43:26.416Z	WARN	high pin count 10
2026-08-03T08:43:56.416Z	WARN	high pin count 11
2026-08-03T08:44:26.415Z	WARN	high pin count 10
2026-08-03T08:44:56.416Z	WARN	high pin count 10
2026-08-03T08:45:26.416Z	WARN	high pin count 11
2026-08-03T08:45:56.417Z	WARN	high pin count 10
2026-08-03T08:46:26.417Z	WARN	high pin count 10
2026-08-03T08:46:56.420Z	WARN	high pin count 10
2026-08-03T08:47:26.420Z	WARN	high pin count 11
2026-08-03T08:47:56.421Z	WARN	high pin count 11
2026-08-03T08:48:26.422Z	WARN	high pin count 11
2026-08-03T08:48:56.423Z	WARN	high pin count 11
2026-08-03T08:49:26.424Z	WARN	high pin count 10
2026-08-03T08:49:56.425Z	WARN	high pin count 11
2026-08-03T08:50:26.426Z	WARN	high pin count 10
2026-08-03T08:50:56.427Z	WARN	high pin count 11
2026-08-03T08:51:26.429Z	WARN	high pin count 10
2026-08-03T08:51:56.428Z	WARN	high pin count 10
2026-08-03T08:52:26.429Z	WARN	high pin count 10
2026-08-03T08:52:56.431Z	WARN	high pin count 12
2026-08-03T08:53:26.431Z	WARN	high pin count 12
2026-08-03T08:53:56.430Z	WARN	high pin count 12
2026-08-03T08:54:26.430Z	WARN	high pin count 12
2026-08-03T08:54:56.431Z	WARN	high pin count 12
2026-08-03T08:55:26.433Z	WARN	high pin count 10
2026-08-03T08:55:56.433Z	WARN	high pin count 12
2026-08-03T08:56:26.434Z	WARN	high pin count 12
2026-08-03T08:56:56.434Z	WARN	high pin count 12
2026-08-03T08:57:26.435Z	WARN	high pin count 12
2026-08-03T08:57:56.436Z	WARN	high pin count 9
2026-08-03T08:58:26.437Z	WARN	high pin count 9
2026-08-03T08:58:56.437Z	WARN	high pin count 10
2026-08-03T08:59:26.438Z	WARN	high pin count 9
2026-08-03T08:59:56.438Z	WARN	high pin count 10
2026-08-03T09:01:26.447Z	WARN	high pin count 9
2026-08-03T09:03:26.449Z	WARN	high pin count 9
2026-08-03T09:03:56.450Z	WARN	high pin count 9
2026-08-03T09:04:26.457Z	WARN	high pin count 9
2026-08-03T09:04:56.464Z	WARN	high pin count 9
2026-08-03T09:05:26.464Z	WARN	high pin count 9
2026-08-03T09:06:26.465Z	WARN	high pin count 10
2026-08-03T09:06:56.467Z	WARN	high pin count 10
2026-08-03T09:07:26.468Z	WARN	high pin count 10
2026-08-03T09:07:56.468Z	WARN	high pin count 9
2026-08-03T09:09:26.481Z	WARN	high pin count 9
2026-08-03T09:09:56.481Z	WARN	high pin count 10
2026-08-03T09:10:26.491Z	WARN	high pin count 9
2026-08-04T07:17:00.494Z	WARN	high pin count 9
2026-08-04T07:21:30.506Z	WARN	high pin count 9
2026-08-04T11:50:05.190Z	WARN	high pin count 9
2026-08-04T11:50:35.190Z	WARN	high pin count 9
2026-08-04T11:51:05.191Z	WARN	high pin count 9
2026-08-04T11:51:35.192Z	WARN	high pin count 9
2026-08-04T11:52:05.193Z	WARN	high pin count 9
2026-08-04T11:52:35.198Z	WARN	high pin count 9
2026-08-04T11:53:05.200Z	WARN	high pin count 9
2026-08-04T11:53:35.285Z	WARN	high pin count 9
2026-08-04T11:54:05.273Z	WARN	high pin count 10
2026-08-04T11:54:35.278Z	WARN	high pin count 9
2026-08-04T11:55:05.298Z	WARN	high pin count 9
2026-08-04T11:55:35.289Z	WARN	high pin count 9
2026-08-04T11:57:05.298Z	WARN	high pin count 9
2026-08-04T11:57:35.298Z	WARN	high pin count 9
2026-08-04T11:58:05.308Z	WARN	high pin count 9
2026-08-04T11:58:35.308Z	WARN	high pin count 9
2026-08-04T11:59:05.312Z	WARN	high pin count 9
2026-08-04T11:59:35.312Z	WARN	high pin count 9
2026-08-04T12:00:05.349Z	WARN	high pin count 9
2026-08-04T12:00:35.353Z	WARN	high pin count 9
2026-08-04T12:01:35.357Z	WARN	high pin count 9
2026-08-04T12:03:05.360Z	WARN	high pin count 9
2026-08-04T12:07:35.411Z	WARN	high pin count 9
2026-08-04T12:09:35.452Z	WARN	high pin count 9
2026-08-04T12:17:05.723Z	WARN	high pin count 9
2026-08-04T12:37:35.928Z	WARN	RSS 769MB pinned=8 pool=11
2026-08-04T12:38:05.928Z	WARN	RSS 782MB pinned=9 pool=11
2026-08-04T12:38:05.928Z	WARN	high pin count 9
2026-08-04T12:38:35.928Z	WARN	RSS 783MB pinned=9 pool=11
2026-08-04T12:38:35.929Z	WARN	high pin count 9
2026-08-04T12:39:05.929Z	WARN	RSS 784MB pinned=8 pool=11
2026-08-04T12:39:35.936Z	WARN	RSS 778MB pinned=8 pool=11
2026-08-04T12:40:05.948Z	WARN	RSS 785MB pinned=8 pool=11
2026-08-04T12:40:35.950Z	WARN	RSS 789MB pinned=8 pool=11
2026-08-04T12:41:05.959Z	WARN	RSS 827MB pinned=8 pool=11
2026-08-04T12:42:35.961Z	WARN	RSS 777MB pinned=7 pool=11
2026-08-04T12:43:05.961Z	WARN	RSS 853MB pinned=6 pool=11
2026-08-04T12:47:06.034Z	WARN	high pin count 9
2026-08-04T12:57:36.085Z	WARN	RSS 750MB pinned=8 pool=16
2026-08-04T12:58:36.087Z	WARN	RSS 756MB pinned=8 pool=18
2026-08-04T12:59:06.088Z	WARN	RSS 764MB pinned=8 pool=15
2026-08-04T12:59:36.090Z	WARN	RSS 764MB pinned=8 pool=16
2026-08-04T13:00:06.122Z	WARN	RSS 768MB pinned=8 pool=15
2026-08-04T13:00:36.127Z	WARN	RSS 765MB pinned=7 pool=15
2026-08-04T13:01:06.131Z	WARN	RSS 775MB pinned=7 pool=16
2026-08-04T13:01:36.131Z	WARN	RSS 765MB pinned=8 pool=16
2026-08-04T13:02:06.132Z	WARN	RSS 768MB pinned=9 pool=15
2026-08-04T13:02:06.134Z	WARN	high pin count 9
2026-08-04T13:02:36.133Z	WARN	RSS 771MB pinned=9 pool=15
2026-08-04T13:02:36.134Z	WARN	high pin count 9
2026-08-04T13:03:06.134Z	WARN	RSS 777MB pinned=9 pool=14
2026-08-04T13:03:06.135Z	WARN	high pin count 9
2026-08-04T13:03:36.139Z	WARN	RSS 772MB pinned=9 pool=14
2026-08-04T13:03:36.139Z	WARN	high pin count 9
2026-08-04T13:04:06.139Z	WARN	RSS 772MB pinned=9 pool=13
2026-08-04T13:04:06.140Z	WARN	high pin count 9
2026-08-04T13:04:36.141Z	WARN	RSS 776MB pinned=9 pool=14
2026-08-04T13:04:36.142Z	WARN	high pin count 9
2026-08-04T13:05:06.151Z	WARN	RSS 775MB pinned=9 pool=14
2026-08-04T13:05:06.152Z	WARN	high pin count 9
2026-08-04T13:05:36.168Z	WARN	RSS 772MB pinned=9 pool=14
2026-08-04T13:05:36.172Z	WARN	high pin count 9
2026-08-04T13:06:06.169Z	WARN	RSS 772MB pinned=9 pool=13
2026-08-04T13:06:06.174Z	WARN	high pin count 9
2026-08-04T13:06:36.170Z	WARN	RSS 785MB pinned=8 pool=14
2026-08-04T13:07:06.175Z	WARN	RSS 777MB pinned=9 pool=15
2026-08-04T13:07:06.176Z	WARN	high pin count 9
2026-08-04T13:07:36.176Z	WARN	RSS 772MB pinned=9 pool=15
2026-08-04T13:07:36.177Z	WARN	high pin count 9
2026-08-04T13:08:06.222Z	WARN	RSS 773MB pinned=9 pool=15
2026-08-04T13:08:06.266Z	WARN	high pin count 9
2026-08-04T13:08:36.219Z	WARN	RSS 773MB pinned=9 pool=16
2026-08-04T13:08:36.219Z	WARN	high pin count 9
2026-08-04T13:09:06.220Z	WARN	RSS 772MB pinned=9 pool=16
2026-08-04T13:09:06.227Z	WARN	high pin count 9
2026-08-04T13:09:36.229Z	WARN	RSS 772MB pinned=9 pool=16
2026-08-04T13:09:36.243Z	WARN	high pin count 9
2026-08-04T13:10:06.222Z	WARN	RSS 779MB pinned=7 pool=15
2026-08-04T13:10:36.222Z	WARN	RSS 776MB pinned=7 pool=15
2026-08-04T13:11:06.224Z	WARN	RSS 773MB pinned=7 pool=14
2026-08-04T13:11:36.228Z	WARN	RSS 774MB pinned=8 pool=14
2026-08-04T13:12:06.229Z	WARN	RSS 777MB pinned=7 pool=13
2026-08-04T13:12:36.230Z	WARN	RSS 771MB pinned=7 pool=13
2026-08-04T13:13:06.231Z	WARN	RSS 771MB pinned=7 pool=12
2026-08-04T13:13:36.232Z	WARN	RSS 774MB pinned=6 pool=13
2026-08-04T13:14:06.237Z	WARN	RSS 775MB pinned=7 pool=12
2026-08-04T13:14:36.238Z	WARN	RSS 771MB pinned=7 pool=12
2026-08-04T13:15:06.348Z	WARN	RSS 771MB pinned=8 pool=12
2026-08-04T13:15:36.256Z	WARN	RSS 771MB pinned=8 pool=12
2026-08-04T13:16:06.261Z	WARN	RSS 771MB pinned=8 pool=12
2026-08-04T13:16:36.258Z	WARN	RSS 772MB pinned=8 pool=12
2026-08-04T13:17:06.321Z	WARN	RSS 775MB pinned=8 pool=12
2026-08-04T13:17:36.289Z	WARN	RSS 778MB pinned=8 pool=13
2026-08-04T13:18:06.290Z	WARN	RSS 778MB pinned=8 pool=13
2026-08-04T13:18:36.293Z	WARN	RSS 779MB pinned=8 pool=13
2026-08-04T13:19:06.297Z	WARN	RSS 772MB pinned=8 pool=12
2026-08-04T13:19:36.297Z	WARN	RSS 772MB pinned=8 pool=13
2026-08-04T13:20:06.331Z	WARN	RSS 773MB pinned=7 pool=13
2026-08-04T13:20:36.330Z	WARN	RSS 773MB pinned=7 pool=13
2026-08-04T13:21:06.329Z	WARN	RSS 773MB pinned=7 pool=13
2026-08-04T13:21:36.333Z	WARN	RSS 774MB pinned=8 pool=13
2026-08-04T13:22:06.331Z	WARN	RSS 775MB pinned=8 pool=13
2026-08-04T13:22:36.332Z	WARN	RSS 772MB pinned=9 pool=13
2026-08-04T13:22:36.333Z	WARN	high pin count 9
2026-08-04T13:23:06.333Z	WARN	RSS 776MB pinned=9 pool=13
2026-08-04T13:23:06.334Z	WARN	high pin count 9
2026-08-04T13:23:36.333Z	WARN	RSS 772MB pinned=9 pool=14
2026-08-04T13:23:36.335Z	WARN	high pin count 9
2026-08-04T13:24:06.362Z	WARN	RSS 773MB pinned=9 pool=15
2026-08-04T13:24:06.363Z	WARN	high pin count 9
2026-08-04T13:24:36.354Z	WARN	RSS 772MB pinned=8 pool=15
2026-08-04T13:25:06.366Z	WARN	RSS 772MB pinned=8 pool=15
2026-08-04T13:25:36.377Z	WARN	RSS 771MB pinned=8 pool=15
2026-08-04T13:26:06.377Z	WARN	RSS 772MB pinned=8 pool=15
2026-08-04T13:26:36.377Z	WARN	RSS 776MB pinned=7 pool=15
2026-08-04T13:27:06.382Z	WARN	RSS 773MB pinned=8 pool=13
2026-08-04T13:27:36.380Z	WARN	RSS 778MB pinned=8 pool=13
2026-08-04T13:28:06.378Z	WARN	RSS 779MB pinned=8 pool=13
2026-08-04T13:28:36.380Z	WARN	RSS 775MB pinned=8 pool=13
2026-08-04T13:29:06.378Z	WARN	RSS 776MB pinned=9 pool=15
2026-08-04T13:29:06.379Z	WARN	high pin count 9
2026-08-04T13:29:36.380Z	WARN	RSS 778MB pinned=9 pool=16
2026-08-04T13:29:36.380Z	WARN	high pin count 9
2026-08-04T13:30:06.388Z	WARN	RSS 772MB pinned=9 pool=15
2026-08-04T13:30:06.393Z	WARN	high pin count 9
2026-08-04T13:30:36.411Z	WARN	RSS 773MB pinned=10 pool=16
2026-08-04T13:30:36.412Z	WARN	high pin count 10
2026-08-04T13:31:06.396Z	WARN	RSS 778MB pinned=10 pool=16
2026-08-04T13:31:06.417Z	WARN	high pin count 10
2026-08-04T13:31:36.397Z	WARN	RSS 774MB pinned=10 pool=16
2026-08-04T13:31:36.405Z	WARN	high pin count 10
2026-08-04T13:32:06.404Z	WARN	RSS 772MB pinned=10 pool=15
2026-08-04T13:32:06.405Z	WARN	high pin count 10
2026-08-04T13:32:36.405Z	WARN	RSS 775MB pinned=10 pool=15
2026-08-04T13:32:36.416Z	WARN	high pin count 10
2026-08-04T13:33:06.405Z	WARN	RSS 771MB pinned=10 pool=14
2026-08-04T13:33:06.406Z	WARN	high pin count 10
2026-08-04T13:33:36.407Z	WARN	RSS 772MB pinned=11 pool=15
2026-08-04T13:33:36.407Z	WARN	high pin count 11
2026-08-04T13:34:06.412Z	WARN	RSS 774MB pinned=9 pool=16
2026-08-04T13:34:06.418Z	WARN	high pin count 9
2026-08-04T13:34:36.407Z	WARN	RSS 777MB pinned=9 pool=18
2026-08-04T13:34:36.408Z	WARN	high pin count 9
2026-08-04T13:35:06.431Z	WARN	RSS 774MB pinned=9 pool=18
2026-08-04T13:35:06.432Z	WARN	high pin count 9
2026-08-04T13:35:36.429Z	WARN	RSS 773MB pinned=7 pool=18
2026-08-04T13:36:06.450Z	WARN	RSS 777MB pinned=8 pool=18
2026-08-04T13:36:36.458Z	WARN	RSS 781MB pinned=9 pool=18
2026-08-04T13:36:36.459Z	WARN	high pin count 9
2026-08-04T13:37:06.459Z	WARN	RSS 777MB pinned=10 pool=16
2026-08-04T13:37:06.459Z	WARN	high pin count 10
2026-08-04T13:37:36.459Z	WARN	RSS 783MB pinned=10 pool=16
2026-08-04T13:37:36.460Z	WARN	high pin count 10
2026-08-04T13:38:06.462Z	WARN	RSS 780MB pinned=10 pool=14
2026-08-04T13:38:06.463Z	WARN	high pin count 10
2026-08-04T13:38:36.463Z	WARN	RSS 782MB pinned=9 pool=14
2026-08-04T13:38:36.464Z	WARN	high pin count 9
2026-08-04T13:39:06.464Z	WARN	RSS 774MB pinned=9 pool=12
2026-08-04T13:39:06.465Z	WARN	high pin count 9
2026-08-04T13:39:36.464Z	WARN	RSS 777MB pinned=10 pool=14
2026-08-04T13:39:36.465Z	WARN	high pin count 10
2026-08-04T13:40:06.465Z	WARN	RSS 781MB pinned=10 pool=13
2026-08-04T13:40:06.465Z	WARN	high pin count 10
2026-08-04T13:40:36.467Z	WARN	RSS 774MB pinned=10 pool=13
2026-08-04T13:40:36.468Z	WARN	high pin count 10
2026-08-04T13:41:06.526Z	WARN	RSS 787MB pinned=9 pool=13
2026-08-04T13:41:06.527Z	WARN	high pin count 9
2026-08-04T13:41:36.545Z	WARN	RSS 775MB pinned=8 pool=14
2026-08-04T13:42:06.547Z	WARN	RSS 774MB pinned=7 pool=15
2026-08-04T13:42:36.547Z	WARN	RSS 774MB pinned=7 pool=15
2026-08-04T13:43:06.548Z	WARN	RSS 775MB pinned=8 pool=15
2026-08-04T13:43:36.549Z	WARN	RSS 775MB pinned=9 pool=15
2026-08-04T13:43:36.549Z	WARN	high pin count 9
2026-08-04T13:44:06.550Z	WARN	RSS 779MB pinned=8 pool=15
2026-08-04T13:44:36.551Z	WARN	RSS 775MB pinned=10 pool=15
2026-08-04T13:44:36.552Z	WARN	high pin count 10
2026-08-04T13:45:06.556Z	WARN	RSS 779MB pinned=9 pool=14
2026-08-04T13:45:06.559Z	WARN	high pin count 9
2026-08-04T13:45:36.560Z	WARN	RSS 775MB pinned=10 pool=14
2026-08-04T13:45:36.573Z	WARN	high pin count 10
2026-08-04T13:46:06.560Z	WARN	RSS 770MB pinned=10 pool=14
2026-08-04T13:46:06.564Z	WARN	high pin count 10
2026-08-04T13:46:36.559Z	WARN	RSS 770MB pinned=10 pool=14
2026-08-04T13:46:36.559Z	WARN	high pin count 10
2026-08-04T13:47:06.560Z	WARN	RSS 775MB pinned=11 pool=13
2026-08-04T13:47:06.560Z	WARN	high pin count 11
2026-08-04T13:47:36.562Z	WARN	RSS 774MB pinned=11 pool=13
2026-08-04T13:47:36.562Z	WARN	high pin count 11
2026-08-04T13:48:06.561Z	WARN	RSS 772MB pinned=9 pool=12
2026-08-04T13:48:06.561Z	WARN	high pin count 9
2026-08-04T13:48:36.562Z	WARN	RSS 778MB pinned=8 pool=12
2026-08-04T13:49:06.570Z	WARN	RSS 774MB pinned=9 pool=12
2026-08-04T13:49:06.571Z	WARN	high pin count 9
2026-08-04T13:49:36.563Z	WARN	RSS 774MB pinned=8 pool=12
2026-08-04T13:50:06.564Z	WARN	RSS 775MB pinned=7 pool=12
2026-08-04T13:50:36.563Z	WARN	RSS 770MB pinned=7 pool=12
2026-08-04T13:51:06.565Z	WARN	RSS 771MB pinned=8 pool=13
2026-08-04T13:51:36.565Z	WARN	RSS 770MB pinned=8 pool=13
2026-08-04T13:52:06.566Z	WARN	RSS 770MB pinned=8 pool=14
2026-08-04T13:52:36.567Z	WARN	RSS 770MB pinned=8 pool=14
2026-08-04T13:53:06.568Z	WARN	RSS 771MB pinned=9 pool=14
2026-08-04T13:53:06.570Z	WARN	high pin count 9
2026-08-04T13:53:36.568Z	WARN	RSS 770MB pinned=9 pool=14
2026-08-04T13:53:36.568Z	WARN	high pin count 9
2026-08-04T13:54:06.571Z	WARN	RSS 770MB pinned=9 pool=13
2026-08-04T13:54:06.571Z	WARN	high pin count 9
2026-08-04T13:54:36.572Z	WARN	RSS 774MB pinned=9 pool=13
2026-08-04T13:54:36.573Z	WARN	high pin count 9
2026-08-04T13:55:06.573Z	WARN	RSS 775MB pinned=8 pool=13
2026-08-04T13:55:36.576Z	WARN	RSS 770MB pinned=10 pool=14
2026-08-04T13:55:36.576Z	WARN	high pin count 10
2026-08-04T13:56:06.576Z	WARN	RSS 770MB pinned=10 pool=13
2026-08-04T13:56:06.576Z	WARN	high pin count 10
2026-08-04T13:56:36.577Z	WARN	RSS 772MB pinned=9 pool=14
2026-08-04T13:56:36.578Z	WARN	high pin count 9
2026-08-04T13:57:06.579Z	WARN	RSS 773MB pinned=8 pool=13
2026-08-04T13:57:36.579Z	WARN	RSS 773MB pinned=8 pool=13
2026-08-04T13:58:06.580Z	WARN	RSS 771MB pinned=9 pool=13
2026-08-04T13:58:06.580Z	WARN	high pin count 9
2026-08-04T13:58:36.582Z	WARN	RSS 771MB pinned=8 pool=13
2026-08-04T13:59:06.606Z	WARN	RSS 770MB pinned=7 pool=13
2026-08-04T13:59:36.610Z	WARN	RSS 771MB pinned=7 pool=13
2026-08-04T14:00:06.667Z	WARN	RSS 771MB pinned=8 pool=13
2026-08-04T14:00:36.672Z	WARN	RSS 770MB pinned=8 pool=13
2026-08-04T14:01:06.672Z	WARN	RSS 770MB pinned=8 pool=13
2026-08-04T14:01:36.673Z	WARN	RSS 770MB pinned=8 pool=13
2026-08-04T14:02:06.673Z	WARN	RSS 773MB pinned=7 pool=12
2026-08-04T14:02:36.674Z	WARN	RSS 771MB pinned=8 pool=12
2026-08-04T14:03:06.675Z	WARN	RSS 774MB pinned=7 pool=11
2026-08-04T14:03:36.677Z	WARN	RSS 770MB pinned=7 pool=11
2026-08-04T14:04:06.678Z	WARN	RSS 773MB pinned=7 pool=12
2026-08-04T14:04:36.678Z	WARN	RSS 773MB pinned=6 pool=12
2026-08-04T14:05:06.678Z	WARN	RSS 773MB pinned=8 pool=10
2026-08-04T14:05:36.678Z	WARN	RSS 773MB pinned=7 pool=10
2026-08-04T14:06:06.677Z	WARN	RSS 773MB pinned=7 pool=11
2026-08-04T14:06:36.678Z	WARN	RSS 774MB pinned=7 pool=11
2026-08-04T14:07:06.678Z	WARN	RSS 772MB pinned=7 pool=11
2026-08-04T14:07:36.679Z	WARN	RSS 778MB pinned=7 pool=11
2026-08-04T14:08:06.683Z	WARN	RSS 774MB pinned=7 pool=11
2026-08-04T14:08:36.684Z	WARN	RSS 778MB pinned=7 pool=11
2026-08-04T14:09:06.689Z	WARN	RSS 776MB pinned=7 pool=9
2026-08-04T14:09:36.690Z	WARN	RSS 776MB pinned=7 pool=9
2026-08-04T14:10:06.692Z	WARN	RSS 777MB pinned=7 pool=8
2026-08-04T14:10:36.692Z	WARN	RSS 772MB pinned=7 pool=8
2026-08-04T14:11:06.693Z	WARN	RSS 773MB pinned=7 pool=8
2026-08-04T14:11:36.695Z	WARN	RSS 772MB pinned=7 pool=8
2026-08-04T14:12:06.694Z	WARN	RSS 773MB pinned=8 pool=9
2026-08-04T14:12:36.694Z	WARN	RSS 773MB pinned=8 pool=11
2026-08-04T14:13:06.696Z	WARN	RSS 773MB pinned=7 pool=11
2026-08-04T14:13:36.699Z	WARN	RSS 773MB pinned=7 pool=11
2026-08-04T14:14:06.703Z	WARN	RSS 780MB pinned=7 pool=12
2026-08-04T14:14:36.701Z	WARN	RSS 777MB pinned=9 pool=12
2026-08-04T14:14:36.702Z	WARN	high pin count 9
2026-08-04T14:15:06.725Z	WARN	RSS 779MB pinned=8 pool=12
2026-08-04T14:15:36.702Z	WARN	RSS 773MB pinned=7 pool=12
2026-08-04T14:16:06.702Z	WARN	RSS 773MB pinned=7 pool=11
2026-08-04T14:16:36.703Z	WARN	RSS 773MB pinned=8 pool=12
2026-08-04T14:17:06.791Z	WARN	RSS 773MB pinned=9 pool=12
2026-08-04T14:17:06.852Z	WARN	high pin count 9
2026-08-04T14:17:36.735Z	WARN	RSS 773MB pinned=9 pool=12
2026-08-04T14:17:36.736Z	WARN	high pin count 9
2026-08-04T14:18:06.737Z	WARN	RSS 774MB pinned=9 pool=12
2026-08-04T14:18:06.739Z	WARN	high pin count 9
2026-08-04T14:18:36.737Z	WARN	RSS 776MB pinned=9 pool=12
2026-08-04T14:18:36.737Z	WARN	high pin count 9
2026-08-04T14:19:06.738Z	WARN	RSS 774MB pinned=7 pool=12
2026-08-04T14:19:36.737Z	WARN	RSS 777MB pinned=6 pool=12
2026-08-04T14:20:06.785Z	WARN	RSS 777MB pinned=6 pool=12
2026-08-04T14:20:36.784Z	WARN	RSS 777MB pinned=6 pool=12
2026-08-04T14:21:06.786Z	WARN	RSS 774MB pinned=7 pool=11
2026-08-04T14:21:36.786Z	WARN	RSS 773MB pinned=7 pool=11
2026-08-04T14:22:06.787Z	WARN	RSS 774MB pinned=6 pool=10
2026-08-04T14:22:36.786Z	WARN	RSS 776MB pinned=7 pool=10
2026-08-04T14:23:06.790Z	WARN	RSS 777MB pinned=7 pool=9
2026-08-04T14:23:36.790Z	WARN	RSS 777MB pinned=6 pool=9
2026-08-04T14:24:06.791Z	WARN	RSS 774MB pinned=6 pool=9
2026-08-04T14:24:36.793Z	WARN	RSS 778MB pinned=6 pool=9
2026-08-04T14:25:06.795Z	WARN	RSS 774MB pinned=6 pool=9
2026-08-04T14:25:36.797Z	WARN	RSS 774MB pinned=7 pool=10
2026-08-04T14:26:06.796Z	WARN	RSS 774MB pinned=7 pool=10
2026-08-04T14:26:36.806Z	WARN	RSS 774MB pinned=7 pool=10
2026-08-04T14:27:06.801Z	WARN	RSS 774MB pinned=7 pool=9
2026-08-04T14:27:36.802Z	WARN	RSS 774MB pinned=7 pool=9
2026-08-04T14:28:06.802Z	WARN	RSS 775MB pinned=8 pool=10
2026-08-04T14:28:36.803Z	WARN	RSS 775MB pinned=8 pool=10
2026-08-04T14:29:06.804Z	WARN	RSS 775MB pinned=8 pool=10
2026-08-04T14:29:36.805Z	WARN	RSS 779MB pinned=8 pool=10
2026-08-04T14:30:06.931Z	WARN	RSS 778MB pinned=7 pool=9
2026-08-04T14:30:36.927Z	WARN	RSS 775MB pinned=8 pool=12
2026-08-04T14:31:06.927Z	WARN	RSS 775MB pinned=9 pool=12
2026-08-04T14:31:06.928Z	WARN	high pin count 9
2026-08-04T14:31:36.927Z	WARN	RSS 774MB pinned=9 pool=12
2026-08-04T14:31:36.928Z	WARN	high pin count 9
2026-08-04T14:32:06.927Z	WARN	RSS 780MB pinned=8 pool=12
2026-08-04T14:32:36.928Z	WARN	RSS 775MB pinned=8 pool=12
2026-08-04T14:33:06.933Z	WARN	RSS 775MB pinned=10 pool=13
2026-08-04T14:33:06.934Z	WARN	high pin count 10
2026-08-04T14:33:36.933Z	WARN	RSS 775MB pinned=9 pool=13
2026-08-04T14:33:36.935Z	WARN	high pin count 9
2026-08-04T14:34:06.960Z	WARN	RSS 781MB pinned=8 pool=13
2026-08-04T14:34:36.963Z	WARN	RSS 781MB pinned=8 pool=13
2026-08-04T14:35:06.963Z	WARN	RSS 785MB pinned=9 pool=13
2026-08-04T14:35:06.964Z	WARN	high pin count 9
2026-08-04T14:35:36.966Z	WARN	RSS 783MB pinned=9 pool=13
2026-08-04T14:35:36.966Z	WARN	high pin count 9
2026-08-04T14:36:06.966Z	WARN	RSS 780MB pinned=8 pool=13
2026-08-04T14:36:36.967Z	WARN	RSS 780MB pinned=9 pool=14
2026-08-04T14:36:36.967Z	WARN	high pin count 9
2026-08-04T14:37:06.968Z	WARN	RSS 780MB pinned=10 pool=13
2026-08-04T14:37:06.969Z	WARN	high pin count 10
2026-08-04T14:37:36.968Z	WARN	RSS 786MB pinned=9 pool=13
2026-08-04T14:37:36.969Z	WARN	high pin count 9
2026-08-04T14:38:06.969Z	WARN	RSS 788MB pinned=9 pool=13
2026-08-04T14:38:06.970Z	WARN	high pin count 9
2026-08-04T14:38:36.971Z	WARN	RSS 785MB pinned=8 pool=13
2026-08-04T14:39:07.012Z	WARN	RSS 781MB pinned=8 pool=13
2026-08-04T14:39:37.010Z	WARN	RSS 784MB pinned=9 pool=14
2026-08-04T14:39:37.010Z	WARN	high pin count 9
2026-08-04T14:40:07.022Z	WARN	RSS 784MB pinned=10 pool=13
2026-08-04T14:40:07.022Z	WARN	high pin count 10
2026-08-04T14:40:37.022Z	WARN	RSS 784MB pinned=9 pool=13
2026-08-04T14:40:37.023Z	WARN	high pin count 9
2026-08-04T14:41:07.023Z	WARN	RSS 781MB pinned=9 pool=11
2026-08-04T14:41:07.026Z	WARN	high pin count 9
2026-08-04T14:41:37.024Z	WARN	RSS 784MB pinned=9 pool=13
2026-08-04T14:41:37.024Z	WARN	high pin count 9
2026-08-04T14:42:07.024Z	WARN	RSS 781MB pinned=9 pool=13
2026-08-04T14:42:07.026Z	WARN	high pin count 9
2026-08-04T14:42:37.024Z	WARN	RSS 784MB pinned=11 pool=13
2026-08-04T14:42:37.025Z	WARN	high pin count 11
2026-08-04T14:43:07.030Z	WARN	RSS 782MB pinned=10 pool=13
2026-08-04T14:43:07.041Z	WARN	high pin count 10
2026-08-04T14:43:37.031Z	WARN	RSS 785MB pinned=9 pool=13
2026-08-04T14:43:37.031Z	WARN	high pin count 9
2026-08-04T14:44:07.030Z	WARN	RSS 782MB pinned=11 pool=13
2026-08-04T14:44:07.031Z	WARN	high pin count 11
2026-08-04T14:44:37.033Z	WARN	RSS 782MB pinned=10 pool=14
2026-08-04T14:44:37.034Z	WARN	high pin count 10
2026-08-04T14:45:07.033Z	WARN	RSS 783MB pinned=10 pool=13
2026-08-04T14:45:07.074Z	WARN	high pin count 10
2026-08-04T14:45:37.033Z	WARN	RSS 786MB pinned=10 pool=13
2026-08-04T14:45:37.033Z	WARN	high pin count 10
2026-08-04T14:46:07.032Z	WARN	RSS 785MB pinned=9 pool=13
2026-08-04T14:46:07.034Z	WARN	high pin count 9
2026-08-04T14:46:37.033Z	WARN	RSS 789MB pinned=10 pool=14
2026-08-04T14:46:37.034Z	WARN	high pin count 10
2026-08-04T14:47:07.035Z	WARN	RSS 786MB pinned=11 pool=14
2026-08-04T14:47:07.035Z	WARN	high pin count 11
2026-08-04T14:47:37.034Z	WARN	RSS 784MB pinned=10 pool=14
2026-08-04T14:47:37.036Z	WARN	high pin count 10
2026-08-04T14:48:07.046Z	WARN	RSS 783MB pinned=10 pool=13
2026-08-04T14:48:07.046Z	WARN	high pin count 10
2026-08-04T14:48:37.042Z	WARN	RSS 785MB pinned=10 pool=14
2026-08-04T14:48:37.043Z	WARN	high pin count 10
2026-08-04T14:49:07.042Z	WARN	RSS 782MB pinned=10 pool=14
2026-08-04T14:49:07.043Z	WARN	high pin count 10
2026-08-04T14:49:37.044Z	WARN	RSS 785MB pinned=11 pool=14
2026-08-04T14:49:37.045Z	WARN	high pin count 11
2026-08-04T14:50:07.046Z	WARN	RSS 782MB pinned=9 pool=13
2026-08-04T14:50:07.046Z	WARN	high pin count 9
2026-08-04T14:50:37.046Z	WARN	RSS 786MB pinned=8 pool=13
2026-08-04T14:51:07.053Z	WARN	RSS 785MB pinned=10 pool=12
2026-08-04T14:51:07.055Z	WARN	high pin count 10
2026-08-04T14:51:37.053Z	WARN	RSS 791MB pinned=10 pool=12
2026-08-04T14:51:37.053Z	WARN	high pin count 10
2026-08-04T14:52:07.053Z	WARN	RSS 788MB pinned=7 pool=14
2026-08-04T14:52:37.053Z	WARN	RSS 785MB pinned=9 pool=14
2026-08-04T14:52:37.053Z	WARN	high pin count 9
2026-08-04T14:53:07.053Z	WARN	RSS 785MB pinned=10 pool=14
2026-08-04T14:53:07.055Z	WARN	high pin count 10
2026-08-04T14:53:37.054Z	WARN	RSS 785MB pinned=10 pool=14
2026-08-04T14:53:37.055Z	WARN	high pin count 10
2026-08-04T14:54:07.054Z	WARN	RSS 786MB pinned=11 pool=12
2026-08-04T14:54:07.054Z	WARN	high pin count 11
2026-08-04T14:54:37.054Z	WARN	RSS 782MB pinned=11 pool=12
2026-08-04T14:54:37.055Z	WARN	high pin count 11
2026-08-04T14:55:07.054Z	WARN	RSS 782MB pinned=9 pool=13
2026-08-04T14:55:07.054Z	WARN	high pin count 9
2026-08-04T14:55:37.055Z	WARN	RSS 785MB pinned=8 pool=13
2026-08-04T14:56:07.054Z	WARN	RSS 782MB pinned=10 pool=13
2026-08-04T14:56:07.055Z	WARN	high pin count 10
2026-08-04T14:56:37.055Z	WARN	RSS 783MB pinned=10 pool=13
2026-08-04T14:56:37.056Z	WARN	high pin count 10
2026-08-04T14:57:07.055Z	WARN	RSS 783MB pinned=8 pool=13
2026-08-04T14:57:37.056Z	WARN	RSS 782MB pinned=10 pool=13
2026-08-04T14:57:37.056Z	WARN	high pin count 10
2026-08-04T14:58:07.109Z	WARN	RSS 783MB pinned=8 pool=13
2026-08-04T14:58:37.088Z	WARN	RSS 783MB pinned=6 pool=13
2026-08-04T14:59:07.089Z	WARN	RSS 783MB pinned=9 pool=14
2026-08-04T14:59:07.089Z	WARN	high pin count 9
2026-08-04T14:59:37.090Z	WARN	RSS 785MB pinned=10 pool=14
2026-08-04T14:59:37.090Z	WARN	high pin count 10
2026-08-04T15:00:07.123Z	WARN	RSS 782MB pinned=10 pool=12
2026-08-04T15:00:07.124Z	WARN	high pin count 10
2026-08-04T15:00:37.106Z	WARN	RSS 782MB pinned=11 pool=12
2026-08-04T15:00:37.106Z	WARN	high pin count 11
2026-08-04T15:01:07.105Z	WARN	RSS 782MB pinned=10 pool=11
2026-08-04T15:01:07.105Z	WARN	high pin count 10
2026-08-04T15:01:37.106Z	WARN	RSS 782MB pinned=10 pool=11
2026-08-04T15:01:37.107Z	WARN	high pin count 10
2026-08-04T15:02:07.107Z	WARN	RSS 782MB pinned=11 pool=11
2026-08-04T15:02:07.108Z	WARN	high pin count 11
2026-08-04T15:02:37.108Z	WARN	RSS 786MB pinned=11 pool=12
2026-08-04T15:02:37.108Z	WARN	high pin count 11
2026-08-04T15:03:07.108Z	WARN	RSS 785MB pinned=11 pool=12
2026-08-04T15:03:07.109Z	WARN	high pin count 11
2026-08-04T15:03:37.108Z	WARN	RSS 782MB pinned=11 pool=12
2026-08-04T15:03:37.109Z	WARN	high pin count 11
2026-08-04T15:04:07.113Z	WARN	RSS 783MB pinned=8 pool=12
2026-08-04T15:04:37.111Z	WARN	RSS 791MB pinned=9 pool=12
2026-08-04T15:04:37.111Z	WARN	high pin count 9
2026-08-04T15:05:07.112Z	WARN	RSS 783MB pinned=9 pool=12
2026-08-04T15:05:07.113Z	WARN	high pin count 9
2026-08-04T15:05:37.114Z	WARN	RSS 792MB pinned=8 pool=12
2026-08-04T15:06:07.139Z	WARN	RSS 785MB pinned=9 pool=12
2026-08-04T15:06:07.163Z	WARN	high pin count 9
2026-08-04T15:06:37.143Z	WARN	RSS 788MB pinned=9 pool=13
2026-08-04T15:06:37.144Z	WARN	high pin count 9
2026-08-04T15:07:07.143Z	WARN	RSS 785MB pinned=9 pool=12
2026-08-04T15:07:07.143Z	WARN	high pin count 9
2026-08-04T15:07:37.142Z	WARN	RSS 784MB pinned=9 pool=12
2026-08-04T15:07:37.143Z	WARN	high pin count 9
2026-08-04T15:08:07.167Z	WARN	RSS 784MB pinned=8 pool=12
2026-08-04T15:08:37.168Z	WARN	RSS 783MB pinned=8 pool=12
2026-08-04T15:09:07.169Z	WARN	RSS 782MB pinned=9 pool=12
2026-08-04T15:09:07.172Z	WARN	high pin count 9
2026-08-04T15:09:37.170Z	WARN	RSS 785MB pinned=9 pool=12
2026-08-04T15:09:37.171Z	WARN	high pin count 9
2026-08-04T15:10:07.209Z	WARN	RSS 782MB pinned=8 pool=11
2026-08-04T15:10:37.214Z	WARN	RSS 782MB pinned=8 pool=11
2026-08-04T15:11:07.216Z	WARN	RSS 782MB pinned=10 pool=11
2026-08-04T15:11:07.233Z	WARN	high pin count 10
2026-08-04T15:11:37.224Z	WARN	RSS 788MB pinned=11 pool=12
2026-08-04T15:11:37.226Z	WARN	high pin count 11
2026-08-04T15:12:07.225Z	WARN	RSS 786MB pinned=10 pool=13
2026-08-04T15:12:07.226Z	WARN	high pin count 10
2026-08-04T15:12:37.226Z	WARN	RSS 785MB pinned=10 pool=13
2026-08-04T15:12:37.226Z	WARN	high pin count 10
2026-08-04T15:13:07.240Z	WARN	RSS 782MB pinned=10 pool=13
2026-08-04T15:13:07.241Z	WARN	high pin count 10
2026-08-04T15:13:37.241Z	WARN	RSS 783MB pinned=8 pool=13
2026-08-04T15:14:07.252Z	WARN	RSS 787MB pinned=9 pool=12
2026-08-04T15:14:07.252Z	WARN	high pin count 9
2026-08-04T15:14:37.252Z	WARN	RSS 783MB pinned=9 pool=12
2026-08-04T15:14:37.253Z	WARN	high pin count 9
2026-08-04T15:15:07.254Z	WARN	RSS 783MB pinned=8 pool=12
2026-08-04T15:15:37.263Z	WARN	RSS 783MB pinned=9 pool=13
2026-08-04T15:15:37.265Z	WARN	high pin count 9
2026-08-04T15:16:07.263Z	WARN	RSS 783MB pinned=9 pool=11
2026-08-04T15:16:07.267Z	WARN	high pin count 9
2026-08-04T15:16:37.264Z	WARN	RSS 784MB pinned=8 pool=12
2026-08-04T15:17:07.268Z	WARN	RSS 786MB pinned=9 pool=11
2026-08-04T15:17:07.272Z	WARN	high pin count 9
2026-08-04T15:17:37.266Z	WARN	RSS 783MB pinned=9 pool=11
2026-08-04T15:17:37.266Z	WARN	high pin count 9
2026-08-04T15:18:07.267Z	WARN	RSS 784MB pinned=8 pool=12
2026-08-04T15:18:37.266Z	WARN	RSS 784MB pinned=9 pool=12
2026-08-04T15:18:37.267Z	WARN	high pin count 9
2026-08-04T15:19:07.267Z	WARN	RSS 783MB pinned=8 pool=11
2026-08-04T15:19:37.274Z	WARN	RSS 789MB pinned=7 pool=11
2026-08-04T15:20:07.275Z	WARN	RSS 783MB pinned=7 pool=11
2026-08-04T15:20:37.274Z	WARN	RSS 786MB pinned=6 pool=11
2026-08-04T15:21:07.274Z	WARN	RSS 785MB pinned=6 pool=10
2026-08-04T15:21:37.275Z	WARN	RSS 785MB pinned=6 pool=10
2026-08-04T15:22:07.276Z	WARN	RSS 782MB pinned=7 pool=10
2026-08-04T15:22:37.277Z	WARN	RSS 782MB pinned=7 pool=10
2026-08-04T15:23:07.279Z	WARN	RSS 791MB pinned=7 pool=10
2026-08-04T15:23:37.279Z	WARN	RSS 782MB pinned=7 pool=10
2026-08-04T15:24:07.280Z	WARN	RSS 782MB pinned=7 pool=10
2026-08-04T15:24:37.280Z	WARN	RSS 782MB pinned=7 pool=10
2026-08-04T15:25:07.281Z	WARN	RSS 786MB pinned=7 pool=10
2026-08-04T15:25:37.281Z	WARN	RSS 782MB pinned=7 pool=10
2026-08-04T15:26:07.316Z	WARN	RSS 782MB pinned=7 pool=10
2026-08-04T15:26:37.315Z	WARN	RSS 785MB pinned=6 pool=10
2026-08-04T15:27:07.316Z	WARN	RSS 785MB pinned=6 pool=10
2026-08-04T15:27:37.316Z	WARN	RSS 782MB pinned=6 pool=10
2026-08-04T15:28:07.318Z	WARN	RSS 783MB pinned=6 pool=10
2026-08-04T15:28:37.319Z	WARN	RSS 783MB pinned=6 pool=10
2026-08-04T15:29:07.318Z	WARN	RSS 786MB pinned=6 pool=9
2026-08-04T15:29:37.320Z	WARN	RSS 782MB pinned=6 pool=9
2026-08-04T15:30:07.326Z	WARN	RSS 788MB pinned=6 pool=9
2026-08-04T15:30:37.327Z	WARN	RSS 782MB pinned=7 pool=10
2026-08-04T15:31:07.328Z	WARN	RSS 782MB pinned=7 pool=9
2026-08-04T15:31:37.329Z	WARN	RSS 785MB pinned=7 pool=10
2026-08-04T15:32:07.328Z	WARN	RSS 788MB pinned=7 pool=10
2026-08-04T15:32:37.329Z	WARN	RSS 782MB pinned=7 pool=10
2026-08-04T15:33:07.330Z	WARN	RSS 782MB pinned=7 pool=9
2026-08-04T15:33:37.330Z	WARN	RSS 785MB pinned=7 pool=9
2026-08-04T15:34:07.330Z	WARN	RSS 786MB pinned=7 pool=9
2026-08-04T15:34:37.330Z	WARN	RSS 782MB pinned=7 pool=9
2026-08-04T15:35:07.348Z	WARN	RSS 786MB pinned=7 pool=9
2026-08-04T15:35:37.348Z	WARN	RSS 782MB pinned=7 pool=9
2026-08-04T15:36:07.348Z	WARN	RSS 785MB pinned=7 pool=9
2026-08-04T15:36:37.348Z	WARN	RSS 783MB pinned=7 pool=9
2026-08-04T15:37:07.349Z	WARN	RSS 792MB pinned=7 pool=9
2026-08-04T15:37:37.349Z	WARN	RSS 782MB pinned=7 pool=9
2026-08-04T15:38:07.356Z	WARN	RSS 783MB pinned=7 pool=9
2026-08-04T15:38:37.357Z	WARN	RSS 784MB pinned=7 pool=9
2026-08-04T15:39:07.357Z	WARN	RSS 785MB pinned=7 pool=9
2026-08-04T15:39:37.358Z	WARN	RSS 783MB pinned=7 pool=9
2026-08-04T15:40:07.358Z	WARN	RSS 786MB pinned=7 pool=10
2026-08-04T15:40:37.358Z	WARN	RSS 783MB pinned=7 pool=10
2026-08-04T15:41:07.358Z	WARN	RSS 783MB pinned=7 pool=10
2026-08-04T15:41:37.358Z	WARN	RSS 782MB pinned=7 pool=10
2026-08-04T15:42:07.357Z	WARN	RSS 782MB pinned=7 pool=10
2026-08-04T15:42:37.358Z	WARN	RSS 782MB pinned=7 pool=10
2026-08-04T15:43:07.358Z	WARN	RSS 783MB pinned=7 pool=9
2026-08-04T15:43:37.359Z	WARN	RSS 783MB pinned=7 pool=9
2026-08-04T15:44:07.359Z	WARN	RSS 783MB pinned=7 pool=9
2026-08-04T15:44:37.358Z	WARN	RSS 782MB pinned=7 pool=9
2026-08-04T15:45:07.359Z	WARN	RSS 782MB pinned=7 pool=9
2026-08-04T15:45:37.360Z	WARN	RSS 782MB pinned=7 pool=9
2026-08-04T15:46:07.360Z	WARN	RSS 782MB pinned=7 pool=9
2026-08-04T15:46:37.359Z	WARN	RSS 782MB pinned=7 pool=10
2026-08-04T15:47:07.362Z	WARN	RSS 785MB pinned=7 pool=9
2026-08-04T15:47:37.362Z	WARN	RSS 782MB pinned=6 pool=9
2026-08-04T15:48:07.363Z	WARN	RSS 783MB pinned=7 pool=9
2026-08-04T15:48:37.364Z	WARN	RSS 783MB pinned=7 pool=9
2026-08-04T15:49:07.363Z	WARN	RSS 793MB pinned=7 pool=9
2026-08-04T15:49:37.363Z	WARN	RSS 788MB pinned=7 pool=9
2026-08-04T15:50:07.365Z	WARN	RSS 782MB pinned=7 pool=9
2026-08-04T15:50:37.365Z	WARN	RSS 784MB pinned=7 pool=9
2026-08-04T15:51:07.375Z	WARN	RSS 787MB pinned=6 pool=9
2026-08-04T15:51:37.366Z	WARN	RSS 782MB pinned=6 pool=9
2026-08-04T15:52:07.366Z	WARN	RSS 782MB pinned=6 pool=9
2026-08-04T15:52:37.366Z	WARN	RSS 783MB pinned=6 pool=9
2026-08-04T15:53:07.366Z	WARN	RSS 786MB pinned=6 pool=9
2026-08-04T15:53:37.370Z	WARN	RSS 784MB pinned=6 pool=9
2026-08-04T15:54:07.370Z	WARN	RSS 784MB pinned=6 pool=8
2026-08-04T15:54:37.372Z	WARN	RSS 789MB pinned=6 pool=8
2026-08-04T15:55:07.376Z	WARN	RSS 784MB pinned=6 pool=8
2026-08-04T15:55:37.373Z	WARN	RSS 784MB pinned=6 pool=8
2026-08-04T15:56:07.388Z	WARN	RSS 784MB pinned=6 pool=8
2026-08-04T15:56:37.388Z	WARN	RSS 784MB pinned=6 pool=8
2026-08-04T15:57:07.390Z	WARN	RSS 787MB pinned=6 pool=8
2026-08-04T15:57:37.389Z	WARN	RSS 783MB pinned=6 pool=9
2026-08-04T15:58:07.389Z	WARN	RSS 785MB pinned=6 pool=9
2026-08-04T15:58:37.389Z	WARN	RSS 785MB pinned=6 pool=9
2026-08-04T15:59:07.390Z	WARN	RSS 794MB pinned=6 pool=9
2026-08-04T15:59:37.391Z	WARN	RSS 787MB pinned=6 pool=9
2026-08-04T16:00:07.426Z	WARN	RSS 784MB pinned=6 pool=8
2026-08-04T16:00:37.427Z	WARN	RSS 784MB pinned=6 pool=8
2026-08-04T16:01:07.426Z	WARN	RSS 784MB pinned=6 pool=7
2026-08-04T16:01:37.425Z	WARN	RSS 784MB pinned=6 pool=7
2026-08-04T16:02:07.426Z	WARN	RSS 784MB pinned=6 pool=7
2026-08-04T16:02:37.426Z	WARN	RSS 784MB pinned=6 pool=7
2026-08-04T16:03:07.427Z	WARN	RSS 793MB pinned=6 pool=7
2026-08-04T16:03:37.427Z	WARN	RSS 787MB pinned=6 pool=7
2026-08-04T16:04:07.428Z	WARN	RSS 787MB pinned=6 pool=6
2026-08-04T16:04:37.427Z	WARN	RSS 783MB pinned=6 pool=6
2026-08-04T16:05:07.428Z	WARN	RSS 783MB pinned=7 pool=7
2026-08-04T16:05:37.429Z	WARN	RSS 787MB pinned=7 pool=8
2026-08-04T16:06:07.429Z	WARN	RSS 784MB pinned=6 pool=8
2026-08-04T16:06:37.429Z	WARN	RSS 787MB pinned=6 pool=8
2026-08-04T16:07:07.429Z	WARN	RSS 796MB pinned=6 pool=8
2026-08-04T16:07:37.431Z	WARN	RSS 784MB pinned=6 pool=8
2026-08-04T16:08:07.431Z	WARN	RSS 785MB pinned=6 pool=8
2026-08-04T16:08:37.432Z	WARN	RSS 787MB pinned=6 pool=8
2026-08-04T16:09:07.434Z	WARN	RSS 787MB pinned=6 pool=8
2026-08-04T16:09:37.435Z	WARN	RSS 784MB pinned=6 pool=8
2026-08-04T16:10:07.434Z	WARN	RSS 784MB pinned=7 pool=8
2026-08-04T16:10:37.435Z	WARN	RSS 787MB pinned=6 pool=8
2026-08-04T16:11:07.436Z	WARN	RSS 784MB pinned=6 pool=8
2026-08-04T16:11:37.439Z	WARN	RSS 784MB pinned=7 pool=8
2026-08-04T16:12:07.439Z	WARN	RSS 785MB pinned=6 pool=8
2026-08-04T16:12:37.440Z	WARN	RSS 784MB pinned=6 pool=8
2026-08-04T16:13:07.441Z	WARN	RSS 784MB pinned=6 pool=8
2026-08-04T16:13:37.443Z	WARN	RSS 784MB pinned=6 pool=8
2026-08-04T16:14:07.443Z	WARN	RSS 783MB pinned=6 pool=8
2026-08-04T16:14:37.444Z	WARN	RSS 786MB pinned=6 pool=8
2026-08-04T16:15:07.482Z	WARN	RSS 787MB pinned=6 pool=7
2026-08-04T16:15:37.469Z	WARN	RSS 783MB pinned=6 pool=7
2026-08-04T16:16:07.470Z	WARN	RSS 786MB pinned=6 pool=7
2026-08-04T16:16:37.470Z	WARN	RSS 783MB pinned=6 pool=7
2026-08-04T16:17:07.493Z	WARN	RSS 783MB pinned=6 pool=6
2026-08-04T16:17:37.474Z	WARN	RSS 786MB pinned=6 pool=6
2026-08-04T16:18:07.474Z	WARN	RSS 787MB pinned=6 pool=6
2026-08-04T16:18:37.476Z	WARN	RSS 787MB pinned=6 pool=6
2026-08-04T16:19:07.477Z	WARN	RSS 787MB pinned=6 pool=7
2026-08-04T16:19:37.477Z	WARN	RSS 783MB pinned=6 pool=7
2026-08-04T16:20:07.481Z	WARN	RSS 786MB pinned=7 pool=8
2026-08-04T16:20:37.479Z	WARN	RSS 786MB pinned=7 pool=8
2026-08-04T16:21:07.480Z	WARN	RSS 788MB pinned=7 pool=8
2026-08-04T16:21:37.481Z	WARN	RSS 782MB pinned=7 pool=8
2026-08-04T16:22:07.481Z	WARN	RSS 782MB pinned=7 pool=9
2026-08-04T16:22:37.482Z	WARN	RSS 782MB pinned=7 pool=9
2026-08-04T16:23:07.481Z	WARN	RSS 786MB pinned=8 pool=9
2026-08-04T16:23:37.482Z	WARN	RSS 783MB pinned=8 pool=9
2026-08-04T16:24:07.483Z	WARN	RSS 786MB pinned=8 pool=9
2026-08-04T16:24:37.485Z	WARN	RSS 783MB pinned=8 pool=10
2026-08-04T16:25:07.499Z	WARN	RSS 783MB pinned=8 pool=9
2026-08-04T16:25:37.490Z	WARN	RSS 788MB pinned=8 pool=9
2026-08-04T16:26:07.492Z	WARN	RSS 786MB pinned=9 pool=10
2026-08-04T16:26:07.493Z	WARN	high pin count 9
2026-08-04T16:26:37.492Z	WARN	RSS 783MB pinned=8 pool=10
2026-08-04T16:27:07.492Z	WARN	RSS 783MB pinned=9 pool=10
2026-08-04T16:27:07.492Z	WARN	high pin count 9
2026-08-04T16:27:37.492Z	WARN	RSS 783MB pinned=9 pool=12
2026-08-04T16:27:37.493Z	WARN	high pin count 9
2026-08-04T16:28:07.493Z	WARN	RSS 784MB pinned=8 pool=12
2026-08-04T16:28:37.493Z	WARN	RSS 786MB pinned=8 pool=12
2026-08-04T16:29:07.507Z	WARN	RSS 783MB pinned=8 pool=12
2026-08-04T16:29:37.510Z	WARN	RSS 783MB pinned=8 pool=13
2026-08-04T16:30:07.671Z	WARN	RSS 783MB pinned=8 pool=13
2026-08-04T16:30:37.586Z	WARN	RSS 783MB pinned=7 pool=13
2026-08-04T16:31:07.587Z	WARN	RSS 783MB pinned=7 pool=9
2026-08-04T16:31:37.588Z	WARN	RSS 783MB pinned=7 pool=9
2026-08-04T16:32:07.588Z	WARN	RSS 786MB pinned=7 pool=9
2026-08-04T16:32:37.587Z	WARN	RSS 783MB pinned=8 pool=11
2026-08-04T16:33:07.588Z	WARN	RSS 783MB pinned=7 pool=11
2026-08-04T16:33:37.590Z	WARN	RSS 786MB pinned=7 pool=11
2026-08-04T16:34:07.593Z	WARN	RSS 783MB pinned=7 pool=10
2026-08-04T16:34:37.593Z	WARN	RSS 783MB pinned=7 pool=11
2026-08-04T16:35:07.595Z	WARN	RSS 786MB pinned=8 pool=12
2026-08-04T16:35:37.596Z	WARN	RSS 786MB pinned=8 pool=12
2026-08-04T16:36:07.597Z	WARN	RSS 783MB pinned=8 pool=12
2026-08-04T16:36:37.598Z	WARN	RSS 786MB pinned=8 pool=12
2026-08-04T16:37:07.601Z	WARN	RSS 783MB pinned=8 pool=13
2026-08-04T16:37:37.603Z	WARN	RSS 783MB pinned=9 pool=14
2026-08-04T16:37:37.604Z	WARN	high pin count 9
2026-08-04T16:38:07.606Z	WARN	RSS 793MB pinned=9 pool=14
2026-08-04T16:38:07.607Z	WARN	high pin count 9
2026-08-04T16:38:37.603Z	WARN	RSS 789MB pinned=8 pool=14
2026-08-04T16:39:07.604Z	WARN	RSS 784MB pinned=8 pool=12
2026-08-04T16:39:37.605Z	WARN	RSS 784MB pinned=9 pool=12
2026-08-04T16:39:37.605Z	WARN	high pin count 9
2026-08-04T16:40:07.606Z	WARN	RSS 784MB pinned=8 pool=12
2026-08-04T16:40:37.606Z	WARN	RSS 783MB pinned=7 pool=12
2026-08-04T16:41:07.607Z	WARN	RSS 786MB pinned=7 pool=12
2026-08-04T16:41:37.608Z	WARN	RSS 783MB pinned=7 pool=12
2026-08-04T16:42:07.610Z	WARN	RSS 784MB pinned=8 pool=13
2026-08-04T16:42:37.611Z	WARN	RSS 783MB pinned=7 pool=13
2026-08-04T16:43:07.612Z	WARN	RSS 787MB pinned=6 pool=12
2026-08-04T16:43:37.612Z	WARN	RSS 784MB pinned=6 pool=12
2026-08-04T16:44:07.614Z	WARN	RSS 784MB pinned=6 pool=11
2026-08-04T16:44:37.614Z	WARN	RSS 785MB pinned=9 pool=12
2026-08-04T16:44:37.614Z	WARN	high pin count 9
2026-08-04T16:45:07.614Z	WARN	RSS 784MB pinned=9 pool=11
2026-08-04T16:45:07.615Z	WARN	high pin count 9
2026-08-04T16:45:37.614Z	WARN	RSS 784MB pinned=9 pool=11
2026-08-04T16:45:37.615Z	WARN	high pin count 9
2026-08-04T16:46:07.616Z	WARN	RSS 784MB pinned=8 pool=10
2026-08-04T16:46:37.617Z	WARN	RSS 784MB pinned=8 pool=10
2026-08-04T16:47:07.617Z	WARN	RSS 784MB pinned=8 pool=10
2026-08-04T16:47:37.619Z	WARN	RSS 787MB pinned=8 pool=10
2026-08-04T16:48:07.619Z	WARN	RSS 785MB pinned=8 pool=10
2026-08-04T16:48:37.619Z	WARN	RSS 786MB pinned=8 pool=10
2026-08-04T16:49:07.621Z	WARN	RSS 785MB pinned=7 pool=9
2026-08-04T16:49:37.621Z	WARN	RSS 787MB pinned=7 pool=9
2026-08-04T16:50:07.621Z	WARN	RSS 787MB pinned=7 pool=10
2026-08-04T16:50:37.622Z	WARN	RSS 793MB pinned=8 pool=10
2026-08-04T16:51:07.622Z	WARN	RSS 787MB pinned=8 pool=10
2026-08-04T16:51:37.624Z	WARN	RSS 784MB pinned=8 pool=10
2026-08-04T16:52:07.625Z	WARN	RSS 787MB pinned=8 pool=10
2026-08-04T16:52:37.626Z	WARN	RSS 784MB pinned=8 pool=10
2026-08-04T16:53:07.627Z	WARN	RSS 784MB pinned=8 pool=11
2026-08-04T16:53:37.628Z	WARN	RSS 784MB pinned=8 pool=11
2026-08-04T16:54:07.628Z	WARN	RSS 785MB pinned=8 pool=11
2026-08-04T16:54:37.629Z	WARN	RSS 786MB pinned=8 pool=12
2026-08-04T16:55:07.631Z	WARN	RSS 784MB pinned=8 pool=12
2026-08-04T16:55:37.633Z	WARN	RSS 787MB pinned=8 pool=12
2026-08-04T16:56:07.634Z	WARN	RSS 784MB pinned=8 pool=12
2026-08-04T16:56:37.634Z	WARN	RSS 788MB pinned=8 pool=12
2026-08-04T16:57:07.636Z	WARN	RSS 784MB pinned=8 pool=11
2026-08-04T16:57:37.636Z	WARN	RSS 784MB pinned=8 pool=11
2026-08-04T16:58:07.637Z	WARN	RSS 785MB pinned=8 pool=11
2026-08-04T16:58:37.638Z	WARN	RSS 791MB pinned=8 pool=11
2026-08-04T16:59:07.638Z	WARN	RSS 785MB pinned=8 pool=11
2026-08-04T16:59:37.638Z	WARN	RSS 785MB pinned=8 pool=11
2026-08-04T17:00:07.639Z	WARN	RSS 788MB pinned=8 pool=12
2026-08-04T17:00:37.640Z	WARN	RSS 786MB pinned=8 pool=12
2026-08-04T17:01:07.641Z	WARN	RSS 785MB pinned=9 pool=13
2026-08-04T17:01:07.642Z	WARN	high pin count 9
2026-08-04T17:01:37.643Z	WARN	RSS 785MB pinned=8 pool=13
2026-08-04T17:02:07.652Z	WARN	RSS 784MB pinned=8 pool=12
2026-08-04T17:02:37.653Z	WARN	RSS 785MB pinned=8 pool=12
2026-08-04T17:03:07.652Z	WARN	RSS 785MB pinned=8 pool=12
2026-08-04T17:03:37.651Z	WARN	RSS 785MB pinned=8 pool=12
2026-08-04T17:04:07.652Z	WARN	RSS 787MB pinned=9 pool=12
2026-08-04T17:04:07.653Z	WARN	high pin count 9
2026-08-04T17:04:37.653Z	WARN	RSS 787MB pinned=9 pool=12
2026-08-04T17:04:37.653Z	WARN	high pin count 9
2026-08-04T17:05:07.654Z	WARN	RSS 787MB pinned=8 pool=10
2026-08-04T17:05:37.654Z	WARN	RSS 785MB pinned=7 pool=10
2026-08-04T17:06:07.654Z	WARN	RSS 785MB pinned=8 pool=10
2026-08-04T17:06:37.669Z	WARN	RSS 786MB pinned=8 pool=10
2026-08-04T17:07:07.670Z	WARN	RSS 785MB pinned=8 pool=10
2026-08-04T17:07:37.670Z	WARN	RSS 785MB pinned=7 pool=10
2026-08-04T17:08:07.670Z	WARN	RSS 790MB pinned=8 pool=13
2026-08-04T17:08:37.670Z	WARN	RSS 788MB pinned=8 pool=13
2026-08-04T17:09:07.674Z	WARN	RSS 785MB pinned=8 pool=12
2026-08-04T17:09:37.674Z	WARN	RSS 786MB pinned=8 pool=12
2026-08-04T17:10:07.677Z	WARN	RSS 789MB pinned=8 pool=12
2026-08-04T17:10:37.676Z	WARN	RSS 792MB pinned=9 pool=12
2026-08-04T17:10:37.677Z	WARN	high pin count 9
2026-08-04T17:11:07.676Z	WARN	RSS 789MB pinned=7 pool=11
2026-08-04T17:11:37.678Z	WARN	RSS 789MB pinned=7 pool=11
2026-08-04T17:12:07.678Z	WARN	RSS 789MB pinned=8 pool=11
2026-08-04T17:12:37.678Z	WARN	RSS 786MB pinned=7 pool=11
2026-08-04T17:13:07.679Z	WARN	RSS 786MB pinned=8 pool=11
2026-08-04T17:13:37.680Z	WARN	RSS 786MB pinned=7 pool=11
2026-08-04T17:14:07.682Z	WARN	RSS 786MB pinned=7 pool=10
2026-08-04T17:14:37.683Z	WARN	RSS 786MB pinned=7 pool=10
2026-08-04T17:15:07.683Z	WARN	RSS 786MB pinned=6 pool=9
2026-08-04T17:15:37.683Z	WARN	RSS 786MB pinned=6 pool=9
2026-08-04T17:16:07.685Z	WARN	RSS 786MB pinned=7 pool=9
2026-08-04T17:16:37.685Z	WARN	RSS 789MB pinned=7 pool=9
2026-08-04T17:17:07.693Z	WARN	RSS 786MB pinned=7 pool=9
2026-08-04T17:17:37.694Z	WARN	RSS 789MB pinned=7 pool=10
2026-08-04T17:18:07.707Z	WARN	RSS 790MB pinned=7 pool=9
2026-08-04T17:18:37.707Z	WARN	RSS 787MB pinned=7 pool=9
2026-08-04T17:19:07.707Z	WARN	RSS 790MB pinned=8 pool=9
2026-08-04T17:19:37.710Z	WARN	RSS 786MB pinned=8 pool=9
2026-08-04T17:20:07.712Z	WARN	RSS 787MB pinned=8 pool=9
2026-08-04T17:20:37.715Z	WARN	RSS 787MB pinned=8 pool=9
2026-08-04T17:21:07.714Z	WARN	RSS 786MB pinned=7 pool=9
2026-08-04T17:21:37.713Z	WARN	RSS 786MB pinned=7 pool=9
2026-08-04T17:22:07.714Z	WARN	RSS 786MB pinned=7 pool=9
2026-08-04T17:22:37.715Z	WARN	RSS 789MB pinned=7 pool=9
2026-08-04T17:23:07.717Z	WARN	RSS 786MB pinned=7 pool=8
2026-08-04T17:23:37.717Z	WARN	RSS 787MB pinned=7 pool=9
2026-08-04T17:24:07.717Z	WARN	RSS 792MB pinned=7 pool=9
2026-08-04T17:24:37.731Z	WARN	RSS 786MB pinned=7 pool=9
2026-08-04T17:25:07.728Z	WARN	RSS 793MB pinned=7 pool=8
2026-08-04T17:25:37.729Z	WARN	RSS 786MB pinned=7 pool=8
2026-08-04T17:26:07.729Z	WARN	RSS 786MB pinned=7 pool=8
2026-08-04T17:26:37.730Z	WARN	RSS 787MB pinned=8 pool=9
2026-08-04T17:27:07.730Z	WARN	RSS 789MB pinned=8 pool=9
2026-08-04T17:27:37.730Z	WARN	RSS 792MB pinned=8 pool=9
2026-08-04T17:28:07.730Z	WARN	RSS 787MB pinned=8 pool=9
2026-08-04T17:28:37.731Z	WARN	RSS 795MB pinned=8 pool=9
2026-08-04T17:29:07.733Z	WARN	RSS 791MB pinned=8 pool=9
2026-08-04T17:29:37.735Z	WARN	RSS 786MB pinned=8 pool=9
2026-08-04T17:30:07.734Z	WARN	RSS 787MB pinned=8 pool=9
2026-08-04T17:30:37.736Z	WARN	RSS 789MB pinned=8 pool=9
2026-08-04T17:31:07.737Z	WARN	RSS 786MB pinned=8 pool=9
2026-08-04T17:31:37.737Z	WARN	RSS 789MB pinned=8 pool=9
2026-08-04T17:32:07.737Z	WARN	RSS 786MB pinned=7 pool=9
2026-08-04T17:32:37.737Z	WARN	RSS 786MB pinned=7 pool=9
2026-08-04T17:33:07.746Z	WARN	RSS 786MB pinned=7 pool=9
2026-08-04T17:33:37.747Z	WARN	RSS 787MB pinned=7 pool=9
2026-08-04T17:34:07.747Z	WARN	RSS 789MB pinned=7 pool=9
2026-08-04T17:34:37.747Z	WARN	RSS 795MB pinned=7 pool=9
2026-08-04T17:35:07.749Z	WARN	RSS 787MB pinned=7 pool=8
2026-08-04T17:35:37.749Z	WARN	RSS 786MB pinned=7 pool=9
2026-08-04T17:36:07.751Z	WARN	RSS 789MB pinned=7 pool=9
2026-08-04T17:36:37.752Z	WARN	RSS 787MB pinned=7 pool=9
2026-08-04T17:37:07.755Z	WARN	RSS 789MB pinned=7 pool=8
2026-08-04T17:37:37.755Z	WARN	RSS 786MB pinned=7 pool=8
2026-08-04T17:38:07.756Z	WARN	RSS 787MB pinned=7 pool=8
2026-08-04T17:38:37.757Z	WARN	RSS 787MB pinned=7 pool=8
2026-08-04T17:39:07.767Z	WARN	RSS 786MB pinned=7 pool=8
2026-08-04T17:39:37.767Z	WARN	RSS 790MB pinned=7 pool=8
2026-08-04T17:40:07.767Z	WARN	RSS 790MB pinned=7 pool=8
2026-08-04T17:40:37.769Z	WARN	RSS 786MB pinned=7 pool=8
2026-08-04T17:41:07.768Z	WARN	RSS 786MB pinned=7 pool=8
2026-08-04T17:41:37.769Z	WARN	RSS 786MB pinned=7 pool=8
2026-08-04T17:42:07.769Z	WARN	RSS 786MB pinned=7 pool=7
2026-08-04T17:42:37.770Z	WARN	RSS 786MB pinned=7 pool=7
2026-08-04T17:43:07.771Z	WARN	RSS 788MB pinned=7 pool=7
2026-08-04T17:43:37.771Z	WARN	RSS 786MB pinned=7 pool=7
2026-08-04T17:44:07.770Z	WARN	RSS 786MB pinned=7 pool=7
2026-08-04T17:44:37.771Z	WARN	RSS 786MB pinned=7 pool=7
2026-08-04T17:45:07.773Z	WARN	RSS 788MB pinned=8 pool=8
2026-08-04T17:45:37.773Z	WARN	RSS 786MB pinned=8 pool=8
2026-08-04T17:46:07.773Z	WARN	RSS 786MB pinned=7 pool=8
2026-08-04T17:46:37.785Z	WARN	RSS 786MB pinned=7 pool=8
2026-08-04T17:47:07.781Z	WARN	RSS 789MB pinned=7 pool=8
2026-08-04T17:47:37.781Z	WARN	RSS 786MB pinned=7 pool=8
2026-08-04T17:48:07.781Z	WARN	RSS 787MB pinned=7 pool=8
2026-08-04T17:48:37.781Z	WARN	RSS 790MB pinned=7 pool=9
2026-08-04T17:49:07.782Z	WARN	RSS 790MB pinned=7 pool=8
2026-08-04T17:49:37.783Z	WARN	RSS 786MB pinned=7 pool=8
2026-08-04T17:50:07.788Z	WARN	RSS 787MB pinned=7 pool=8
2026-08-04T17:50:37.788Z	WARN	RSS 789MB pinned=6 pool=8
2026-08-04T17:51:07.788Z	WARN	RSS 790MB pinned=7 pool=8
2026-08-04T17:51:37.788Z	WARN	RSS 787MB pinned=7 pool=8
2026-08-04T17:52:07.788Z	WARN	RSS 787MB pinned=8 pool=9
2026-08-04T17:52:37.788Z	WARN	RSS 790MB pinned=8 pool=9
2026-08-04T17:53:07.789Z	WARN	RSS 787MB pinned=7 pool=9
2026-08-04T17:53:37.790Z	WARN	RSS 790MB pinned=8 pool=9
2026-08-04T17:54:07.791Z	WARN	RSS 788MB pinned=8 pool=9
2026-08-04T17:54:37.791Z	WARN	RSS 790MB pinned=7 pool=9
2026-08-04T17:55:07.794Z	WARN	RSS 787MB pinned=9 pool=9
2026-08-04T17:55:07.795Z	WARN	high pin count 9
2026-08-04T17:55:37.794Z	WARN	RSS 793MB pinned=9 pool=10
2026-08-04T17:55:37.794Z	WARN	high pin count 9
2026-08-04T17:56:07.794Z	WARN	RSS 794MB pinned=9 pool=10
2026-08-04T17:56:07.794Z	WARN	high pin count 9
2026-08-04T17:56:37.794Z	WARN	RSS 792MB pinned=8 pool=10
2026-08-04T17:57:07.795Z	WARN	RSS 790MB pinned=7 pool=10
2026-08-04T17:57:37.796Z	WARN	RSS 790MB pinned=7 pool=10
2026-08-04T17:58:07.799Z	WARN	RSS 789MB pinned=7 pool=10
2026-08-04T17:58:37.799Z	WARN	RSS 789MB pinned=7 pool=10
2026-08-04T17:59:07.800Z	WARN	RSS 787MB pinned=7 pool=10
2026-08-04T17:59:37.801Z	WARN	RSS 791MB pinned=8 pool=10
2026-08-04T18:00:07.806Z	WARN	RSS 795MB pinned=8 pool=9
2026-08-04T18:00:37.807Z	WARN	RSS 791MB pinned=7 pool=10
2026-08-04T18:01:07.809Z	WARN	RSS 788MB pinned=7 pool=9
2026-08-04T18:01:37.813Z	WARN	RSS 788MB pinned=7 pool=10
2026-08-04T18:02:07.812Z	WARN	RSS 788MB pinned=7 pool=10
2026-08-04T18:02:37.812Z	WARN	RSS 790MB pinned=7 pool=11
2026-08-04T18:03:07.812Z	WARN	RSS 788MB pinned=8 pool=11
2026-08-04T18:03:37.813Z	WARN	RSS 791MB pinned=8 pool=11
2026-08-04T18:04:07.814Z	WARN	RSS 788MB pinned=7 pool=9
2026-08-04T18:04:37.815Z	WARN	RSS 788MB pinned=7 pool=9
2026-08-04T18:05:07.817Z	WARN	RSS 788MB pinned=7 pool=9
2026-08-04T18:05:37.818Z	WARN	RSS 788MB pinned=7 pool=9
2026-08-04T18:06:07.819Z	WARN	RSS 791MB pinned=7 pool=9
2026-08-04T18:06:37.819Z	WARN	RSS 788MB pinned=7 pool=9
2026-08-04T18:07:07.819Z	WARN	RSS 788MB pinned=8 pool=9
2026-08-04T18:07:37.820Z	WARN	RSS 789MB pinned=8 pool=9
2026-08-04T18:08:07.822Z	WARN	RSS 792MB pinned=7 pool=8
2026-08-04T18:08:37.821Z	WARN	RSS 789MB pinned=8 pool=8
2026-08-04T18:09:07.832Z	WARN	RSS 788MB pinned=8 pool=8
2026-08-04T18:09:37.832Z	WARN	RSS 791MB pinned=8 pool=9
2026-08-04T18:10:07.846Z	WARN	RSS 788MB pinned=8 pool=9
2026-08-04T18:10:37.847Z	WARN	RSS 791MB pinned=7 pool=10
2026-08-04T18:11:07.846Z	WARN	RSS 790MB pinned=7 pool=10
2026-08-04T18:11:37.847Z	WARN	RSS 790MB pinned=8 pool=11
2026-08-04T18:12:07.867Z	WARN	RSS 790MB pinned=7 pool=11
2026-08-04T18:12:37.907Z	WARN	RSS 788MB pinned=9 pool=11
2026-08-04T18:12:37.907Z	WARN	high pin count 9
2026-08-04T18:13:07.869Z	WARN	RSS 788MB pinned=9 pool=11
2026-08-04T18:13:07.870Z	WARN	high pin count 9
2026-08-04T18:13:37.869Z	WARN	RSS 791MB pinned=8 pool=11
2026-08-04T18:14:07.869Z	WARN	RSS 791MB pinned=9 pool=12
2026-08-04T18:14:07.869Z	WARN	high pin count 9
2026-08-04T18:14:37.869Z	WARN	RSS 788MB pinned=8 pool=12
2026-08-04T18:15:07.871Z	WARN	RSS 788MB pinned=8 pool=11
2026-08-04T18:15:37.872Z	WARN	RSS 794MB pinned=8 pool=11
2026-08-04T18:16:07.873Z	WARN	RSS 788MB pinned=8 pool=10
2026-08-04T18:16:37.873Z	WARN	RSS 788MB pinned=9 pool=10
2026-08-04T18:16:37.873Z	WARN	high pin count 9
2026-08-04T18:17:07.899Z	WARN	RSS 788MB pinned=8 pool=9
2026-08-04T18:17:37.879Z	WARN	RSS 788MB pinned=8 pool=9
2026-08-04T18:18:07.880Z	WARN	RSS 789MB pinned=8 pool=9
2026-08-04T18:18:37.881Z	WARN	RSS 789MB pinned=8 pool=9
2026-08-04T18:19:07.881Z	WARN	RSS 788MB pinned=8 pool=9
2026-08-04T18:19:37.883Z	WARN	RSS 788MB pinned=8 pool=10
2026-08-04T18:20:07.884Z	WARN	RSS 788MB pinned=8 pool=9
2026-08-04T18:20:37.885Z	WARN	RSS 792MB pinned=8 pool=9
2026-08-04T18:21:07.885Z	WARN	RSS 791MB pinned=8 pool=9
2026-08-04T18:21:37.885Z	WARN	RSS 791MB pinned=8 pool=10
2026-08-04T18:22:07.886Z	WARN	RSS 794MB pinned=8 pool=10
2026-08-04T18:22:37.887Z	WARN	RSS 788MB pinned=8 pool=10
2026-08-04T18:23:07.888Z	WARN	RSS 788MB pinned=8 pool=10
2026-08-04T18:23:37.888Z	WARN	RSS 788MB pinned=8 pool=10
2026-08-04T18:24:07.888Z	WARN	RSS 789MB pinned=8 pool=10
2026-08-04T18:24:37.889Z	WARN	RSS 791MB pinned=7 pool=10
2026-08-04T18:25:07.892Z	WARN	RSS 788MB pinned=7 pool=9
2026-08-04T18:25:37.892Z	WARN	RSS 793MB pinned=7 pool=9
2026-08-04T18:26:07.894Z	WARN	RSS 788MB pinned=7 pool=9
2026-08-04T18:26:37.895Z	WARN	RSS 788MB pinned=7 pool=9
2026-08-04T18:27:07.897Z	WARN	RSS 788MB pinned=7 pool=11
2026-08-04T18:27:37.897Z	WARN	RSS 788MB pinned=7 pool=11
2026-08-04T18:28:07.897Z	WARN	RSS 789MB pinned=7 pool=10
2026-08-04T18:28:37.897Z	WARN	RSS 789MB pinned=7 pool=10
2026-08-04T18:29:07.908Z	WARN	RSS 793MB pinned=7 pool=10
2026-08-04T18:29:37.904Z	WARN	RSS 788MB pinned=7 pool=10
2026-08-04T18:30:07.905Z	WARN	RSS 788MB pinned=7 pool=10
2026-08-04T18:30:37.906Z	WARN	RSS 793MB pinned=7 pool=10
2026-08-04T18:31:07.906Z	WARN	RSS 788MB pinned=7 pool=10
2026-08-04T18:31:37.906Z	WARN	RSS 791MB pinned=7 pool=10
2026-08-04T18:32:07.906Z	WARN	RSS 787MB pinned=7 pool=9
2026-08-04T18:32:37.907Z	WARN	RSS 787MB pinned=7 pool=9
2026-08-04T18:33:07.908Z	WARN	RSS 788MB pinned=7 pool=8
2026-08-04T18:33:37.909Z	WARN	RSS 788MB pinned=7 pool=9
2026-08-04T18:34:07.917Z	WARN	RSS 787MB pinned=7 pool=10
2026-08-04T18:34:37.918Z	WARN	RSS 790MB pinned=7 pool=10
2026-08-04T18:35:07.924Z	WARN	RSS 792MB pinned=7 pool=10
2026-08-04T18:35:37.925Z	WARN	RSS 788MB pinned=8 pool=11
2026-08-04T18:36:07.925Z	WARN	RSS 791MB pinned=8 pool=11
2026-08-04T18:36:37.925Z	WARN	RSS 791MB pinned=8 pool=11
2026-08-04T18:37:07.926Z	WARN	RSS 790MB pinned=8 pool=10
2026-08-04T18:37:37.927Z	WARN	RSS 788MB pinned=8 pool=10
2026-08-04T18:38:07.927Z	WARN	RSS 788MB pinned=8 pool=10
2026-08-04T18:38:37.929Z	WARN	RSS 792MB pinned=8 pool=10
2026-08-04T18:39:07.929Z	WARN	RSS 791MB pinned=8 pool=10
2026-08-04T18:39:37.929Z	WARN	RSS 788MB pinned=8 pool=10
2026-08-04T18:40:07.937Z	WARN	RSS 791MB pinned=8 pool=11
2026-08-04T18:40:37.937Z	WARN	RSS 789MB pinned=7 pool=11
2026-08-04T18:41:07.938Z	WARN	RSS 788MB pinned=7 pool=12
2026-08-04T18:41:37.939Z	WARN	RSS 790MB pinned=7 pool=12
2026-08-04T18:42:07.939Z	WARN	RSS 788MB pinned=7 pool=12
2026-08-04T18:42:37.939Z	WARN	RSS 788MB pinned=7 pool=12
2026-08-04T18:43:07.939Z	WARN	RSS 788MB pinned=7 pool=13
2026-08-04T18:43:37.940Z	WARN	RSS 788MB pinned=7 pool=13
2026-08-04T18:44:07.941Z	WARN	RSS 788MB pinned=7 pool=12
2026-08-04T18:44:37.941Z	WARN	RSS 797MB pinned=7 pool=12
2026-08-04T18:45:07.945Z	WARN	RSS 795MB pinned=7 pool=13
2026-08-04T18:45:37.945Z	WARN	RSS 791MB pinned=7 pool=13
2026-08-04T18:46:07.945Z	WARN	RSS 790MB pinned=7 pool=12
2026-08-04T18:46:37.947Z	WARN	RSS 788MB pinned=7 pool=12
2026-08-04T18:47:07.947Z	WARN	RSS 788MB pinned=7 pool=12
2026-08-04T18:47:37.948Z	WARN	RSS 788MB pinned=7 pool=12
2026-08-04T18:48:07.950Z	WARN	RSS 787MB pinned=7 pool=12
2026-08-04T18:48:37.952Z	WARN	RSS 788MB pinned=7 pool=12
2026-08-04T18:49:07.953Z	WARN	RSS 790MB pinned=7 pool=11
2026-08-04T18:49:37.953Z	WARN	RSS 790MB pinned=0 pool=0
2026-08-05T05:53:09.616Z	WARN	high pin count 9
2026-08-05T05:54:09.617Z	WARN	high pin count 9
2026-08-05T07:16:09.849Z	WARN	high pin count 9
2026-08-05T07:16:39.860Z	WARN	high pin count 9
2026-08-05T07:17:09.904Z	WARN	high pin count 9
2026-08-05T07:22:09.893Z	WARN	high pin count 9
2026-08-05T07:25:09.904Z	WARN	high pin count 9
2026-08-05T07:25:39.905Z	WARN	high pin count 9
2026-08-05T07:26:09.906Z	WARN	high pin count 10
2026-08-05T07:27:09.919Z	WARN	high pin count 9
2026-08-05T07:30:09.929Z	WARN	high pin count 9
2026-08-05T07:30:39.930Z	WARN	high pin count 10
2026-08-05T07:33:39.929Z	WARN	high pin count 9
2026-08-05T07:34:09.955Z	WARN	high pin count 10
2026-08-05T07:35:39.958Z	WARN	high pin count 9
2026-08-05T07:36:09.958Z	WARN	high pin count 9
2026-08-05T07:37:09.959Z	WARN	high pin count 9
2026-08-05T07:43:39.978Z	WARN	high pin count 9
2026-08-05T09:20:10.236Z	WARN	high pin count 9
2026-08-05T09:21:40.238Z	WARN	high pin count 9
2026-08-05T09:23:40.247Z	WARN	high pin count 9
2026-08-05T09:25:10.262Z	WARN	high pin count 10
2026-08-05T09:25:40.265Z	WARN	high pin count 9
2026-08-05T09:26:10.266Z	WARN	high pin count 9
2026-08-05T09:26:40.268Z	WARN	high pin count 10
2026-08-05T09:27:40.279Z	WARN	high pin count 9
2026-08-05T09:28:10.280Z	WARN	high pin count 9
2026-08-05T09:28:40.280Z	WARN	high pin count 10
2026-08-05T09:29:10.281Z	WARN	high pin count 10
2026-08-05T09:29:40.281Z	WARN	high pin count 9
2026-08-05T09:30:40.284Z	WARN	high pin count 10
2026-08-05T09:31:10.298Z	WARN	high pin count 11
2026-08-05T09:31:40.297Z	WARN	high pin count 11
2026-08-05T09:32:10.297Z	WARN	high pin count 12
2026-08-05T09:32:40.298Z	WARN	high pin count 11
2026-08-05T09:33:10.304Z	WARN	high pin count 12
2026-08-05T09:33:40.297Z	WARN	high pin count 12
2026-08-05T09:34:10.297Z	WARN	high pin count 12
2026-08-05T09:34:40.298Z	WARN	high pin count 11
2026-08-05T09:35:10.298Z	WARN	high pin count 11
2026-08-05T09:35:40.300Z	WARN	high pin count 11
2026-08-05T09:36:10.300Z	WARN	high pin count 11
2026-08-05T09:36:40.301Z	WARN	high pin count 11
2026-08-05T09:37:10.303Z	WARN	high pin count 11
2026-08-05T09:37:40.303Z	WARN	high pin count 10
2026-08-05T09:38:10.304Z	WARN	high pin count 11
2026-08-05T09:38:40.303Z	WARN	high pin count 11
2026-08-05T09:39:10.315Z	WARN	high pin count 9
2026-08-05T09:40:10.329Z	WARN	high pin count 11
2026-08-05T09:40:40.316Z	WARN	high pin count 12
2026-08-05T09:41:10.316Z	WARN	high pin count 12
2026-08-05T09:41:40.318Z	WARN	high pin count 12
2026-08-05T09:42:10.320Z	WARN	high pin count 11
2026-08-05T09:42:40.318Z	WARN	high pin count 11
2026-08-05T09:43:10.319Z	WARN	high pin count 12
2026-08-05T09:43:40.320Z	WARN	high pin count 12
2026-08-05T09:44:10.320Z	WARN	high pin count 11
2026-08-05T09:44:40.321Z	WARN	high pin count 11
2026-08-05T09:45:10.331Z	WARN	high pin count 11
2026-08-05T09:45:40.331Z	WARN	high pin count 11
2026-08-05T09:46:10.332Z	WARN	high pin count 10
2026-08-05T09:46:40.333Z	WARN	high pin count 10
2026-08-05T09:47:10.334Z	WARN	high pin count 9
2026-08-05T09:47:40.334Z	WARN	high pin count 11
2026-08-05T09:48:10.335Z	WARN	high pin count 11
2026-08-05T09:48:40.337Z	WARN	high pin count 12
2026-08-05T09:49:10.337Z	WARN	high pin count 12
2026-08-05T09:49:40.338Z	WARN	high pin count 12
2026-08-05T09:50:10.363Z	WARN	high pin count 11
2026-08-05T09:50:40.363Z	WARN	high pin count 11
2026-08-05T09:51:10.377Z	WARN	high pin count 10
2026-08-05T09:51:40.379Z	WARN	high pin count 11
2026-08-05T09:52:10.380Z	WARN	high pin count 12
2026-08-05T09:52:40.379Z	WARN	high pin count 9
2026-08-05T09:53:10.380Z	WARN	high pin count 9
2026-08-05T09:53:40.380Z	WARN	high pin count 10
2026-08-05T09:54:10.381Z	WARN	high pin count 10
2026-08-05T09:54:40.382Z	WARN	high pin count 9
2026-08-05T09:55:10.382Z	WARN	high pin count 11
2026-08-05T09:55:40.383Z	WARN	high pin count 11
2026-08-05T09:56:10.384Z	WARN	high pin count 12
2026-08-05T09:56:40.385Z	WARN	high pin count 12
2026-08-05T09:57:10.385Z	WARN	high pin count 12
2026-08-05T09:57:40.386Z	WARN	high pin count 11
2026-08-05T09:58:10.387Z	WARN	high pin count 11
2026-08-05T09:58:40.389Z	WARN	high pin count 12
2026-08-05T09:59:10.389Z	WARN	high pin count 13
2026-08-05T09:59:40.389Z	WARN	high pin count 11
2026-08-05T10:00:10.699Z	WARN	high pin count 9
2026-08-05T10:00:40.578Z	WARN	high pin count 9
2026-08-05T10:01:10.577Z	WARN	high pin count 9
2026-08-05T10:01:40.577Z	WARN	high pin count 9
2026-08-05T10:02:10.577Z	WARN	high pin count 9
2026-08-05T10:03:10.581Z	WARN	high pin count 9
2026-08-05T10:03:40.580Z	WARN	high pin count 10
2026-08-05T10:04:10.584Z	WARN	high pin count 9
2026-08-05T10:08:10.589Z	WARN	high pin count 9
2026-08-05T10:08:40.589Z	WARN	high pin count 9
2026-08-05T10:09:10.588Z	WARN	high pin count 9
2026-08-05T10:09:40.589Z	WARN	high pin count 9
2026-08-05T10:10:10.596Z	WARN	high pin count 10
2026-08-05T10:10:40.597Z	WARN	high pin count 11
2026-08-05T10:11:10.596Z	WARN	high pin count 10
2026-08-05T10:11:40.597Z	WARN	high pin count 10
2026-08-05T10:12:10.597Z	WARN	high pin count 9
2026-08-05T10:13:10.598Z	WARN	high pin count 9
2026-08-05T10:15:10.606Z	WARN	high pin count 9
2026-08-05T10:15:40.606Z	WARN	high pin count 9
2026-08-05T10:16:10.607Z	WARN	high pin count 9
2026-08-05T10:16:40.607Z	WARN	high pin count 10
2026-08-05T10:17:40.608Z	WARN	high pin count 9
2026-08-05T10:18:10.609Z	WARN	high pin count 9
2026-08-05T10:18:40.610Z	WARN	high pin count 10
2026-08-05T10:19:10.611Z	WARN	high pin count 10
2026-08-05T10:19:40.612Z	WARN	high pin count 11
2026-08-05T10:20:10.613Z	WARN	high pin count 9
2026-08-05T10:20:40.613Z	WARN	high pin count 9
2026-08-05T10:21:10.614Z	WARN	high pin count 11
2026-08-05T10:21:40.615Z	WARN	high pin count 10
2026-08-05T10:22:10.615Z	WARN	high pin count 9
2026-08-05T10:22:40.615Z	WARN	high pin count 11
2026-08-05T10:23:10.615Z	WARN	high pin count 10
2026-08-05T10:23:40.615Z	WARN	high pin count 9
2026-08-05T10:24:10.616Z	WARN	high pin count 9
2026-08-05T10:24:40.617Z	WARN	high pin count 10
2026-08-05T10:25:10.618Z	WARN	high pin count 10
2026-08-05T10:25:40.618Z	WARN	high pin count 9
2026-08-05T10:26:10.624Z	WARN	high pin count 9
2026-08-05T10:29:40.625Z	WARN	high pin count 9
2026-08-05T10:30:10.625Z	WARN	high pin count 9
2026-08-05T10:30:40.626Z	WARN	high pin count 10
2026-08-05T10:31:10.628Z	WARN	high pin count 9
2026-08-05T10:31:40.625Z	WARN	high pin count 9
2026-08-05T10:32:10.626Z	WARN	high pin count 9
2026-08-05T10:32:40.627Z	WARN	high pin count 10
2026-08-05T10:33:10.627Z	WARN	high pin count 10
2026-08-05T10:33:40.629Z	WARN	high pin count 10
2026-08-05T10:34:10.630Z	WARN	high pin count 11
2026-08-05T10:34:40.631Z	WARN	high pin count 10
2026-08-05T10:35:10.658Z	WARN	high pin count 9
2026-08-05T10:35:40.657Z	WARN	high pin count 9
2026-08-05T10:36:40.658Z	WARN	high pin count 9
2026-08-05T10:37:10.659Z	WARN	high pin count 11
2026-08-05T10:37:40.659Z	WARN	high pin count 10
2026-08-05T10:38:10.661Z	WARN	high pin count 10
2026-08-05T10:38:40.661Z	WARN	high pin count 10
2026-08-05T10:39:10.663Z	WARN	high pin count 9
2026-08-05T10:39:40.663Z	WARN	high pin count 9
2026-08-05T10:40:10.664Z	WARN	high pin count 9
2026-08-05T10:40:40.663Z	WARN	high pin count 10
2026-08-05T10:41:10.669Z	WARN	high pin count 10
2026-08-05T10:41:40.670Z	WARN	high pin count 9
2026-08-05T10:44:10.673Z	WARN	high pin count 9
2026-08-05T10:44:40.673Z	WARN	high pin count 10
2026-08-05T10:45:10.673Z	WARN	high pin count 11
2026-08-05T10:45:40.673Z	WARN	high pin count 9
2026-08-05T10:46:10.674Z	WARN	high pin count 10
2026-08-05T10:46:40.675Z	WARN	high pin count 9
2026-08-05T10:47:10.683Z	WARN	high pin count 10
2026-08-05T10:47:40.682Z	WARN	high pin count 11
2026-08-05T10:48:10.684Z	WARN	high pin count 11
2026-08-05T10:48:40.682Z	WARN	high pin count 12
2026-08-05T10:49:10.683Z	WARN	high pin count 12
2026-08-05T10:49:40.684Z	WARN	high pin count 11
2026-08-05T10:50:10.696Z	WARN	high pin count 11
2026-08-05T10:50:40.696Z	WARN	high pin count 10
2026-08-05T10:51:10.722Z	WARN	high pin count 10
2026-08-05T10:51:40.700Z	WARN	high pin count 10
2026-08-05T10:52:10.700Z	WARN	high pin count 10
2026-08-05T10:52:40.702Z	WARN	high pin count 10
2026-08-05T10:53:10.704Z	WARN	high pin count 11
2026-08-05T10:53:40.705Z	WARN	high pin count 12
2026-08-05T10:54:10.706Z	WARN	high pin count 13
2026-08-05T10:54:40.706Z	WARN	high pin count 14
2026-08-05T10:55:10.706Z	WARN	high pin count 14
2026-08-05T10:55:40.705Z	WARN	high pin count 13
2026-08-05T10:56:10.706Z	WARN	high pin count 12
2026-08-05T10:56:40.707Z	WARN	high pin count 10
2026-08-05T10:57:10.708Z	WARN	high pin count 9
2026-08-05T10:57:40.709Z	WARN	high pin count 11
2026-08-05T10:58:10.710Z	WARN	high pin count 11
2026-08-05T10:58:40.711Z	WARN	high pin count 9
2026-08-05T10:59:10.717Z	WARN	high pin count 9
2026-08-05T11:00:40.726Z	WARN	high pin count 9
2026-08-05T11:01:10.727Z	WARN	high pin count 10
2026-08-05T11:01:40.726Z	WARN	high pin count 9
2026-08-05T11:02:10.731Z	WARN	high pin count 9
2026-08-05T11:02:40.730Z	WARN	high pin count 10
2026-08-05T11:03:10.732Z	WARN	high pin count 9
2026-08-05T11:04:10.734Z	WARN	high pin count 9
2026-08-05T11:04:40.734Z	WARN	high pin count 9
2026-08-05T11:05:10.735Z	WARN	high pin count 10
2026-08-05T11:05:40.737Z	WARN	high pin count 12
2026-08-05T11:06:10.737Z	WARN	high pin count 12
2026-08-05T11:06:40.737Z	WARN	high pin count 11
2026-08-05T11:07:10.738Z	WARN	high pin count 10
2026-08-05T11:08:40.740Z	WARN	high pin count 9
2026-08-05T11:09:10.745Z	WARN	high pin count 9
2026-08-05T11:10:10.748Z	WARN	high pin count 9
2026-08-05T11:10:40.749Z	WARN	high pin count 9
2026-08-05T11:12:10.750Z	WARN	high pin count 10
2026-08-05T11:12:40.751Z	WARN	high pin count 9
2026-08-05T11:13:40.752Z	WARN	high pin count 9
2026-08-05T11:15:10.755Z	WARN	high pin count 9
2026-08-05T11:15:40.755Z	WARN	high pin count 10
2026-08-05T11:17:10.759Z	WARN	high pin count 9
2026-08-05T11:17:40.759Z	WARN	high pin count 10
2026-08-05T11:18:40.762Z	WARN	high pin count 10
2026-08-05T11:19:10.762Z	WARN	high pin count 12
2026-08-05T11:19:40.763Z	WARN	high pin count 10
2026-08-05T11:20:10.769Z	WARN	high pin count 11
2026-08-05T11:20:40.769Z	WARN	high pin count 9
2026-08-05T11:21:10.770Z	WARN	high pin count 11
2026-08-05T11:21:40.771Z	WARN	high pin count 11
2026-08-05T11:22:10.771Z	WARN	high pin count 10
2026-08-05T11:22:40.773Z	WARN	high pin count 10
2026-08-05T11:23:10.774Z	WARN	high pin count 10
2026-08-05T11:23:40.775Z	WARN	high pin count 9
2026-08-05T11:24:10.775Z	WARN	high pin count 9
2026-08-05T11:24:40.776Z	WARN	high pin count 9
2026-08-05T11:25:10.778Z	WARN	high pin count 9
2026-08-05T11:27:10.779Z	WARN	high pin count 9
2026-08-05T11:27:40.780Z	WARN	high pin count 9
2026-08-05T11:28:10.782Z	WARN	high pin count 9
2026-08-05T11:28:40.782Z	WARN	high pin count 10
2026-08-05T11:29:10.783Z	WARN	high pin count 9
2026-08-05T11:29:40.784Z	WARN	high pin count 9
2026-08-05T11:30:10.784Z	WARN	high pin count 9
2026-08-05T11:30:40.784Z	WARN	high pin count 9
2026-08-05T11:31:10.785Z	WARN	high pin count 10
2026-08-05T11:31:40.786Z	WARN	high pin count 9
2026-08-05T11:32:10.787Z	WARN	high pin count 9
2026-08-05T11:32:40.787Z	WARN	high pin count 10
2026-08-05T11:33:10.788Z	WARN	high pin count 10
2026-08-05T11:34:10.788Z	WARN	high pin count 10
2026-08-05T11:34:40.796Z	WARN	high pin count 9
2026-08-05T11:35:40.802Z	WARN	high pin count 10
2026-08-05T11:36:10.803Z	WARN	high pin count 9
2026-08-05T11:36:40.804Z	WARN	high pin count 9
2026-08-05T11:37:10.804Z	WARN	high pin count 10
2026-08-05T11:37:40.804Z	WARN	high pin count 9
2026-08-05T11:39:10.806Z	WARN	high pin count 9
2026-08-05T11:41:10.810Z	WARN	high pin count 11
2026-08-05T11:41:40.810Z	WARN	high pin count 10
2026-08-05T11:42:10.810Z	WARN	high pin count 9
2026-08-05T11:42:40.814Z	WARN	high pin count 10
2026-08-05T11:43:10.835Z	WARN	high pin count 10
2026-08-05T11:43:40.837Z	WARN	high pin count 12
2026-08-05T11:44:10.836Z	WARN	high pin count 9
2026-08-05T11:44:40.837Z	WARN	high pin count 9
2026-08-05T11:45:10.844Z	WARN	high pin count 9
2026-08-05T11:45:40.845Z	WARN	high pin count 10
2026-08-05T11:46:10.844Z	WARN	high pin count 10
2026-08-05T11:49:40.870Z	WARN	high pin count 9
2026-08-05T11:50:10.873Z	WARN	high pin count 9
2026-08-05T11:56:10.880Z	WARN	high pin count 9
2026-08-05T11:56:40.881Z	WARN	high pin count 9
2026-08-05T11:59:40.888Z	WARN	high pin count 9
2026-08-05T12:04:10.923Z	WARN	high pin count 9
2026-08-05T12:05:40.927Z	WARN	high pin count 9
2026-08-05T12:06:10.928Z	WARN	high pin count 9
2026-08-05T12:07:10.928Z	WARN	high pin count 10
2026-08-05T12:07:40.929Z	WARN	high pin count 10
2026-08-05T12:08:40.931Z	WARN	high pin count 11
2026-08-05T12:09:10.932Z	WARN	high pin count 11
2026-08-05T12:09:40.932Z	WARN	high pin count 9
2026-08-05T12:10:10.932Z	WARN	high pin count 9
2026-08-05T12:10:40.932Z	WARN	high pin count 9
2026-08-05T12:11:40.933Z	WARN	high pin count 9
2026-08-05T12:12:10.934Z	WARN	high pin count 10
2026-08-05T12:12:40.937Z	WARN	high pin count 9
2026-08-05T12:13:40.939Z	WARN	high pin count 9
2026-08-05T12:14:40.942Z	WARN	high pin count 9
2026-08-05T12:15:40.944Z	WARN	high pin count 9
2026-08-05T12:16:10.947Z	WARN	high pin count 11
2026-08-05T12:16:40.948Z	WARN	high pin count 11
2026-08-05T12:17:10.958Z	WARN	high pin count 12
2026-08-05T12:17:40.950Z	WARN	high pin count 13
2026-08-05T12:18:10.990Z	WARN	high pin count 13
2026-08-05T12:18:40.978Z	WARN	high pin count 11
2026-08-05T12:19:10.979Z	WARN	high pin count 12
2026-08-05T12:19:40.979Z	WARN	high pin count 12
2026-08-05T12:20:10.979Z	WARN	high pin count 11
2026-08-05T12:20:40.979Z	WARN	high pin count 11
2026-08-05T12:21:10.979Z	WARN	high pin count 11
2026-08-05T12:21:40.980Z	WARN	high pin count 11
2026-08-05T12:22:10.982Z	WARN	high pin count 10
2026-08-05T12:22:40.983Z	WARN	high pin count 12
2026-08-05T12:23:10.983Z	WARN	high pin count 10
2026-08-05T12:23:40.984Z	WARN	high pin count 11
2026-08-05T12:24:10.985Z	WARN	high pin count 12
2026-08-05T12:24:40.985Z	WARN	high pin count 12
2026-08-05T12:25:10.986Z	WARN	high pin count 11
2026-08-05T12:25:40.988Z	WARN	high pin count 10
2026-08-05T12:26:10.987Z	WARN	high pin count 12
2026-08-05T12:26:40.987Z	WARN	high pin count 11
2026-08-05T12:27:10.988Z	WARN	high pin count 10
2026-08-05T12:27:40.988Z	WARN	high pin count 10
2026-08-05T12:28:40.991Z	WARN	high pin count 10
2026-08-05T12:29:10.991Z	WARN	high pin count 11
2026-08-05T12:29:40.992Z	WARN	high pin count 10
2026-08-05T12:30:10.993Z	WARN	high pin count 9
2026-08-05T12:31:10.995Z	WARN	high pin count 10
2026-08-05T12:31:40.996Z	WARN	high pin count 10
2026-08-05T12:32:10.995Z	WARN	high pin count 10
2026-08-05T12:32:40.997Z	WARN	high pin count 9
2026-08-05T12:33:10.998Z	WARN	high pin count 9
2026-08-05T12:33:40.998Z	WARN	high pin count 9
2026-08-05T12:34:10.998Z	WARN	high pin count 11
2026-08-05T12:34:41.002Z	WARN	high pin count 10
2026-08-05T12:35:11.018Z	WARN	high pin count 9
2026-08-05T12:35:41.005Z	WARN	high pin count 10
2026-08-05T12:36:11.004Z	WARN	high pin count 9
2026-08-05T12:37:11.007Z	WARN	high pin count 9
2026-08-05T12:37:41.007Z	WARN	high pin count 10
2026-08-05T12:38:11.008Z	WARN	high pin count 9
2026-08-05T12:38:41.009Z	WARN	RSS 757MB pinned=8 pool=17
2026-08-05T12:39:11.010Z	WARN	RSS 757MB pinned=9 pool=16
2026-08-05T12:39:11.010Z	WARN	high pin count 9
2026-08-05T12:39:41.009Z	WARN	RSS 754MB pinned=9 pool=19
2026-08-05T12:39:41.010Z	WARN	high pin count 9
2026-08-05T12:40:11.009Z	WARN	RSS 757MB pinned=9 pool=18
2026-08-05T12:40:11.011Z	WARN	high pin count 9
2026-08-05T12:40:41.009Z	WARN	RSS 754MB pinned=9 pool=18
2026-08-05T12:40:41.009Z	WARN	high pin count 9
2026-08-05T12:41:11.013Z	WARN	RSS 756MB pinned=9 pool=17
2026-08-05T12:41:11.013Z	WARN	high pin count 9
2026-08-05T12:41:41.013Z	WARN	RSS 763MB pinned=10 pool=17
2026-08-05T12:41:41.013Z	WARN	high pin count 10
2026-08-05T12:42:11.014Z	WARN	RSS 769MB pinned=8 pool=16
2026-08-05T12:42:41.013Z	WARN	RSS 755MB pinned=7 pool=16
2026-08-05T12:43:11.013Z	WARN	RSS 755MB pinned=9 pool=14
2026-08-05T12:43:11.013Z	WARN	high pin count 9
2026-08-05T12:43:41.014Z	WARN	RSS 756MB pinned=8 pool=14
2026-08-05T12:44:11.013Z	WARN	RSS 756MB pinned=8 pool=14
2026-08-05T12:44:41.014Z	WARN	RSS 756MB pinned=7 pool=14
2026-08-05T12:45:11.014Z	WARN	RSS 762MB pinned=8 pool=14
2026-08-05T12:45:41.014Z	WARN	RSS 762MB pinned=7 pool=15
2026-08-05T12:46:11.016Z	WARN	RSS 755MB pinned=6 pool=15
2026-08-05T12:46:41.016Z	WARN	RSS 754MB pinned=6 pool=15
2026-08-05T12:47:11.018Z	WARN	RSS 754MB pinned=6 pool=14
2026-08-05T12:47:41.018Z	WARN	RSS 753MB pinned=6 pool=14
2026-08-05T12:48:11.018Z	WARN	RSS 755MB pinned=8 pool=15
2026-08-05T12:48:41.019Z	WARN	RSS 757MB pinned=10 pool=16
2026-08-05T12:48:41.019Z	WARN	high pin count 10
2026-08-05T12:49:11.020Z	WARN	RSS 757MB pinned=8 pool=14
2026-08-05T12:49:41.020Z	WARN	RSS 755MB pinned=8 pool=14
2026-08-05T12:50:11.023Z	WARN	RSS 755MB pinned=7 pool=14
2026-08-05T12:50:41.022Z	WARN	RSS 753MB pinned=7 pool=15
2026-08-05T12:51:11.022Z	WARN	RSS 754MB pinned=9 pool=17
2026-08-05T12:51:11.022Z	WARN	high pin count 9
2026-08-05T12:51:41.021Z	WARN	RSS 754MB pinned=9 pool=17
2026-08-05T12:51:41.022Z	WARN	high pin count 9
2026-08-05T12:52:11.022Z	WARN	RSS 754MB pinned=9 pool=17
2026-08-05T12:52:11.023Z	WARN	high pin count 9
2026-08-05T12:52:41.023Z	WARN	RSS 754MB pinned=10 pool=17
2026-08-05T12:52:41.024Z	WARN	high pin count 10
2026-08-05T12:53:11.024Z	WARN	RSS 754MB pinned=9 pool=15
2026-08-05T12:53:11.026Z	WARN	high pin count 9
2026-08-05T12:53:41.024Z	WARN	RSS 757MB pinned=8 pool=15
2026-08-05T12:54:11.024Z	WARN	RSS 757MB pinned=8 pool=14
2026-08-05T12:54:41.025Z	WARN	RSS 754MB pinned=8 pool=15
2026-08-05T12:55:11.026Z	WARN	RSS 758MB pinned=8 pool=15
2026-08-05T12:55:41.026Z	WARN	RSS 758MB pinned=8 pool=16
2026-08-05T12:56:11.026Z	WARN	RSS 755MB pinned=8 pool=15
2026-08-05T12:56:41.028Z	WARN	RSS 755MB pinned=8 pool=15
2026-08-05T12:57:11.027Z	WARN	RSS 758MB pinned=8 pool=14
2026-08-05T12:57:41.027Z	WARN	RSS 761MB pinned=8 pool=14
2026-08-05T12:58:11.028Z	WARN	RSS 755MB pinned=8 pool=12
2026-08-05T12:58:41.028Z	WARN	RSS 755MB pinned=8 pool=12
2026-08-05T12:59:11.028Z	WARN	RSS 755MB pinned=8 pool=12
2026-08-05T12:59:41.027Z	WARN	RSS 755MB pinned=8 pool=13
2026-08-05T13:00:11.121Z	WARN	RSS 761MB pinned=8 pool=13
2026-08-05T13:00:41.099Z	WARN	RSS 755MB pinned=8 pool=13
2026-08-05T13:01:11.100Z	WARN	RSS 758MB pinned=8 pool=13
2026-08-05T13:01:41.100Z	WARN	RSS 758MB pinned=8 pool=13
2026-08-05T13:02:11.101Z	WARN	RSS 758MB pinned=8 pool=13
2026-08-05T13:02:41.101Z	WARN	RSS 758MB pinned=7 pool=13
2026-08-05T13:03:11.103Z	WARN	RSS 755MB pinned=8 pool=11
2026-08-05T13:03:41.104Z	WARN	RSS 755MB pinned=8 pool=12
2026-08-05T13:04:11.104Z	WARN	RSS 756MB pinned=8 pool=12
2026-08-05T13:04:41.104Z	WARN	RSS 762MB pinned=9 pool=13
2026-08-05T13:04:41.104Z	WARN	high pin count 9
2026-08-05T13:05:11.105Z	WARN	RSS 756MB pinned=9 pool=13
2026-08-05T13:05:11.107Z	WARN	high pin count 9
2026-08-05T13:05:41.106Z	WARN	RSS 759MB pinned=8 pool=13
2026-08-05T13:06:11.108Z	WARN	RSS 760MB pinned=7 pool=13
2026-08-05T13:06:41.108Z	WARN	RSS 756MB pinned=8 pool=13
2026-08-05T13:07:11.108Z	WARN	RSS 756MB pinned=9 pool=13
2026-08-05T13:07:11.109Z	WARN	high pin count 9
2026-08-05T13:07:41.109Z	WARN	RSS 756MB pinned=9 pool=13
2026-08-05T13:07:41.110Z	WARN	high pin count 9
2026-08-05T13:08:11.111Z	WARN	RSS 761MB pinned=8 pool=13
2026-08-05T13:08:41.111Z	WARN	RSS 757MB pinned=8 pool=13
2026-08-05T13:09:11.119Z	WARN	RSS 757MB pinned=7 pool=13
2026-08-05T13:09:41.119Z	WARN	RSS 756MB pinned=8 pool=14
2026-08-05T13:10:11.120Z	WARN	RSS 756MB pinned=9 pool=13
2026-08-05T13:10:11.120Z	WARN	high pin count 9
2026-08-05T13:10:41.121Z	WARN	RSS 762MB pinned=8 pool=13
2026-08-05T13:11:11.122Z	WARN	RSS 756MB pinned=9 pool=13
2026-08-05T13:11:11.122Z	WARN	high pin count 9
2026-08-05T13:11:41.122Z	WARN	RSS 759MB pinned=9 pool=13
2026-08-05T13:11:41.123Z	WARN	high pin count 9
2026-08-05T13:12:11.123Z	WARN	RSS 759MB pinned=9 pool=14
2026-08-05T13:12:11.123Z	WARN	high pin count 9
2026-08-05T13:12:41.124Z	WARN	RSS 756MB pinned=9 pool=14
2026-08-05T13:12:41.125Z	WARN	high pin count 9
2026-08-05T13:13:11.123Z	WARN	RSS 756MB pinned=8 pool=13
2026-08-05T13:13:41.124Z	WARN	RSS 757MB pinned=8 pool=13
2026-08-05T13:14:11.126Z	WARN	RSS 756MB pinned=7 pool=12
2026-08-05T13:14:41.125Z	WARN	RSS 759MB pinned=7 pool=12
2026-08-05T13:15:11.125Z	WARN	RSS 755MB pinned=7 pool=12
2026-08-05T13:15:41.125Z	WARN	RSS 756MB pinned=6 pool=13
2026-08-05T13:16:11.125Z	WARN	RSS 756MB pinned=6 pool=13
2026-08-05T13:16:41.125Z	WARN	RSS 756MB pinned=7 pool=13
2026-08-05T13:17:11.128Z	WARN	RSS 756MB pinned=6 pool=12
2026-08-05T13:17:41.126Z	WARN	RSS 755MB pinned=7 pool=12
2026-08-05T13:18:11.127Z	WARN	RSS 755MB pinned=6 pool=11
2026-08-05T13:18:41.127Z	WARN	RSS 755MB pinned=6 pool=11
2026-08-05T13:19:11.132Z	WARN	RSS 755MB pinned=7 pool=11
2026-08-05T13:19:41.142Z	WARN	RSS 757MB pinned=8 pool=12
2026-08-05T13:20:11.147Z	WARN	RSS 757MB pinned=8 pool=11
2026-08-05T13:20:41.147Z	WARN	RSS 758MB pinned=8 pool=11
2026-08-05T13:21:11.148Z	WARN	RSS 758MB pinned=7 pool=12
2026-08-05T13:21:41.148Z	WARN	RSS 758MB pinned=8 pool=12
2026-08-05T13:22:11.148Z	WARN	RSS 758MB pinned=8 pool=11
2026-08-05T13:22:41.148Z	WARN	RSS 758MB pinned=7 pool=11
2026-08-05T13:23:11.147Z	WARN	RSS 758MB pinned=7 pool=11
2026-08-05T13:23:41.149Z	WARN	RSS 754MB pinned=8 pool=11
2026-08-05T13:24:11.150Z	WARN	RSS 755MB pinned=8 pool=11
2026-08-05T13:24:41.150Z	WARN	RSS 755MB pinned=6 pool=11
2026-08-05T13:25:11.152Z	WARN	RSS 754MB pinned=8 pool=11
2026-08-05T13:25:41.151Z	WARN	RSS 754MB pinned=8 pool=11
2026-08-05T13:26:11.152Z	WARN	RSS 753MB pinned=7 pool=11
2026-08-05T13:26:41.153Z	WARN	RSS 753MB pinned=6 pool=11
2026-08-05T13:27:11.153Z	WARN	RSS 756MB pinned=7 pool=11
2026-08-05T13:27:41.154Z	WARN	RSS 752MB pinned=6 pool=11
2026-08-05T13:28:11.155Z	WARN	RSS 755MB pinned=6 pool=11
2026-08-05T13:28:41.156Z	WARN	RSS 758MB pinned=6 pool=12
2026-08-05T13:29:11.157Z	WARN	RSS 752MB pinned=7 pool=11
2026-08-05T13:29:41.156Z	WARN	RSS 753MB pinned=7 pool=11
2026-08-05T13:30:11.157Z	WARN	RSS 753MB pinned=6 pool=10
2026-08-05T13:30:41.159Z	WARN	RSS 752MB pinned=7 pool=10
2026-08-05T13:31:11.158Z	WARN	RSS 752MB pinned=6 pool=10
2026-08-05T13:31:41.157Z	WARN	RSS 751MB pinned=7 pool=11
2026-08-05T13:32:11.161Z	WARN	RSS 754MB pinned=6 pool=10
2026-08-05T13:32:41.161Z	WARN	RSS 754MB pinned=6 pool=10
2026-08-05T13:33:11.161Z	WARN	RSS 754MB pinned=6 pool=9
2026-08-05T13:33:41.161Z	WARN	RSS 752MB pinned=6 pool=9
2026-08-05T13:34:11.161Z	WARN	RSS 752MB pinned=6 pool=9
2026-08-05T13:34:41.162Z	WARN	RSS 752MB pinned=6 pool=10
2026-08-05T13:35:11.163Z	WARN	RSS 752MB pinned=6 pool=9
2026-08-05T13:35:41.164Z	WARN	RSS 751MB pinned=6 pool=10
2026-08-05T13:36:11.166Z	WARN	RSS 752MB pinned=6 pool=10
2026-08-05T13:36:41.166Z	WARN	RSS 753MB pinned=7 pool=11
2026-08-05T13:37:11.166Z	WARN	RSS 752MB pinned=6 pool=11
2026-08-05T13:37:41.167Z	WARN	RSS 752MB pinned=6 pool=11
2026-08-05T13:38:11.167Z	WARN	RSS 752MB pinned=8 pool=12
2026-08-05T13:38:41.167Z	WARN	RSS 753MB pinned=9 pool=12
2026-08-05T13:38:41.167Z	WARN	high pin count 9
2026-08-05T13:39:11.167Z	WARN	RSS 752MB pinned=8 pool=12
2026-08-05T13:39:41.168Z	WARN	RSS 752MB pinned=7 pool=12
2026-08-05T13:40:11.169Z	WARN	RSS 755MB pinned=8 pool=12
2026-08-05T13:40:41.169Z	WARN	RSS 751MB pinned=8 pool=12
2026-08-05T13:41:11.170Z	WARN	RSS 757MB pinned=8 pool=12
2026-08-05T13:41:41.171Z	WARN	RSS 752MB pinned=7 pool=12
2026-08-05T13:42:11.172Z	WARN	RSS 752MB pinned=8 pool=11
2026-08-05T13:42:41.173Z	WARN	RSS 752MB pinned=7 pool=11
2026-08-05T13:43:11.174Z	WARN	RSS 751MB pinned=8 pool=12
2026-08-05T13:43:41.174Z	WARN	RSS 751MB pinned=8 pool=13
2026-08-05T13:44:11.175Z	WARN	RSS 751MB pinned=8 pool=12
2026-08-05T13:44:41.175Z	WARN	RSS 751MB pinned=9 pool=14
2026-08-05T13:44:41.176Z	WARN	high pin count 9
2026-08-05T13:45:11.176Z	WARN	RSS 751MB pinned=8 pool=14
2026-08-05T13:45:41.177Z	WARN	RSS 752MB pinned=9 pool=15
2026-08-05T13:45:41.177Z	WARN	high pin count 9
2026-08-05T13:46:11.176Z	WARN	RSS 752MB pinned=7 pool=14
2026-08-05T13:46:41.177Z	WARN	RSS 756MB pinned=8 pool=14
2026-08-05T13:47:11.178Z	WARN	RSS 753MB pinned=10 pool=15
2026-08-05T13:47:11.180Z	WARN	high pin count 10
2026-08-05T13:47:41.178Z	WARN	RSS 755MB pinned=10 pool=15
2026-08-05T13:47:41.178Z	WARN	high pin count 10
2026-08-05T13:48:11.178Z	WARN	RSS 753MB pinned=9 pool=14
2026-08-05T13:48:11.179Z	WARN	high pin count 9
2026-08-05T13:48:41.178Z	WARN	RSS 753MB pinned=9 pool=15
2026-08-05T13:48:41.179Z	WARN	high pin count 9
2026-08-05T13:49:11.181Z	WARN	RSS 752MB pinned=9 pool=14
2026-08-05T13:49:11.181Z	WARN	high pin count 9
2026-08-05T13:49:41.182Z	WARN	RSS 753MB pinned=8 pool=14
2026-08-05T13:50:11.182Z	WARN	RSS 752MB pinned=7 pool=12
2026-08-05T13:50:41.184Z	WARN	RSS 754MB pinned=7 pool=12
2026-08-05T13:51:11.183Z	WARN	RSS 752MB pinned=6 pool=12
2026-08-05T13:51:41.183Z	WARN	RSS 752MB pinned=7 pool=12
2026-08-05T13:52:11.184Z	WARN	RSS 752MB pinned=7 pool=14
2026-08-05T13:52:41.185Z	WARN	RSS 752MB pinned=7 pool=14
2026-08-05T13:53:11.185Z	WARN	RSS 755MB pinned=7 pool=12
2026-08-05T13:53:41.186Z	WARN	RSS 755MB pinned=6 pool=14
2026-08-05T13:54:11.186Z	WARN	RSS 755MB pinned=7 pool=12
2026-08-05T13:54:41.188Z	WARN	RSS 755MB pinned=8 pool=12
2026-08-05T13:55:11.188Z	WARN	RSS 758MB pinned=9 pool=13
2026-08-05T13:55:11.189Z	WARN	high pin count 9
2026-08-05T13:55:41.189Z	WARN	RSS 758MB pinned=8 pool=14
2026-08-05T13:56:11.190Z	WARN	RSS 755MB pinned=8 pool=14
2026-08-05T13:56:41.189Z	WARN	RSS 755MB pinned=9 pool=14
2026-08-05T13:56:41.190Z	WARN	high pin count 9
2026-08-05T13:57:11.190Z	WARN	RSS 756MB pinned=9 pool=13
2026-08-05T13:57:11.190Z	WARN	high pin count 9
2026-08-05T13:57:41.191Z	WARN	RSS 755MB pinned=9 pool=13
2026-08-05T13:57:41.192Z	WARN	high pin count 9
2026-08-05T13:58:11.191Z	WARN	RSS 755MB pinned=9 pool=13
2026-08-05T13:58:11.192Z	WARN	high pin count 9
2026-08-05T13:58:41.192Z	WARN	RSS 755MB pinned=8 pool=15
2026-08-05T13:59:11.192Z	WARN	RSS 758MB pinned=8 pool=13
2026-08-05T13:59:41.192Z	WARN	RSS 755MB pinned=8 pool=13
2026-08-05T14:00:11.236Z	WARN	RSS 755MB pinned=7 pool=12
2026-08-05T14:00:41.235Z	WARN	RSS 755MB pinned=8 pool=14
2026-08-05T14:01:11.235Z	WARN	RSS 758MB pinned=7 pool=14
2026-08-05T14:01:41.236Z	WARN	RSS 764MB pinned=7 pool=14
2026-08-05T14:02:11.237Z	WARN	RSS 755MB pinned=6 pool=13
2026-08-05T14:02:41.237Z	WARN	RSS 756MB pinned=8 pool=14
2026-08-05T14:03:11.238Z	WARN	RSS 756MB pinned=6 pool=14
2026-08-05T14:03:41.239Z	WARN	RSS 758MB pinned=7 pool=14
2026-08-05T14:04:11.240Z	WARN	RSS 764MB pinned=8 pool=14
2026-08-05T14:04:41.243Z	WARN	RSS 756MB pinned=8 pool=14
2026-08-05T14:05:11.244Z	WARN	RSS 756MB pinned=8 pool=14
2026-08-05T14:05:41.243Z	WARN	RSS 756MB pinned=7 pool=14
2026-08-05T14:06:11.245Z	WARN	RSS 759MB pinned=6 pool=13
2026-08-05T14:06:41.245Z	WARN	RSS 758MB pinned=6 pool=13
2026-08-05T14:07:11.245Z	WARN	RSS 755MB pinned=6 pool=13
2026-08-05T14:07:41.245Z	WARN	RSS 755MB pinned=6 pool=13
2026-08-05T14:08:11.246Z	WARN	RSS 755MB pinned=6 pool=11
2026-08-05T14:08:41.246Z	WARN	RSS 755MB pinned=6 pool=11
2026-08-05T14:09:11.246Z	WARN	RSS 755MB pinned=6 pool=9
2026-08-05T14:09:41.246Z	WARN	RSS 755MB pinned=6 pool=9
2026-08-05T14:10:11.247Z	WARN	RSS 759MB pinned=6 pool=9
2026-08-05T14:10:41.247Z	WARN	RSS 756MB pinned=7 pool=10
2026-08-05T14:11:11.247Z	WARN	RSS 756MB pinned=7 pool=11
2026-08-05T14:11:41.247Z	WARN	RSS 756MB pinned=8 pool=11
2026-08-05T14:12:11.249Z	WARN	RSS 756MB pinned=7 pool=10
2026-08-05T14:12:41.250Z	WARN	RSS 757MB pinned=8 pool=11
2026-08-05T14:13:11.251Z	WARN	RSS 757MB pinned=8 pool=11
2026-08-05T14:13:41.252Z	WARN	RSS 756MB pinned=8 pool=11
2026-08-05T14:14:11.258Z	WARN	RSS 757MB pinned=7 pool=13
2026-08-05T14:14:41.258Z	WARN	RSS 756MB pinned=8 pool=13
2026-08-05T14:15:11.259Z	WARN	RSS 756MB pinned=8 pool=13
2026-08-05T14:15:41.260Z	WARN	RSS 756MB pinned=7 pool=13
2026-08-05T14:16:11.272Z	WARN	RSS 755MB pinned=8 pool=12
2026-08-05T14:16:41.267Z	WARN	RSS 758MB pinned=8 pool=12
2026-08-05T14:17:11.277Z	WARN	RSS 755MB pinned=8 pool=12
2026-08-05T14:17:41.268Z	WARN	RSS 755MB pinned=8 pool=12
2026-08-05T14:18:11.269Z	WARN	RSS 755MB pinned=7 pool=11
2026-08-05T14:18:41.270Z	WARN	RSS 755MB pinned=7 pool=12
2026-08-05T14:19:11.271Z	WARN	RSS 755MB pinned=7 pool=11
2026-08-05T14:19:41.270Z	WARN	RSS 764MB pinned=9 pool=11
2026-08-05T14:19:41.271Z	WARN	high pin count 9
2026-08-05T14:20:11.271Z	WARN	RSS 762MB pinned=9 pool=11
2026-08-05T14:20:11.272Z	WARN	high pin count 9
2026-08-05T14:20:41.275Z	WARN	RSS 759MB pinned=9 pool=11
2026-08-05T14:20:41.276Z	WARN	high pin count 9
2026-08-05T14:21:11.276Z	WARN	RSS 759MB pinned=9 pool=11
2026-08-05T14:21:11.277Z	WARN	high pin count 9
2026-08-05T14:21:41.276Z	WARN	RSS 759MB pinned=8 pool=11
2026-08-05T14:22:11.276Z	WARN	RSS 756MB pinned=8 pool=12
2026-08-05T14:22:41.277Z	WARN	RSS 756MB pinned=9 pool=12
2026-08-05T14:22:41.277Z	WARN	high pin count 9
2026-08-05T14:23:11.277Z	WARN	RSS 755MB pinned=9 pool=13
2026-08-05T14:23:11.278Z	WARN	high pin count 9
2026-08-05T14:23:41.278Z	WARN	RSS 758MB pinned=9 pool=13
2026-08-05T14:23:41.278Z	WARN	high pin count 9
2026-08-05T14:24:11.278Z	WARN	RSS 755MB pinned=9 pool=14
2026-08-05T14:24:11.279Z	WARN	high pin count 9
2026-08-05T14:24:41.279Z	WARN	RSS 757MB pinned=9 pool=14
2026-08-05T14:24:41.280Z	WARN	high pin count 9
2026-08-05T14:25:11.279Z	WARN	RSS 757MB pinned=8 pool=13
2026-08-05T14:25:41.279Z	WARN	RSS 757MB pinned=8 pool=13
2026-08-05T14:26:11.280Z	WARN	RSS 755MB pinned=9 pool=13
2026-08-05T14:26:11.281Z	WARN	high pin count 9
2026-08-05T14:26:41.280Z	WARN	RSS 758MB pinned=9 pool=15
2026-08-05T14:26:41.280Z	WARN	high pin count 9
2026-08-05T14:27:11.280Z	WARN	RSS 763MB pinned=9 pool=14
2026-08-05T14:27:11.281Z	WARN	high pin count 9
2026-08-05T14:27:41.281Z	WARN	RSS 754MB pinned=10 pool=14
2026-08-05T14:27:41.282Z	WARN	high pin count 10
2026-08-05T14:28:11.283Z	WARN	RSS 755MB pinned=11 pool=14
2026-08-05T14:28:11.284Z	WARN	high pin count 11
2026-08-05T14:28:41.283Z	WARN	RSS 764MB pinned=9 pool=14
2026-08-05T14:28:41.284Z	WARN	high pin count 9
2026-08-05T14:29:11.284Z	WARN	RSS 764MB pinned=9 pool=14
2026-08-05T14:29:11.285Z	WARN	high pin count 9
2026-08-05T14:29:41.283Z	WARN	RSS 755MB pinned=10 pool=14
2026-08-05T14:29:41.284Z	WARN	high pin count 10
2026-08-05T14:30:11.284Z	WARN	RSS 761MB pinned=10 pool=13
2026-08-05T14:30:11.285Z	WARN	high pin count 10
2026-08-05T14:30:41.285Z	WARN	RSS 755MB pinned=9 pool=13
2026-08-05T14:30:41.287Z	WARN	high pin count 9
2026-08-05T14:31:11.287Z	WARN	RSS 755MB pinned=9 pool=12
2026-08-05T14:31:11.289Z	WARN	high pin count 9
2026-08-05T14:31:41.287Z	WARN	RSS 755MB pinned=8 pool=12
2026-08-05T14:32:11.294Z	WARN	RSS 755MB pinned=9 pool=12
2026-08-05T14:32:11.298Z	WARN	high pin count 9
2026-08-05T14:32:41.294Z	WARN	RSS 758MB pinned=9 pool=13
2026-08-05T14:32:41.295Z	WARN	high pin count 9
2026-08-05T14:33:11.294Z	WARN	RSS 755MB pinned=9 pool=12
2026-08-05T14:33:11.295Z	WARN	high pin count 9
2026-08-05T14:33:41.295Z	WARN	RSS 761MB pinned=11 pool=14
2026-08-05T14:33:41.295Z	WARN	high pin count 11
2026-08-05T14:34:11.295Z	WARN	RSS 761MB pinned=9 pool=14
2026-08-05T14:34:11.296Z	WARN	high pin count 9
2026-08-05T14:34:41.296Z	WARN	RSS 755MB pinned=9 pool=14
2026-08-05T14:34:41.296Z	WARN	high pin count 9
2026-08-05T14:35:11.298Z	WARN	RSS 755MB pinned=10 pool=13
2026-08-05T14:35:11.298Z	WARN	high pin count 10
2026-08-05T14:35:41.299Z	WARN	RSS 755MB pinned=9 pool=13
2026-08-05T14:35:41.302Z	WARN	high pin count 9
2026-08-05T14:36:11.300Z	WARN	RSS 756MB pinned=8 pool=13
2026-08-05T14:36:41.301Z	WARN	RSS 761MB pinned=9 pool=14
2026-08-05T14:36:41.302Z	WARN	high pin count 9
2026-08-05T14:37:11.302Z	WARN	RSS 755MB pinned=10 pool=14
2026-08-05T14:37:11.302Z	WARN	high pin count 10
2026-08-05T14:37:41.303Z	WARN	RSS 756MB pinned=12 pool=15
2026-08-05T14:37:41.303Z	WARN	high pin count 12
2026-08-05T14:38:11.313Z	WARN	RSS 759MB pinned=11 pool=14
2026-08-05T14:38:11.320Z	WARN	high pin count 11
2026-08-05T14:38:41.312Z	WARN	RSS 756MB pinned=10 pool=14
2026-08-05T14:38:41.313Z	WARN	high pin count 10
2026-08-05T14:39:11.317Z	WARN	RSS 756MB pinned=10 pool=12
2026-08-05T14:39:11.321Z	WARN	high pin count 10
2026-08-05T14:39:41.318Z	WARN	RSS 756MB pinned=12 pool=12
2026-08-05T14:39:41.319Z	WARN	high pin count 12
2026-08-05T14:40:11.320Z	WARN	RSS 756MB pinned=9 pool=14
2026-08-05T14:40:11.320Z	WARN	high pin count 9
2026-08-05T14:40:41.320Z	WARN	RSS 756MB pinned=10 pool=15
2026-08-05T14:40:41.320Z	WARN	high pin count 10
2026-08-05T14:41:11.320Z	WARN	RSS 756MB pinned=9 pool=16
2026-08-05T14:41:11.320Z	WARN	high pin count 9
2026-08-05T14:41:41.320Z	WARN	RSS 756MB pinned=10 pool=16
2026-08-05T14:41:41.320Z	WARN	high pin count 10
2026-08-05T14:42:11.320Z	WARN	RSS 758MB pinned=10 pool=16
2026-08-05T14:42:11.321Z	WARN	high pin count 10
2026-08-05T14:42:41.322Z	WARN	RSS 756MB pinned=9 pool=16
2026-08-05T14:42:41.323Z	WARN	high pin count 9
2026-08-05T14:43:11.322Z	WARN	RSS 755MB pinned=8 pool=15
2026-08-05T14:43:41.322Z	WARN	RSS 756MB pinned=9 pool=15
2026-08-05T14:43:41.322Z	WARN	high pin count 9
2026-08-05T14:44:11.323Z	WARN	RSS 755MB pinned=8 pool=12
2026-08-05T14:44:41.323Z	WARN	RSS 755MB pinned=8 pool=12
2026-08-05T14:45:11.324Z	WARN	RSS 758MB pinned=8 pool=12
2026-08-05T14:45:41.325Z	WARN	RSS 755MB pinned=9 pool=13
2026-08-05T14:45:41.325Z	WARN	high pin count 9
2026-08-05T14:46:11.327Z	WARN	RSS 755MB pinned=8 pool=11
2026-08-05T14:46:41.327Z	WARN	RSS 754MB pinned=8 pool=12
2026-08-05T14:47:11.327Z	WARN	RSS 754MB pinned=8 pool=11
2026-08-05T14:47:41.327Z	WARN	RSS 754MB pinned=8 pool=12
2026-08-05T14:48:11.327Z	WARN	RSS 754MB pinned=8 pool=12
2026-08-05T14:48:41.328Z	WARN	RSS 754MB pinned=8 pool=12
2026-08-05T14:49:11.329Z	WARN	RSS 754MB pinned=8 pool=10
2026-08-05T14:49:41.330Z	WARN	RSS 754MB pinned=8 pool=10
2026-08-05T14:50:11.330Z	WARN	RSS 754MB pinned=9 pool=11
2026-08-05T14:50:11.331Z	WARN	high pin count 9
2026-08-05T14:50:41.331Z	WARN	RSS 754MB pinned=9 pool=11
2026-08-05T14:50:41.331Z	WARN	high pin count 9
2026-08-05T14:51:11.331Z	WARN	RSS 754MB pinned=9 pool=12
2026-08-05T14:51:11.331Z	WARN	high pin count 9
2026-08-05T14:51:41.331Z	WARN	RSS 754MB pinned=8 pool=12
2026-08-05T14:52:11.331Z	WARN	RSS 754MB pinned=8 pool=11
2026-08-05T14:52:41.333Z	WARN	RSS 757MB pinned=8 pool=11
2026-08-05T14:53:11.333Z	WARN	RSS 753MB pinned=8 pool=11
2026-08-05T14:53:41.334Z	WARN	RSS 753MB pinned=9 pool=11
2026-08-05T14:53:41.335Z	WARN	high pin count 9
2026-08-05T14:54:11.334Z	WARN	RSS 753MB pinned=8 pool=10
2026-08-05T14:54:41.334Z	WARN	RSS 754MB pinned=9 pool=11
2026-08-05T14:54:41.334Z	WARN	high pin count 9
2026-08-05T14:55:11.334Z	WARN	RSS 754MB pinned=9 pool=12
2026-08-05T14:55:11.334Z	WARN	high pin count 9
2026-08-05T14:55:41.335Z	WARN	RSS 759MB pinned=9 pool=12
2026-08-05T14:55:41.336Z	WARN	high pin count 9
2026-08-05T14:56:11.336Z	WARN	RSS 755MB pinned=10 pool=12
2026-08-05T14:56:11.336Z	WARN	high pin count 10
2026-08-05T14:56:41.336Z	WARN	RSS 755MB pinned=10 pool=12
2026-08-05T14:56:41.336Z	WARN	high pin count 10
2026-08-05T14:57:11.338Z	WARN	RSS 755MB pinned=10 pool=12
2026-08-05T14:57:11.340Z	WARN	high pin count 10
2026-08-05T14:57:41.339Z	WARN	RSS 757MB pinned=9 pool=12
2026-08-05T14:57:41.340Z	WARN	high pin count 9
2026-08-05T14:58:11.340Z	WARN	RSS 754MB pinned=9 pool=12
2026-08-05T14:58:11.340Z	WARN	high pin count 9
2026-08-05T14:58:41.340Z	WARN	RSS 754MB pinned=10 pool=12
2026-08-05T14:58:41.341Z	WARN	high pin count 10
2026-08-05T14:59:11.340Z	WARN	RSS 754MB pinned=9 pool=12
2026-08-05T14:59:11.341Z	WARN	high pin count 9
2026-08-05T14:59:41.341Z	WARN	RSS 757MB pinned=9 pool=12
2026-08-05T14:59:41.342Z	WARN	high pin count 9
2026-08-05T15:00:11.345Z	WARN	RSS 758MB pinned=10 pool=12
2026-08-05T15:00:11.346Z	WARN	high pin count 10
2026-08-05T15:00:41.343Z	WARN	RSS 754MB pinned=10 pool=14
2026-08-05T15:00:41.344Z	WARN	high pin count 10
2026-08-05T15:01:11.346Z	WARN	RSS 757MB pinned=11 pool=13
2026-08-05T15:01:11.348Z	WARN	high pin count 11
2026-08-05T15:01:41.344Z	WARN	RSS 754MB pinned=10 pool=14
2026-08-05T15:01:41.344Z	WARN	high pin count 10
2026-08-05T15:02:11.344Z	WARN	RSS 754MB pinned=8 pool=14
2026-08-05T15:02:41.344Z	WARN	RSS 754MB pinned=9 pool=14
2026-08-05T15:02:41.345Z	WARN	high pin count 9
2026-08-05T15:03:11.346Z	WARN	RSS 754MB pinned=9 pool=15
2026-08-05T15:03:11.347Z	WARN	high pin count 9
2026-08-05T15:03:41.347Z	WARN	RSS 757MB pinned=9 pool=15
2026-08-05T15:03:41.348Z	WARN	high pin count 9
2026-08-05T15:04:11.348Z	WARN	RSS 754MB pinned=10 pool=15
2026-08-05T15:04:11.348Z	WARN	high pin count 10
2026-08-05T15:04:41.349Z	WARN	RSS 760MB pinned=9 pool=15
2026-08-05T15:04:41.350Z	WARN	high pin count 9
2026-08-05T15:05:11.350Z	WARN	RSS 754MB pinned=11 pool=14
2026-08-05T15:05:11.350Z	WARN	high pin count 11
2026-08-05T15:05:41.350Z	WARN	RSS 754MB pinned=11 pool=15
2026-08-05T15:05:41.350Z	WARN	high pin count 11
2026-08-05T15:06:11.351Z	WARN	RSS 754MB pinned=9 pool=15
2026-08-05T15:06:11.352Z	WARN	high pin count 9
2026-08-05T15:06:41.352Z	WARN	RSS 757MB pinned=10 pool=15
2026-08-05T15:06:41.353Z	WARN	high pin count 10
2026-08-05T15:07:11.352Z	WARN	RSS 754MB pinned=10 pool=15
2026-08-05T15:07:11.353Z	WARN	high pin count 10
2026-08-05T15:07:41.352Z	WARN	RSS 754MB pinned=10 pool=16
2026-08-05T15:07:41.353Z	WARN	high pin count 10
2026-08-05T15:08:11.353Z	WARN	RSS 754MB pinned=9 pool=16
2026-08-05T15:08:11.355Z	WARN	high pin count 9
2026-08-05T15:08:41.352Z	WARN	RSS 757MB pinned=10 pool=16
2026-08-05T15:08:41.352Z	WARN	high pin count 10
2026-08-05T15:09:11.353Z	WARN	RSS 757MB pinned=10 pool=16
2026-08-05T15:09:11.354Z	WARN	high pin count 10
2026-08-05T15:09:41.354Z	WARN	RSS 754MB pinned=9 pool=17
2026-08-05T15:09:41.354Z	WARN	high pin count 9
2026-08-05T15:10:11.355Z	WARN	RSS 761MB pinned=9 pool=17
2026-08-05T15:10:11.355Z	WARN	high pin count 9
2026-08-05T15:10:41.356Z	WARN	RSS 754MB pinned=10 pool=17
2026-08-05T15:10:41.359Z	WARN	high pin count 10
2026-08-05T15:11:11.356Z	WARN	RSS 755MB pinned=11 pool=17
2026-08-05T15:11:11.357Z	WARN	high pin count 11
2026-08-05T15:11:41.357Z	WARN	RSS 755MB pinned=10 pool=17
2026-08-05T15:11:41.358Z	WARN	high pin count 10
2026-08-05T15:12:11.356Z	WARN	RSS 758MB pinned=11 pool=17
2026-08-05T15:12:11.357Z	WARN	high pin count 11
2026-08-05T15:12:41.356Z	WARN	RSS 758MB pinned=12 pool=18
2026-08-05T15:12:41.357Z	WARN	high pin count 12
2026-08-05T15:13:11.357Z	WARN	RSS 755MB pinned=10 pool=17
2026-08-05T15:13:11.357Z	WARN	high pin count 10
2026-08-05T15:13:41.357Z	WARN	RSS 755MB pinned=12 pool=17
2026-08-05T15:13:41.358Z	WARN	high pin count 12
2026-08-05T15:14:11.358Z	WARN	RSS 755MB pinned=11 pool=16
2026-08-05T15:14:11.359Z	WARN	high pin count 11
2026-08-05T15:14:41.360Z	WARN	RSS 758MB pinned=11 pool=16
2026-08-05T15:14:41.360Z	WARN	high pin count 11
2026-08-05T15:15:11.361Z	WARN	RSS 758MB pinned=9 pool=16
2026-08-05T15:15:11.362Z	WARN	high pin count 9
2026-08-05T15:15:41.361Z	WARN	RSS 755MB pinned=9 pool=16
2026-08-05T15:15:41.362Z	WARN	high pin count 9
2026-08-05T15:16:11.364Z	WARN	RSS 755MB pinned=9 pool=13
2026-08-05T15:16:11.364Z	WARN	high pin count 9
2026-08-05T15:16:41.364Z	WARN	RSS 755MB pinned=10 pool=13
2026-08-05T15:16:41.364Z	WARN	high pin count 10
2026-08-05T15:17:11.366Z	WARN	RSS 758MB pinned=9 pool=13
2026-08-05T15:17:11.374Z	WARN	high pin count 9
2026-08-05T15:17:41.366Z	WARN	RSS 755MB pinned=9 pool=13
2026-08-05T15:17:41.366Z	WARN	high pin count 9
2026-08-05T15:18:11.366Z	WARN	RSS 761MB pinned=9 pool=14
2026-08-05T15:18:11.367Z	WARN	high pin count 9
2026-08-05T15:18:41.367Z	WARN	RSS 758MB pinned=9 pool=14
2026-08-05T15:18:41.368Z	WARN	high pin count 9
2026-08-05T15:19:11.367Z	WARN	RSS 758MB pinned=9 pool=14
2026-08-05T15:19:11.368Z	WARN	high pin count 9
2026-08-05T15:19:41.369Z	WARN	RSS 755MB pinned=9 pool=14
2026-08-05T15:19:41.369Z	WARN	high pin count 9
2026-08-05T15:20:11.369Z	WARN	RSS 755MB pinned=9 pool=13
2026-08-05T15:20:11.370Z	WARN	high pin count 9
2026-08-05T15:20:41.370Z	WARN	RSS 755MB pinned=8 pool=14
2026-08-05T15:21:11.370Z	WARN	RSS 761MB pinned=9 pool=13
2026-08-05T15:21:11.370Z	WARN	high pin count 9
2026-08-05T15:21:41.370Z	WARN	RSS 755MB pinned=9 pool=13
2026-08-05T15:21:41.371Z	WARN	high pin count 9
2026-08-05T15:22:11.388Z	WARN	RSS 755MB pinned=9 pool=11
2026-08-05T15:22:11.390Z	WARN	high pin count 9
2026-08-05T15:22:41.384Z	WARN	RSS 755MB pinned=9 pool=11
2026-08-05T15:22:41.385Z	WARN	high pin count 9
2026-08-05T15:23:11.385Z	WARN	RSS 758MB pinned=8 pool=12
2026-08-05T15:23:41.384Z	WARN	RSS 755MB pinned=9 pool=12
2026-08-05T15:23:41.385Z	WARN	high pin count 9
2026-08-05T15:24:11.386Z	WARN	RSS 755MB pinned=9 pool=12
2026-08-05T15:24:11.386Z	WARN	high pin count 9
2026-08-05T15:24:41.386Z	WARN	RSS 755MB pinned=8 pool=12
2026-08-05T15:25:11.388Z	WARN	RSS 755MB pinned=9 pool=12
2026-08-05T15:25:11.394Z	WARN	high pin count 9
2026-08-05T15:25:41.388Z	WARN	RSS 755MB pinned=8 pool=12
2026-08-05T15:26:11.388Z	WARN	RSS 756MB pinned=8 pool=11
2026-08-05T15:26:41.389Z	WARN	RSS 755MB pinned=9 pool=11
2026-08-05T15:26:41.389Z	WARN	high pin count 9
2026-08-05T15:27:11.389Z	WARN	RSS 755MB pinned=9 pool=10
2026-08-05T15:27:11.389Z	WARN	high pin count 9
2026-08-05T15:27:41.389Z	WARN	RSS 758MB pinned=9 pool=10
2026-08-05T15:27:41.389Z	WARN	high pin count 9
2026-08-05T15:28:11.389Z	WARN	RSS 758MB pinned=8 pool=10
2026-08-05T15:28:41.389Z	WARN	RSS 755MB pinned=9 pool=11
2026-08-05T15:28:41.390Z	WARN	high pin count 9
2026-08-05T15:29:11.392Z	WARN	RSS 755MB pinned=9 pool=11
2026-08-05T15:29:11.393Z	WARN	high pin count 9
2026-08-05T15:29:41.392Z	WARN	RSS 756MB pinned=10 pool=12
2026-08-05T15:29:41.392Z	WARN	high pin count 10
2026-08-05T15:30:11.394Z	WARN	RSS 756MB pinned=8 pool=12
2026-08-05T15:30:41.394Z	WARN	RSS 756MB pinned=10 pool=12
2026-08-05T15:30:41.395Z	WARN	high pin count 10
2026-08-05T15:31:11.395Z	WARN	RSS 755MB pinned=8 pool=12
2026-08-05T15:31:41.395Z	WARN	RSS 755MB pinned=8 pool=12
2026-08-05T15:32:11.396Z	WARN	RSS 758MB pinned=9 pool=11
2026-08-05T15:32:11.396Z	WARN	high pin count 9
2026-08-05T15:32:41.397Z	WARN	RSS 758MB pinned=9 pool=11
2026-08-05T15:32:41.398Z	WARN	high pin count 9
2026-08-05T15:33:11.398Z	WARN	RSS 755MB pinned=9 pool=11
2026-08-05T15:33:11.400Z	WARN	high pin count 9
2026-08-05T15:33:41.398Z	WARN	RSS 755MB pinned=9 pool=11
2026-08-05T15:33:41.399Z	WARN	high pin count 9
2026-08-05T15:34:11.398Z	WARN	RSS 755MB pinned=9 pool=10
2026-08-05T15:34:11.399Z	WARN	high pin count 9
2026-08-05T15:34:41.398Z	WARN	RSS 755MB pinned=8 pool=10
2026-08-05T15:35:11.399Z	WARN	RSS 755MB pinned=8 pool=9
2026-08-05T15:35:41.401Z	WARN	RSS 755MB pinned=9 pool=11
2026-08-05T15:35:41.401Z	WARN	high pin count 9
2026-08-05T15:36:11.402Z	WARN	RSS 755MB pinned=9 pool=12
2026-08-05T15:36:11.402Z	WARN	high pin count 9
2026-08-05T15:36:41.404Z	WARN	RSS 755MB pinned=9 pool=13
2026-08-05T15:36:41.405Z	WARN	high pin count 9
2026-08-05T15:37:11.405Z	WARN	RSS 755MB pinned=9 pool=13
2026-08-05T15:37:11.406Z	WARN	high pin count 9
2026-08-05T15:37:41.405Z	WARN	RSS 755MB pinned=9 pool=13
2026-08-05T15:37:41.406Z	WARN	high pin count 9
2026-08-05T15:38:11.406Z	WARN	RSS 755MB pinned=9 pool=13
2026-08-05T15:38:11.407Z	WARN	high pin count 9
2026-08-05T15:38:41.406Z	WARN	RSS 755MB pinned=8 pool=13
2026-08-05T15:39:11.407Z	WARN	RSS 755MB pinned=7 pool=11
2026-08-05T15:39:41.407Z	WARN	RSS 755MB pinned=7 pool=11
2026-08-05T15:40:11.408Z	WARN	RSS 756MB pinned=7 pool=10
2026-08-05T15:40:41.408Z	WARN	RSS 754MB pinned=7 pool=10
2026-08-05T15:41:11.407Z	WARN	RSS 754MB pinned=8 pool=10
2026-08-05T15:41:41.408Z	WARN	RSS 754MB pinned=9 pool=10
2026-08-05T15:41:41.408Z	WARN	high pin count 9
2026-08-05T15:42:11.408Z	WARN	RSS 754MB pinned=8 pool=10
2026-08-05T15:42:41.409Z	WARN	RSS 754MB pinned=8 pool=10
2026-08-05T15:43:11.410Z	WARN	RSS 754MB pinned=9 pool=11
2026-08-05T15:43:11.410Z	WARN	high pin count 9
2026-08-05T15:43:41.411Z	WARN	RSS 754MB pinned=7 pool=12
2026-08-05T15:44:11.411Z	WARN	RSS 753MB pinned=8 pool=12
2026-08-05T15:44:41.411Z	WARN	RSS 753MB pinned=8 pool=12
2026-08-05T15:45:11.412Z	WARN	RSS 756MB pinned=8 pool=12
2026-08-05T15:45:41.412Z	WARN	RSS 754MB pinned=8 pool=12
2026-08-05T15:46:11.412Z	WARN	RSS 753MB pinned=8 pool=10
2026-08-05T15:46:41.413Z	WARN	RSS 753MB pinned=9 pool=11
2026-08-05T15:46:41.414Z	WARN	high pin count 9
2026-08-05T15:47:11.413Z	WARN	RSS 759MB pinned=8 pool=10
2026-08-05T15:47:41.414Z	WARN	RSS 753MB pinned=8 pool=11
2026-08-05T15:48:11.414Z	WARN	RSS 754MB pinned=9 pool=11
2026-08-05T15:48:11.415Z	WARN	high pin count 9
2026-08-05T15:48:41.415Z	WARN	RSS 754MB pinned=8 pool=12
2026-08-05T15:49:11.415Z	WARN	RSS 754MB pinned=8 pool=12
2026-08-05T15:49:41.414Z	WARN	RSS 754MB pinned=8 pool=12
2026-08-05T15:50:11.415Z	WARN	RSS 754MB pinned=8 pool=12
2026-08-05T15:50:41.415Z	WARN	RSS 754MB pinned=8 pool=12
2026-08-05T15:51:11.415Z	WARN	RSS 754MB pinned=8 pool=11
2026-08-05T15:51:41.416Z	WARN	RSS 754MB pinned=8 pool=11
2026-08-05T15:52:11.416Z	WARN	RSS 754MB pinned=8 pool=10
2026-08-05T15:52:41.417Z	WARN	RSS 754MB pinned=8 pool=10
2026-08-05T15:53:11.418Z	WARN	RSS 754MB pinned=8 pool=9
2026-08-05T15:53:41.418Z	WARN	RSS 754MB pinned=8 pool=9
2026-08-05T15:54:11.418Z	WARN	RSS 754MB pinned=8 pool=9
2026-08-05T15:54:41.417Z	WARN	RSS 754MB pinned=9 pool=11
2026-08-05T15:54:41.418Z	WARN	high pin count 9
2026-08-05T15:55:11.419Z	WARN	RSS 754MB pinned=9 pool=11
2026-08-05T15:55:11.420Z	WARN	high pin count 9
2026-08-05T15:55:41.420Z	WARN	RSS 754MB pinned=10 pool=12
2026-08-05T15:55:41.421Z	WARN	high pin count 10
2026-08-05T15:56:11.422Z	WARN	RSS 755MB pinned=10 pool=13
2026-08-05T15:56:11.423Z	WARN	high pin count 10
2026-08-05T15:56:41.422Z	WARN	RSS 755MB pinned=9 pool=14
2026-08-05T15:56:41.422Z	WARN	high pin count 9
2026-08-05T15:57:11.424Z	WARN	RSS 755MB pinned=9 pool=14
2026-08-05T15:57:11.424Z	WARN	high pin count 9
2026-08-05T15:57:41.424Z	WARN	RSS 754MB pinned=9 pool=14
2026-08-05T15:57:41.424Z	WARN	high pin count 9
2026-08-05T15:58:11.424Z	WARN	RSS 754MB pinned=9 pool=13
2026-08-05T15:58:11.425Z	WARN	high pin count 9
2026-08-05T15:58:41.425Z	WARN	RSS 754MB pinned=9 pool=13
2026-08-05T15:58:41.426Z	WARN	high pin count 9
2026-08-05T15:59:11.426Z	WARN	RSS 754MB pinned=9 pool=11
2026-08-05T15:59:11.427Z	WARN	high pin count 9
2026-08-05T15:59:41.428Z	WARN	RSS 755MB pinned=9 pool=11
2026-08-05T15:59:41.429Z	WARN	high pin count 9
2026-08-05T16:00:11.435Z	WARN	RSS 755MB pinned=9 pool=10
2026-08-05T16:00:11.436Z	WARN	high pin count 9
2026-08-05T16:00:41.433Z	WARN	RSS 754MB pinned=9 pool=12
2026-08-05T16:00:41.433Z	WARN	high pin count 9
2026-08-05T16:01:11.433Z	WARN	RSS 755MB pinned=10 pool=12
2026-08-05T16:01:11.434Z	WARN	high pin count 10
2026-08-05T16:01:41.434Z	WARN	RSS 758MB pinned=10 pool=12
2026-08-05T16:01:41.435Z	WARN	high pin count 10
2026-08-05T16:02:11.435Z	WARN	RSS 755MB pinned=10 pool=13
2026-08-05T16:02:11.435Z	WARN	high pin count 10
2026-08-05T16:02:41.436Z	WARN	RSS 758MB pinned=10 pool=13
2026-08-05T16:02:41.436Z	WARN	high pin count 10
2026-08-05T16:03:11.437Z	WARN	RSS 758MB pinned=10 pool=13
2026-08-05T16:03:11.438Z	WARN	high pin count 10
2026-08-05T16:03:41.437Z	WARN	RSS 755MB pinned=10 pool=13
2026-08-05T16:03:41.438Z	WARN	high pin count 10
2026-08-05T16:04:11.438Z	WARN	RSS 755MB pinned=10 pool=12
2026-08-05T16:04:11.439Z	WARN	high pin count 10
2026-08-05T16:04:41.439Z	WARN	RSS 755MB pinned=10 pool=13
2026-08-05T16:04:41.439Z	WARN	high pin count 10
2026-08-05T16:05:11.439Z	WARN	RSS 761MB pinned=10 pool=13
2026-08-05T16:05:11.439Z	WARN	high pin count 10
2026-08-05T16:05:41.440Z	WARN	RSS 761MB pinned=11 pool=14
2026-08-05T16:05:41.440Z	WARN	high pin count 11
2026-08-05T16:06:11.439Z	WARN	RSS 755MB pinned=10 pool=14
2026-08-05T16:06:11.439Z	WARN	high pin count 10
2026-08-05T16:06:41.440Z	WARN	RSS 756MB pinned=10 pool=14
2026-08-05T16:06:41.441Z	WARN	high pin count 10
2026-08-05T16:07:11.441Z	WARN	RSS 756MB pinned=10 pool=14
2026-08-05T16:07:11.442Z	WARN	high pin count 10
2026-08-05T16:07:41.441Z	WARN	RSS 755MB pinned=10 pool=14
2026-08-05T16:07:41.442Z	WARN	high pin count 10
2026-08-05T16:08:11.440Z	WARN	RSS 760MB pinned=10 pool=14
2026-08-05T16:08:11.441Z	WARN	high pin count 10
2026-08-05T16:08:41.441Z	WARN	RSS 755MB pinned=10 pool=14
2026-08-05T16:08:41.442Z	WARN	high pin count 10
2026-08-05T16:09:11.441Z	WARN	RSS 755MB pinned=10 pool=13
2026-08-05T16:09:11.441Z	WARN	high pin count 10
2026-08-05T16:09:41.442Z	WARN	RSS 755MB pinned=10 pool=13
2026-08-05T16:09:41.443Z	WARN	high pin count 10
2026-08-05T16:10:11.452Z	WARN	RSS 756MB pinned=10 pool=12
2026-08-05T16:10:11.452Z	WARN	high pin count 10
2026-08-05T16:10:41.452Z	WARN	RSS 755MB pinned=10 pool=12
2026-08-05T16:10:41.453Z	WARN	high pin count 10
2026-08-05T16:11:11.455Z	WARN	RSS 755MB pinned=10 pool=11
2026-08-05T16:11:11.455Z	WARN	high pin count 10
2026-08-05T16:11:41.455Z	WARN	RSS 755MB pinned=10 pool=11
2026-08-05T16:11:41.457Z	WARN	high pin count 10
2026-08-05T16:12:11.455Z	WARN	RSS 755MB pinned=10 pool=11
2026-08-05T16:12:11.456Z	WARN	high pin count 10
2026-08-05T16:12:41.456Z	WARN	RSS 755MB pinned=10 pool=11
2026-08-05T16:12:41.456Z	WARN	high pin count 10
2026-08-05T16:13:11.456Z	WARN	RSS 755MB pinned=10 pool=11
2026-08-05T16:13:11.456Z	WARN	high pin count 10
2026-08-05T16:13:41.457Z	WARN	RSS 758MB pinned=10 pool=12
2026-08-05T16:13:41.457Z	WARN	high pin count 10
2026-08-05T16:14:11.456Z	WARN	RSS 755MB pinned=10 pool=11
2026-08-05T16:14:11.456Z	WARN	high pin count 10
2026-08-05T16:14:41.457Z	WARN	RSS 755MB pinned=10 pool=11
2026-08-05T16:14:41.457Z	WARN	high pin count 10
2026-08-05T16:15:11.457Z	WARN	RSS 758MB pinned=10 pool=11
2026-08-05T16:15:11.458Z	WARN	high pin count 10
2026-08-05T16:15:41.458Z	WARN	RSS 754MB pinned=10 pool=12
2026-08-05T16:15:41.459Z	WARN	high pin count 10
2026-08-05T16:16:11.460Z	WARN	RSS 754MB pinned=10 pool=12
2026-08-05T16:16:11.460Z	WARN	high pin count 10
2026-08-05T16:16:41.459Z	WARN	RSS 754MB pinned=10 pool=12
2026-08-05T16:16:41.460Z	WARN	high pin count 10
2026-08-05T16:17:11.529Z	WARN	RSS 754MB pinned=10 pool=11
2026-08-05T16:17:11.532Z	WARN	high pin count 10
2026-08-05T16:17:41.476Z	WARN	RSS 754MB pinned=10 pool=11
2026-08-05T16:17:41.477Z	WARN	high pin count 10
2026-08-05T16:18:11.477Z	WARN	RSS 754MB pinned=10 pool=11
2026-08-05T16:18:11.478Z	WARN	high pin count 10
2026-08-05T16:18:41.477Z	WARN	RSS 754MB pinned=10 pool=11
2026-08-05T16:18:41.478Z	WARN	high pin count 10
2026-08-05T16:19:11.478Z	WARN	RSS 754MB pinned=10 pool=11
2026-08-05T16:19:11.479Z	WARN	high pin count 10
2026-08-05T16:19:41.479Z	WARN	RSS 754MB pinned=10 pool=11
2026-08-05T16:19:41.480Z	WARN	high pin count 10
2026-08-05T16:20:11.479Z	WARN	RSS 754MB pinned=10 pool=12
2026-08-05T16:20:11.479Z	WARN	high pin count 10
2026-08-05T16:20:41.479Z	WARN	RSS 754MB pinned=10 pool=12
2026-08-05T16:20:41.479Z	WARN	high pin count 10
2026-08-05T16:21:11.480Z	WARN	RSS 754MB pinned=10 pool=13
2026-08-05T16:21:11.480Z	WARN	high pin count 10
2026-08-05T16:21:41.480Z	WARN	RSS 754MB pinned=11 pool=13
2026-08-05T16:21:41.481Z	WARN	high pin count 11
2026-08-05T16:22:11.481Z	WARN	RSS 754MB pinned=11 pool=13
2026-08-05T16:22:11.482Z	WARN	high pin count 11
2026-08-05T16:22:41.481Z	WARN	RSS 754MB pinned=11 pool=13
2026-08-05T16:22:41.482Z	WARN	high pin count 11
2026-08-05T16:23:11.484Z	WARN	RSS 754MB pinned=11 pool=12
2026-08-05T16:23:11.485Z	WARN	high pin count 11
2026-08-05T16:23:41.483Z	WARN	RSS 754MB pinned=11 pool=12
2026-08-05T16:23:41.484Z	WARN	high pin count 11
2026-08-05T16:24:11.484Z	WARN	RSS 754MB pinned=11 pool=12
2026-08-05T16:24:11.484Z	WARN	high pin count 11
2026-08-05T16:24:41.484Z	WARN	RSS 754MB pinned=11 pool=12
2026-08-05T16:24:41.484Z	WARN	high pin count 11
2026-08-05T16:25:11.488Z	WARN	RSS 754MB pinned=11 pool=12
2026-08-05T16:25:11.488Z	WARN	high pin count 11
2026-08-05T16:25:41.486Z	WARN	RSS 754MB pinned=10 pool=12
2026-08-05T16:25:41.486Z	WARN	high pin count 10
2026-08-05T16:26:11.487Z	WARN	RSS 754MB pinned=9 pool=12
2026-08-05T16:26:11.488Z	WARN	high pin count 9
2026-08-05T16:26:41.487Z	WARN	RSS 754MB pinned=9 pool=12
2026-08-05T16:26:41.488Z	WARN	high pin count 9
2026-08-05T16:27:11.487Z	WARN	RSS 754MB pinned=9 pool=12
2026-08-05T16:27:11.489Z	WARN	high pin count 9
2026-08-05T16:27:41.487Z	WARN	RSS 754MB pinned=9 pool=12
2026-08-05T16:27:41.488Z	WARN	high pin count 9
2026-08-05T16:28:11.488Z	WARN	RSS 754MB pinned=9 pool=12
2026-08-05T16:28:11.489Z	WARN	high pin count 9
2026-08-05T16:28:41.488Z	WARN	RSS 754MB pinned=9 pool=12
2026-08-05T16:28:41.489Z	WARN	high pin count 9
2026-08-05T16:29:11.489Z	WARN	RSS 754MB pinned=9 pool=11
2026-08-05T16:29:11.490Z	WARN	high pin count 9
2026-08-05T16:29:41.489Z	WARN	RSS 754MB pinned=9 pool=11
2026-08-05T16:29:41.489Z	WARN	high pin count 9
2026-08-05T16:30:11.516Z	WARN	RSS 754MB pinned=9 pool=11
2026-08-05T16:30:11.517Z	WARN	high pin count 9
2026-08-05T16:30:41.518Z	WARN	RSS 754MB pinned=9 pool=11
2026-08-05T16:30:41.518Z	WARN	high pin count 9
2026-08-05T16:31:11.518Z	WARN	RSS 754MB pinned=10 pool=14
2026-08-05T16:31:11.519Z	WARN	high pin count 10
2026-08-05T16:31:41.519Z	WARN	RSS 754MB pinned=11 pool=14
2026-08-05T16:31:41.519Z	WARN	high pin count 11
2026-08-05T16:32:11.519Z	WARN	RSS 754MB pinned=11 pool=14
2026-08-05T16:32:11.519Z	WARN	high pin count 11
2026-08-05T16:32:41.520Z	WARN	RSS 754MB pinned=10 pool=14
2026-08-05T16:32:41.520Z	WARN	high pin count 10
2026-08-05T16:33:11.520Z	WARN	RSS 754MB pinned=10 pool=13
2026-08-05T16:33:11.522Z	WARN	high pin count 10
2026-08-05T16:33:41.521Z	WARN	RSS 755MB pinned=11 pool=14
2026-08-05T16:33:41.521Z	WARN	high pin count 11
2026-08-05T16:34:11.521Z	WARN	RSS 758MB pinned=11 pool=13
2026-08-05T16:34:11.521Z	WARN	high pin count 11
2026-08-05T16:34:41.522Z	WARN	RSS 758MB pinned=11 pool=13
2026-08-05T16:34:41.523Z	WARN	high pin count 11
2026-08-05T16:35:11.523Z	WARN	RSS 754MB pinned=11 pool=14
2026-08-05T16:35:11.523Z	WARN	high pin count 11
2026-08-05T16:35:41.523Z	WARN	RSS 760MB pinned=11 pool=14
2026-08-05T16:35:41.523Z	WARN	high pin count 11
2026-08-05T16:36:11.524Z	WARN	RSS 754MB pinned=10 pool=13
2026-08-05T16:36:11.524Z	WARN	high pin count 10
2026-08-05T16:36:41.525Z	WARN	RSS 754MB pinned=9 pool=13
2026-08-05T16:36:41.526Z	WARN	high pin count 9
2026-08-05T16:37:11.525Z	WARN	RSS 757MB pinned=9 pool=13
2026-08-05T16:37:11.526Z	WARN	high pin count 9
2026-08-05T16:37:41.526Z	WARN	RSS 757MB pinned=10 pool=13
2026-08-05T16:37:41.526Z	WARN	high pin count 10
2026-08-05T16:38:11.526Z	WARN	RSS 757MB pinned=9 pool=11
2026-08-05T16:38:11.527Z	WARN	high pin count 9
2026-08-05T16:38:41.528Z	WARN	RSS 754MB pinned=10 pool=11
2026-08-05T16:38:41.530Z	WARN	high pin count 10
2026-08-05T16:39:11.528Z	WARN	RSS 755MB pinned=12 pool=12
2026-08-05T16:39:11.528Z	WARN	high pin count 12
2026-08-05T16:39:41.528Z	WARN	RSS 758MB pinned=12 pool=12
2026-08-05T16:39:41.529Z	WARN	high pin count 12
2026-08-05T16:40:11.529Z	WARN	RSS 755MB pinned=12 pool=12
2026-08-05T16:40:11.531Z	WARN	high pin count 12
2026-08-05T16:40:41.529Z	WARN	RSS 757MB pinned=11 pool=12
2026-08-05T16:40:41.530Z	WARN	high pin count 11
2026-08-05T16:41:11.529Z	WARN	RSS 755MB pinned=10 pool=12
2026-08-05T16:41:11.530Z	WARN	high pin count 10
2026-08-05T16:41:41.530Z	WARN	RSS 755MB pinned=9 pool=12
2026-08-05T16:41:41.532Z	WARN	high pin count 9
2026-08-05T16:42:11.531Z	WARN	RSS 755MB pinned=10 pool=14
2026-08-05T16:42:11.532Z	WARN	high pin count 10
2026-08-05T16:42:41.532Z	WARN	RSS 755MB pinned=11 pool=14
2026-08-05T16:42:41.533Z	WARN	high pin count 11
2026-08-05T16:43:11.534Z	WARN	RSS 755MB pinned=10 pool=14
2026-08-05T16:43:11.534Z	WARN	high pin count 10
2026-08-05T16:43:41.535Z	WARN	RSS 756MB pinned=11 pool=15
2026-08-05T16:43:41.536Z	WARN	high pin count 11
2026-08-05T16:44:11.536Z	WARN	RSS 756MB pinned=11 pool=14
2026-08-05T16:44:11.537Z	WARN	high pin count 11
2026-08-05T16:44:41.536Z	WARN	RSS 756MB pinned=11 pool=14
2026-08-05T16:44:41.536Z	WARN	high pin count 11
2026-08-05T16:45:11.537Z	WARN	RSS 755MB pinned=12 pool=13
2026-08-05T16:45:11.538Z	WARN	high pin count 12
2026-08-05T16:45:41.538Z	WARN	RSS 755MB pinned=12 pool=13
2026-08-05T16:45:41.538Z	WARN	high pin count 12
2026-08-05T16:46:11.538Z	WARN	RSS 755MB pinned=11 pool=13
2026-08-05T16:46:11.538Z	WARN	high pin count 11
2026-08-05T16:46:41.539Z	WARN	RSS 755MB pinned=11 pool=13
2026-08-05T16:46:41.540Z	WARN	high pin count 11
2026-08-05T16:47:11.539Z	WARN	RSS 754MB pinned=11 pool=13
2026-08-05T16:47:11.541Z	WARN	high pin count 11
2026-08-05T16:47:41.539Z	WARN	RSS 754MB pinned=11 pool=13
2026-08-05T16:47:41.541Z	WARN	high pin count 11
2026-08-05T16:48:11.540Z	WARN	RSS 754MB pinned=10 pool=13
2026-08-05T16:48:11.541Z	WARN	high pin count 10
2026-08-05T16:48:41.541Z	WARN	RSS 754MB pinned=8 pool=13
2026-08-05T16:49:11.541Z	WARN	RSS 755MB pinned=8 pool=11
2026-08-05T16:49:41.542Z	WARN	RSS 754MB pinned=8 pool=11
2026-08-05T16:50:11.549Z	WARN	RSS 754MB pinned=9 pool=11
2026-08-05T16:50:11.549Z	WARN	high pin count 9
2026-08-05T16:50:41.550Z	WARN	RSS 754MB pinned=10 pool=12
2026-08-05T16:50:41.551Z	WARN	high pin count 10
2026-08-05T16:51:11.550Z	WARN	RSS 757MB pinned=10 pool=12
2026-08-05T16:51:11.552Z	WARN	high pin count 10
2026-08-05T16:51:41.550Z	WARN	RSS 757MB pinned=10 pool=12
2026-08-05T16:51:41.554Z	WARN	high pin count 10
2026-08-05T16:52:11.551Z	WARN	RSS 754MB pinned=10 pool=11
2026-08-05T16:52:11.552Z	WARN	high pin count 10
2026-08-05T16:52:41.552Z	WARN	RSS 757MB pinned=9 pool=11
2026-08-05T16:52:41.552Z	WARN	high pin count 9
2026-08-05T16:53:11.552Z	WARN	RSS 754MB pinned=9 pool=11
2026-08-05T16:53:11.553Z	WARN	high pin count 9
2026-08-05T16:53:41.552Z	WARN	RSS 754MB pinned=10 pool=11
2026-08-05T16:53:41.553Z	WARN	high pin count 10
2026-08-05T16:54:11.553Z	WARN	RSS 757MB pinned=10 pool=11
2026-08-05T16:54:11.553Z	WARN	high pin count 10
2026-08-05T16:54:41.554Z	WARN	RSS 757MB pinned=10 pool=11
2026-08-05T16:54:41.555Z	WARN	high pin count 10
2026-08-05T16:55:11.553Z	WARN	RSS 757MB pinned=10 pool=11
2026-08-05T16:55:11.554Z	WARN	high pin count 10
2026-08-05T16:55:41.553Z	WARN	RSS 754MB pinned=10 pool=11
2026-08-05T16:55:41.553Z	WARN	high pin count 10
2026-08-05T16:56:11.554Z	WARN	RSS 757MB pinned=10 pool=11
2026-08-05T16:56:11.554Z	WARN	high pin count 10
2026-08-05T16:56:41.554Z	WARN	RSS 757MB pinned=10 pool=12
2026-08-05T16:56:41.554Z	WARN	high pin count 10
2026-08-05T16:57:11.554Z	WARN	RSS 757MB pinned=10 pool=11
2026-08-05T16:57:11.555Z	WARN	high pin count 10
2026-08-05T16:57:41.556Z	WARN	RSS 754MB pinned=10 pool=11
2026-08-05T16:57:41.556Z	WARN	high pin count 10
2026-08-05T16:58:11.557Z	WARN	RSS 754MB pinned=11 pool=12
2026-08-05T16:58:11.557Z	WARN	high pin count 11
2026-08-05T16:58:41.557Z	WARN	RSS 754MB pinned=11 pool=12
2026-08-05T16:58:41.559Z	WARN	high pin count 11
2026-08-05T16:59:11.557Z	WARN	RSS 754MB pinned=12 pool=12
2026-08-05T16:59:11.558Z	WARN	high pin count 12
2026-08-05T16:59:41.558Z	WARN	RSS 755MB pinned=11 pool=12
2026-08-05T16:59:41.559Z	WARN	high pin count 11
2026-08-05T17:00:11.561Z	WARN	RSS 757MB pinned=9 pool=12
2026-08-05T17:00:11.561Z	WARN	high pin count 9
2026-08-05T17:00:41.561Z	WARN	RSS 758MB pinned=9 pool=13
2026-08-05T17:00:41.562Z	WARN	high pin count 9
2026-08-05T17:01:11.564Z	WARN	RSS 754MB pinned=9 pool=14
2026-08-05T17:01:11.564Z	WARN	high pin count 9
2026-08-05T17:01:41.565Z	WARN	RSS 755MB pinned=10 pool=15
2026-08-05T17:01:41.566Z	WARN	high pin count 10
2026-08-05T17:02:11.565Z	WARN	RSS 755MB pinned=10 pool=15
2026-08-05T17:02:11.566Z	WARN	high pin count 10
2026-08-05T17:02:41.567Z	WARN	RSS 755MB pinned=10 pool=15
2026-08-05T17:02:41.567Z	WARN	high pin count 10
2026-08-05T17:03:11.568Z	WARN	RSS 755MB pinned=8 pool=13
2026-08-05T17:03:41.569Z	WARN	RSS 755MB pinned=8 pool=13
2026-08-05T17:04:11.568Z	WARN	RSS 755MB pinned=10 pool=13
2026-08-05T17:04:11.569Z	WARN	high pin count 10
2026-08-05T17:04:41.568Z	WARN	RSS 755MB pinned=10 pool=13
2026-08-05T17:04:41.569Z	WARN	high pin count 10
2026-08-05T17:05:11.570Z	WARN	RSS 755MB pinned=10 pool=13
2026-08-05T17:05:11.571Z	WARN	high pin count 10
2026-08-05T17:05:41.572Z	WARN	RSS 755MB pinned=10 pool=13
2026-08-05T17:05:41.573Z	WARN	high pin count 10
2026-08-05T17:06:11.571Z	WARN	RSS 755MB pinned=10 pool=13
2026-08-05T17:06:11.571Z	WARN	high pin count 10
2026-08-05T17:06:41.571Z	WARN	RSS 758MB pinned=10 pool=13
2026-08-05T17:06:41.572Z	WARN	high pin count 10
2026-08-05T17:07:11.573Z	WARN	RSS 758MB pinned=10 pool=11
2026-08-05T17:07:11.574Z	WARN	high pin count 10
2026-08-05T17:07:41.574Z	WARN	RSS 755MB pinned=10 pool=11
2026-08-05T17:07:41.575Z	WARN	high pin count 10
2026-08-05T17:08:11.576Z	WARN	RSS 758MB pinned=10 pool=12
2026-08-05T17:08:11.576Z	WARN	high pin count 10
2026-08-05T17:08:41.576Z	WARN	RSS 758MB pinned=10 pool=12
2026-08-05T17:08:41.577Z	WARN	high pin count 10
2026-08-05T17:09:11.594Z	WARN	RSS 758MB pinned=8 pool=12
2026-08-05T17:09:41.595Z	WARN	RSS 761MB pinned=8 pool=12
2026-08-05T17:10:11.598Z	WARN	RSS 755MB pinned=8 pool=13
2026-08-05T17:10:41.598Z	WARN	RSS 755MB pinned=8 pool=13
2026-08-05T17:11:11.597Z	WARN	RSS 755MB pinned=8 pool=13
2026-08-05T17:11:41.597Z	WARN	RSS 755MB pinned=8 pool=14
2026-08-05T17:12:11.598Z	WARN	RSS 755MB pinned=9 pool=13
2026-08-05T17:12:11.598Z	WARN	high pin count 9
2026-08-05T17:12:41.598Z	WARN	RSS 755MB pinned=9 pool=13
2026-08-05T17:12:41.600Z	WARN	high pin count 9
2026-08-05T17:13:11.599Z	WARN	RSS 755MB pinned=9 pool=12
2026-08-05T17:13:11.600Z	WARN	high pin count 9
2026-08-05T17:13:41.599Z	WARN	RSS 758MB pinned=9 pool=12
2026-08-05T17:13:41.600Z	WARN	high pin count 9
2026-08-05T17:14:11.654Z	WARN	RSS 755MB pinned=9 pool=10
2026-08-05T17:14:11.654Z	WARN	high pin count 9
2026-08-05T17:14:41.658Z	WARN	RSS 755MB pinned=9 pool=10
2026-08-05T17:14:41.658Z	WARN	high pin count 9
2026-08-05T17:15:11.666Z	WARN	RSS 755MB pinned=9 pool=11
2026-08-05T17:15:11.673Z	WARN	high pin count 9
2026-08-05T17:15:41.667Z	WARN	RSS 755MB pinned=9 pool=11
2026-08-05T17:15:41.667Z	WARN	high pin count 9
2026-08-05T17:16:11.670Z	WARN	RSS 755MB pinned=9 pool=11
2026-08-05T17:16:11.670Z	WARN	high pin count 9
2026-08-05T17:16:41.671Z	WARN	RSS 755MB pinned=9 pool=11
2026-08-05T17:16:41.673Z	WARN	high pin count 9
2026-08-05T17:17:11.700Z	WARN	RSS 755MB pinned=9 pool=11
2026-08-05T17:17:11.724Z	WARN	high pin count 9
2026-08-05T17:17:41.700Z	WARN	RSS 755MB pinned=9 pool=11
2026-08-05T17:17:41.701Z	WARN	high pin count 9
2026-08-05T17:18:11.706Z	WARN	RSS 755MB pinned=10 pool=12
2026-08-05T17:18:11.707Z	WARN	high pin count 10
2026-08-05T17:18:41.707Z	WARN	RSS 755MB pinned=10 pool=12
2026-08-05T17:18:41.707Z	WARN	high pin count 10
2026-08-05T17:19:11.706Z	WARN	RSS 755MB pinned=10 pool=12
2026-08-05T17:19:11.707Z	WARN	high pin count 10
2026-08-05T17:19:41.706Z	WARN	RSS 756MB pinned=10 pool=12
2026-08-05T17:19:41.707Z	WARN	high pin count 10
2026-08-05T17:20:11.740Z	WARN	RSS 756MB pinned=10 pool=12
2026-08-05T17:20:11.740Z	WARN	high pin count 10
2026-08-05T17:20:41.745Z	WARN	RSS 755MB pinned=10 pool=12
2026-08-05T17:20:41.748Z	WARN	high pin count 10
2026-08-05T17:21:11.745Z	WARN	RSS 755MB pinned=10 pool=12
2026-08-05T17:21:11.746Z	WARN	high pin count 10
2026-08-05T17:21:41.745Z	WARN	RSS 759MB pinned=11 pool=13
2026-08-05T17:21:41.746Z	WARN	high pin count 11
2026-08-05T17:22:11.746Z	WARN	RSS 756MB pinned=10 pool=14
2026-08-05T17:22:11.747Z	WARN	high pin count 10
2026-08-05T17:22:41.746Z	WARN	RSS 756MB pinned=10 pool=14
2026-08-05T17:22:41.747Z	WARN	high pin count 10
2026-08-05T17:23:11.747Z	WARN	RSS 756MB pinned=10 pool=14
2026-08-05T17:23:11.748Z	WARN	high pin count 10
2026-08-05T17:23:41.748Z	WARN	RSS 756MB pinned=10 pool=14
2026-08-05T17:23:41.749Z	WARN	high pin count 10
2026-08-05T17:24:11.748Z	WARN	RSS 756MB pinned=10 pool=14
2026-08-05T17:24:11.749Z	WARN	high pin count 10
2026-08-05T17:24:41.748Z	WARN	RSS 756MB pinned=10 pool=14
2026-08-05T17:24:41.748Z	WARN	high pin count 10
2026-08-05T17:25:11.748Z	WARN	RSS 756MB pinned=10 pool=12
2026-08-05T17:25:11.749Z	WARN	high pin count 10
2026-08-05T17:25:41.749Z	WARN	RSS 756MB pinned=10 pool=14
2026-08-05T17:25:41.749Z	WARN	high pin count 10
2026-08-05T17:26:11.751Z	WARN	RSS 756MB pinned=11 pool=15
2026-08-05T17:26:11.751Z	WARN	high pin count 11
2026-08-05T17:26:41.751Z	WARN	RSS 762MB pinned=10 pool=15
2026-08-05T17:26:41.752Z	WARN	high pin count 10
2026-08-05T17:27:11.753Z	WARN	RSS 756MB pinned=10 pool=15
2026-08-05T17:27:11.755Z	WARN	high pin count 10
2026-08-05T17:27:41.753Z	WARN	RSS 759MB pinned=9 pool=15
2026-08-05T17:27:41.754Z	WARN	high pin count 9
2026-08-05T17:28:11.796Z	WARN	RSS 756MB pinned=10 pool=14
2026-08-05T17:28:11.796Z	WARN	high pin count 10
2026-08-05T17:28:41.797Z	WARN	RSS 756MB pinned=9 pool=14
2026-08-05T17:28:41.797Z	WARN	high pin count 9
2026-08-05T17:29:11.796Z	WARN	RSS 756MB pinned=9 pool=13
2026-08-05T17:29:11.797Z	WARN	high pin count 9
2026-08-05T17:29:41.797Z	WARN	RSS 759MB pinned=9 pool=13
2026-08-05T17:29:41.797Z	WARN	high pin count 9
2026-08-05T17:30:11.807Z	WARN	RSS 757MB pinned=9 pool=12
2026-08-05T17:30:11.807Z	WARN	high pin count 9
2026-08-05T17:30:41.848Z	WARN	RSS 757MB pinned=9 pool=12
2026-08-05T17:30:41.849Z	WARN	high pin count 9
2026-08-05T17:31:11.849Z	WARN	RSS 756MB pinned=9 pool=11
2026-08-05T17:31:11.851Z	WARN	high pin count 9
2026-08-05T17:31:41.846Z	WARN	RSS 756MB pinned=9 pool=11
2026-08-05T17:31:41.847Z	WARN	high pin count 9
2026-08-05T17:32:11.847Z	WARN	RSS 756MB pinned=9 pool=10
2026-08-05T17:32:11.848Z	WARN	high pin count 9
2026-08-05T17:32:41.848Z	WARN	RSS 756MB pinned=9 pool=10
2026-08-05T17:32:41.848Z	WARN	high pin count 9
2026-08-05T17:33:11.848Z	WARN	RSS 756MB pinned=9 pool=10
2026-08-05T17:33:11.848Z	WARN	high pin count 9
2026-08-05T17:33:41.848Z	WARN	RSS 756MB pinned=10 pool=11
2026-08-05T17:33:41.848Z	WARN	high pin count 10
2026-08-05T17:34:11.847Z	WARN	RSS 756MB pinned=8 pool=11
2026-08-05T17:34:41.848Z	WARN	RSS 756MB pinned=9 pool=11
2026-08-05T17:34:41.849Z	WARN	high pin count 9
2026-08-05T17:35:11.850Z	WARN	RSS 756MB pinned=9 pool=11
2026-08-05T17:35:11.851Z	WARN	high pin count 9
2026-08-05T17:35:41.851Z	WARN	RSS 759MB pinned=9 pool=11
2026-08-05T17:35:41.852Z	WARN	high pin count 9
2026-08-05T17:36:11.852Z	WARN	RSS 756MB pinned=9 pool=10
2026-08-05T17:36:11.852Z	WARN	high pin count 9
2026-08-05T17:36:41.851Z	WARN	RSS 757MB pinned=10 pool=11
2026-08-05T17:36:41.852Z	WARN	high pin count 10
2026-08-05T17:37:11.853Z	WARN	RSS 757MB pinned=10 pool=10
2026-08-05T17:37:11.854Z	WARN	high pin count 10
2026-08-05T17:37:41.854Z	WARN	RSS 757MB pinned=9 pool=10
2026-08-05T17:37:41.855Z	WARN	high pin count 9
2026-08-05T17:38:11.855Z	WARN	RSS 757MB pinned=9 pool=10
2026-08-05T17:38:11.855Z	WARN	high pin count 9
2026-08-05T17:38:41.856Z	WARN	RSS 757MB pinned=9 pool=10
2026-08-05T17:38:41.857Z	WARN	high pin count 9
2026-08-05T17:39:11.858Z	WARN	RSS 757MB pinned=9 pool=10
2026-08-05T17:39:11.858Z	WARN	high pin count 9
2026-08-05T17:39:41.859Z	WARN	RSS 757MB pinned=9 pool=10
2026-08-05T17:39:41.860Z	WARN	high pin count 9
2026-08-05T17:40:11.859Z	WARN	RSS 760MB pinned=9 pool=10
2026-08-05T17:40:11.860Z	WARN	high pin count 9
2026-08-05T17:40:41.859Z	WARN	RSS 760MB pinned=9 pool=10
2026-08-05T17:40:41.860Z	WARN	high pin count 9
2026-08-05T17:41:11.861Z	WARN	RSS 756MB pinned=9 pool=9
2026-08-05T17:41:11.861Z	WARN	high pin count 9
2026-08-05T17:41:41.861Z	WARN	RSS 756MB pinned=9 pool=10
2026-08-05T17:41:41.861Z	WARN	high pin count 9
2026-08-05T17:42:11.862Z	WARN	RSS 756MB pinned=9 pool=10
2026-08-05T17:42:11.863Z	WARN	high pin count 9
2026-08-05T17:42:41.864Z	WARN	RSS 756MB pinned=9 pool=10
2026-08-05T17:42:41.864Z	WARN	high pin count 9
2026-08-05T17:43:11.864Z	WARN	RSS 756MB pinned=9 pool=10
2026-08-05T17:43:11.865Z	WARN	high pin count 9
2026-08-05T17:43:41.865Z	WARN	RSS 756MB pinned=9 pool=10
2026-08-05T17:43:41.866Z	WARN	high pin count 9
2026-08-05T17:44:11.865Z	WARN	RSS 756MB pinned=9 pool=10
2026-08-05T17:44:11.865Z	WARN	high pin count 9
2026-08-05T17:44:41.865Z	WARN	RSS 757MB pinned=9 pool=10
2026-08-05T17:44:41.865Z	WARN	high pin count 9
2026-08-05T17:45:11.866Z	WARN	RSS 756MB pinned=9 pool=10
2026-08-05T17:45:11.866Z	WARN	high pin count 9
2026-08-05T17:45:41.867Z	WARN	RSS 759MB pinned=9 pool=10
2026-08-05T17:45:41.867Z	WARN	high pin count 9
2026-08-05T17:46:11.868Z	WARN	RSS 760MB pinned=9 pool=10
2026-08-05T17:46:11.869Z	WARN	high pin count 9
2026-08-05T17:46:41.868Z	WARN	RSS 756MB pinned=9 pool=10
2026-08-05T17:46:41.868Z	WARN	high pin count 9
2026-08-05T17:47:11.868Z	WARN	RSS 756MB pinned=9 pool=10
2026-08-05T17:47:11.868Z	WARN	high pin count 9
2026-08-05T17:47:41.867Z	WARN	RSS 756MB pinned=9 pool=10
2026-08-05T17:47:41.868Z	WARN	high pin count 9
2026-08-05T17:48:11.868Z	WARN	RSS 759MB pinned=9 pool=10
2026-08-05T17:48:11.868Z	WARN	high pin count 9
2026-08-05T17:48:41.868Z	WARN	RSS 756MB pinned=9 pool=10
2026-08-05T17:48:41.868Z	WARN	high pin count 9
2026-08-05T17:49:11.869Z	WARN	RSS 756MB pinned=9 pool=9
2026-08-05T17:49:11.870Z	WARN	high pin count 9
2026-08-05T17:49:41.870Z	WARN	RSS 756MB pinned=9 pool=9
2026-08-05T17:49:41.871Z	WARN	high pin count 9
2026-08-05T17:50:11.886Z	WARN	RSS 756MB pinned=9 pool=9
2026-08-05T17:50:11.887Z	WARN	high pin count 9
2026-08-05T17:50:41.887Z	WARN	RSS 756MB pinned=9 pool=9
2026-08-05T17:50:41.888Z	WARN	high pin count 9
2026-08-05T17:51:11.888Z	WARN	RSS 759MB pinned=11 pool=11
2026-08-05T17:51:11.888Z	WARN	high pin count 11
2026-08-05T17:51:41.888Z	WARN	RSS 756MB pinned=10 pool=11
2026-08-05T17:51:41.888Z	WARN	high pin count 10
2026-08-05T17:52:11.888Z	WARN	RSS 759MB pinned=10 pool=11
2026-08-05T17:52:11.889Z	WARN	high pin count 10
2026-08-05T17:52:41.888Z	WARN	RSS 756MB pinned=10 pool=11
2026-08-05T17:52:41.889Z	WARN	high pin count 10
2026-08-05T17:53:11.889Z	WARN	RSS 759MB pinned=10 pool=11
2026-08-05T17:53:11.889Z	WARN	high pin count 10
2026-08-05T17:53:41.890Z	WARN	RSS 762MB pinned=9 pool=11
2026-08-05T17:53:41.890Z	WARN	high pin count 9
2026-08-05T17:54:11.891Z	WARN	RSS 757MB pinned=9 pool=11
2026-08-05T17:54:11.892Z	WARN	high pin count 9
2026-08-05T17:54:41.893Z	WARN	RSS 757MB pinned=9 pool=11
2026-08-05T17:54:41.894Z	WARN	high pin count 9
2026-08-05T17:55:11.894Z	WARN	RSS 757MB pinned=9 pool=10
2026-08-05T17:55:11.894Z	WARN	high pin count 9
2026-08-05T17:55:41.893Z	WARN	RSS 759MB pinned=9 pool=10
2026-08-05T17:55:41.894Z	WARN	high pin count 9
2026-08-05T17:56:11.894Z	WARN	RSS 756MB pinned=10 pool=10
2026-08-05T17:56:11.894Z	WARN	high pin count 10
2026-08-05T17:56:41.894Z	WARN	RSS 757MB pinned=9 pool=10
2026-08-05T17:56:41.896Z	WARN	high pin count 9
2026-08-05T17:57:11.895Z	WARN	RSS 757MB pinned=9 pool=10
2026-08-05T17:57:11.896Z	WARN	high pin count 9
2026-08-05T17:57:41.895Z	WARN	RSS 757MB pinned=9 pool=10
2026-08-05T17:57:41.895Z	WARN	high pin count 9
2026-08-05T17:58:11.896Z	WARN	RSS 757MB pinned=9 pool=10
2026-08-05T17:58:11.897Z	WARN	high pin count 9
2026-08-05T17:58:41.897Z	WARN	RSS 757MB pinned=9 pool=10
2026-08-05T17:58:41.897Z	WARN	high pin count 9
2026-08-05T17:59:11.898Z	WARN	RSS 757MB pinned=9 pool=10
2026-08-05T17:59:11.898Z	WARN	high pin count 9
2026-08-05T17:59:41.898Z	WARN	RSS 757MB pinned=9 pool=10
2026-08-05T17:59:41.899Z	WARN	high pin count 9
2026-08-05T18:00:11.932Z	WARN	RSS 756MB pinned=9 pool=9
2026-08-05T18:00:12.043Z	WARN	high pin count 9
2026-08-05T18:00:41.932Z	WARN	RSS 755MB pinned=9 pool=9
2026-08-05T18:00:41.933Z	WARN	high pin count 9
2026-08-05T18:01:11.934Z	WARN	RSS 755MB pinned=9 pool=9
2026-08-05T18:01:11.934Z	WARN	high pin count 9
2026-08-05T18:01:41.934Z	WARN	RSS 755MB pinned=9 pool=9
2026-08-05T18:01:41.934Z	WARN	high pin count 9
2026-08-05T18:02:11.935Z	WARN	RSS 755MB pinned=9 pool=9
2026-08-05T18:02:11.935Z	WARN	high pin count 9
2026-08-05T18:02:41.936Z	WARN	RSS 755MB pinned=9 pool=9
2026-08-05T18:02:41.937Z	WARN	high pin count 9
2026-08-05T18:03:11.937Z	WARN	RSS 755MB pinned=9 pool=9
2026-08-05T18:03:11.938Z	WARN	high pin count 9
2026-08-05T18:03:41.938Z	WARN	RSS 758MB pinned=9 pool=9
2026-08-05T18:03:41.939Z	WARN	high pin count 9
2026-08-05T18:04:11.939Z	WARN	RSS 755MB pinned=9 pool=9
2026-08-05T18:04:11.939Z	WARN	high pin count 9
2026-08-05T18:04:41.939Z	WARN	RSS 755MB pinned=9 pool=9
2026-08-05T18:04:41.940Z	WARN	high pin count 9
2026-08-05T18:05:11.941Z	WARN	RSS 755MB pinned=9 pool=9
2026-08-05T18:05:11.941Z	WARN	high pin count 9
2026-08-05T18:05:41.941Z	WARN	RSS 755MB pinned=9 pool=9
2026-08-05T18:05:41.942Z	WARN	high pin count 9
2026-08-05T18:06:11.942Z	WARN	RSS 755MB pinned=9 pool=9
2026-08-05T18:06:11.943Z	WARN	high pin count 9
2026-08-05T18:06:41.942Z	WARN	RSS 755MB pinned=10 pool=11
2026-08-05T18:06:41.942Z	WARN	high pin count 10
2026-08-05T18:07:11.944Z	WARN	RSS 755MB pinned=10 pool=11
2026-08-05T18:07:11.944Z	WARN	high pin count 10
2026-08-05T18:07:41.944Z	WARN	RSS 755MB pinned=10 pool=11
2026-08-05T18:07:41.946Z	WARN	high pin count 10
2026-08-05T18:08:11.946Z	WARN	RSS 755MB pinned=10 pool=12
2026-08-05T18:08:11.947Z	WARN	high pin count 10
2026-08-05T18:08:41.946Z	WARN	RSS 755MB pinned=10 pool=12
2026-08-05T18:08:41.946Z	WARN	high pin count 10
2026-08-05T18:09:11.947Z	WARN	RSS 755MB pinned=10 pool=12
2026-08-05T18:09:11.947Z	WARN	high pin count 10
2026-08-05T18:09:41.946Z	WARN	RSS 755MB pinned=10 pool=12
2026-08-05T18:09:41.947Z	WARN	high pin count 10
2026-08-05T18:10:11.947Z	WARN	RSS 755MB pinned=10 pool=12
2026-08-05T18:10:11.948Z	WARN	high pin count 10
2026-08-05T18:10:41.946Z	WARN	RSS 755MB pinned=10 pool=12
2026-08-05T18:10:41.947Z	WARN	high pin count 10
2026-08-05T18:11:11.947Z	WARN	RSS 758MB pinned=9 pool=11
2026-08-05T18:11:11.948Z	WARN	high pin count 9
2026-08-05T18:11:41.947Z	WARN	RSS 755MB pinned=9 pool=12
2026-08-05T18:11:41.948Z	WARN	high pin count 9
2026-08-05T18:12:11.947Z	WARN	RSS 756MB pinned=10 pool=13
2026-08-05T18:12:11.948Z	WARN	high pin count 10
2026-08-05T18:12:41.948Z	WARN	RSS 756MB pinned=9 pool=13
2026-08-05T18:12:41.948Z	WARN	high pin count 9
2026-08-05T18:13:11.950Z	WARN	RSS 756MB pinned=9 pool=12
2026-08-05T18:13:11.951Z	WARN	high pin count 9
2026-08-05T18:13:41.951Z	WARN	RSS 756MB pinned=9 pool=12
2026-08-05T18:13:41.952Z	WARN	high pin count 9
2026-08-05T18:14:11.953Z	WARN	RSS 756MB pinned=9 pool=11
2026-08-05T18:14:11.954Z	WARN	high pin count 9
2026-08-05T18:14:41.953Z	WARN	RSS 756MB pinned=8 pool=11
2026-08-05T18:15:11.953Z	WARN	RSS 756MB pinned=8 pool=10
2026-08-05T18:15:41.954Z	WARN	RSS 756MB pinned=8 pool=10
2026-08-05T18:16:11.954Z	WARN	RSS 756MB pinned=8 pool=10
2026-08-05T18:16:41.954Z	WARN	RSS 756MB pinned=9 pool=10
2026-08-05T18:16:41.955Z	WARN	high pin count 9
2026-08-05T18:17:11.956Z	WARN	RSS 756MB pinned=9 pool=10
2026-08-05T18:17:11.957Z	WARN	high pin count 9
2026-08-05T18:17:41.956Z	WARN	RSS 756MB pinned=9 pool=11
2026-08-05T18:17:41.957Z	WARN	high pin count 9
2026-08-05T18:18:11.957Z	WARN	RSS 756MB pinned=9 pool=11
2026-08-05T18:18:11.957Z	WARN	high pin count 9
2026-08-05T18:18:41.958Z	WARN	RSS 756MB pinned=9 pool=11
2026-08-05T18:18:41.959Z	WARN	high pin count 9
2026-08-05T18:19:11.959Z	WARN	RSS 756MB pinned=10 pool=11
2026-08-05T18:19:11.960Z	WARN	high pin count 10
2026-08-05T18:19:41.959Z	WARN	RSS 756MB pinned=10 pool=11
2026-08-05T18:19:41.960Z	WARN	high pin count 10
2026-08-05T18:20:11.958Z	WARN	RSS 757MB pinned=10 pool=11
2026-08-05T18:20:11.959Z	WARN	high pin count 10
2026-08-05T18:20:41.958Z	WARN	RSS 757MB pinned=10 pool=11
2026-08-05T18:20:41.958Z	WARN	high pin count 10
2026-08-05T18:21:11.959Z	WARN	RSS 756MB pinned=10 pool=11
2026-08-05T18:21:11.959Z	WARN	high pin count 10
2026-08-05T18:21:41.959Z	WARN	RSS 756MB pinned=10 pool=11
2026-08-05T18:21:41.960Z	WARN	high pin count 10
2026-08-05T18:22:11.959Z	WARN	RSS 756MB pinned=10 pool=11
2026-08-05T18:22:11.960Z	WARN	high pin count 10
2026-08-05T18:22:41.960Z	WARN	RSS 756MB pinned=10 pool=11
2026-08-05T18:22:41.960Z	WARN	high pin count 10
2026-08-05T18:23:11.960Z	WARN	RSS 756MB pinned=10 pool=10
2026-08-05T18:23:11.961Z	WARN	high pin count 10
2026-08-05T18:23:41.960Z	WARN	RSS 756MB pinned=10 pool=10
2026-08-05T18:23:41.960Z	WARN	high pin count 10
2026-08-05T18:24:11.961Z	WARN	RSS 756MB pinned=10 pool=10
2026-08-05T18:24:11.961Z	WARN	high pin count 10
2026-08-05T18:24:41.962Z	WARN	RSS 756MB pinned=10 pool=10
2026-08-05T18:24:41.963Z	WARN	high pin count 10
2026-08-05T18:25:11.965Z	WARN	RSS 756MB pinned=10 pool=10
2026-08-05T18:25:11.966Z	WARN	high pin count 10
2026-08-05T18:25:41.966Z	WARN	RSS 756MB pinned=10 pool=10
2026-08-05T18:25:41.966Z	WARN	high pin count 10
2026-08-05T18:26:11.968Z	WARN	RSS 756MB pinned=10 pool=10
2026-08-05T18:26:11.969Z	WARN	high pin count 10
2026-08-05T18:26:41.968Z	WARN	RSS 755MB pinned=9 pool=10
2026-08-05T18:26:41.969Z	WARN	high pin count 9
2026-08-05T18:27:11.968Z	WARN	RSS 755MB pinned=9 pool=10
2026-08-05T18:27:11.968Z	WARN	high pin count 9
2026-08-05T18:27:41.968Z	WARN	RSS 755MB pinned=9 pool=10
2026-08-05T18:27:41.969Z	WARN	high pin count 9
2026-08-05T18:28:11.968Z	WARN	RSS 755MB pinned=9 pool=10
2026-08-05T18:28:11.969Z	WARN	high pin count 9
2026-08-05T18:28:41.969Z	WARN	RSS 755MB pinned=9 pool=10
2026-08-05T18:28:41.970Z	WARN	high pin count 9
2026-08-05T18:29:11.969Z	WARN	RSS 758MB pinned=9 pool=10
2026-08-05T18:29:11.969Z	WARN	high pin count 9
2026-08-05T18:29:41.970Z	WARN	RSS 755MB pinned=9 pool=10
2026-08-05T18:29:41.971Z	WARN	high pin count 9
2026-08-05T18:30:11.987Z	WARN	RSS 755MB pinned=9 pool=10
2026-08-05T18:30:11.988Z	WARN	high pin count 9
2026-08-05T18:30:41.974Z	WARN	RSS 755MB pinned=9 pool=10
2026-08-05T18:30:41.974Z	WARN	high pin count 9
2026-08-05T18:31:11.974Z	WARN	RSS 755MB pinned=9 pool=10
2026-08-05T18:31:11.974Z	WARN	high pin count 9
2026-08-05T18:31:41.975Z	WARN	RSS 758MB pinned=9 pool=10
2026-08-05T18:31:41.975Z	WARN	high pin count 9
2026-08-05T18:32:11.975Z	WARN	RSS 755MB pinned=9 pool=10
2026-08-05T18:32:11.975Z	WARN	high pin count 9
2026-08-05T18:32:41.976Z	WARN	RSS 755MB pinned=9 pool=10
2026-08-05T18:32:41.977Z	WARN	high pin count 9
2026-08-05T18:33:11.977Z	WARN	RSS 755MB pinned=9 pool=10
2026-08-05T18:33:11.977Z	WARN	high pin count 9
2026-08-05T18:33:41.980Z	WARN	RSS 755MB pinned=9 pool=10
2026-08-05T18:33:41.981Z	WARN	high pin count 9
2026-08-05T18:34:11.977Z	WARN	RSS 754MB pinned=9 pool=10
2026-08-05T18:34:11.978Z	WARN	high pin count 9
2026-08-05T18:34:41.977Z	WARN	RSS 754MB pinned=9 pool=10
2026-08-05T18:34:41.978Z	WARN	high pin count 9
2026-08-05T18:35:11.979Z	WARN	RSS 754MB pinned=9 pool=10
2026-08-05T18:35:11.979Z	WARN	high pin count 9
2026-08-05T18:35:41.980Z	WARN	RSS 757MB pinned=9 pool=10
2026-08-05T18:35:41.981Z	WARN	high pin count 9
2026-08-05T18:36:11.980Z	WARN	RSS 754MB pinned=9 pool=10
2026-08-05T18:36:11.981Z	WARN	high pin count 9
2026-08-05T18:36:41.981Z	WARN	RSS 754MB pinned=9 pool=11
2026-08-05T18:36:41.981Z	WARN	high pin count 9
2026-08-05T18:37:11.981Z	WARN	RSS 754MB pinned=9 pool=11
2026-08-05T18:37:11.982Z	WARN	high pin count 9
2026-08-05T18:37:41.982Z	WARN	RSS 754MB pinned=9 pool=11
2026-08-05T18:37:41.983Z	WARN	high pin count 9
2026-08-05T18:38:11.984Z	WARN	RSS 754MB pinned=9 pool=10
2026-08-05T18:38:11.984Z	WARN	high pin count 9
2026-08-05T18:38:41.985Z	WARN	RSS 754MB pinned=9 pool=10
2026-08-05T18:38:41.986Z	WARN	high pin count 9
2026-08-05T18:39:11.986Z	WARN	RSS 754MB pinned=9 pool=10
2026-08-05T18:39:11.986Z	WARN	high pin count 9
2026-08-05T18:39:41.986Z	WARN	RSS 755MB pinned=9 pool=10
2026-08-05T18:39:41.987Z	WARN	high pin count 9
2026-08-05T18:40:11.986Z	WARN	RSS 754MB pinned=9 pool=10
2026-08-05T18:40:11.987Z	WARN	high pin count 9
2026-08-05T18:40:41.988Z	WARN	RSS 754MB pinned=9 pool=10
2026-08-05T18:40:41.991Z	WARN	high pin count 9
2026-08-05T18:41:11.988Z	WARN	RSS 754MB pinned=9 pool=10
2026-08-05T18:41:11.989Z	WARN	high pin count 9
2026-08-05T18:41:41.989Z	WARN	RSS 754MB pinned=9 pool=11
2026-08-05T18:41:41.990Z	WARN	high pin count 9
2026-08-05T18:42:11.990Z	WARN	RSS 754MB pinned=9 pool=11
2026-08-05T18:42:11.990Z	WARN	high pin count 9
2026-08-05T18:42:41.990Z	WARN	RSS 754MB pinned=10 pool=11
2026-08-05T18:42:41.991Z	WARN	high pin count 10
2026-08-05T18:43:11.992Z	WARN	RSS 754MB pinned=10 pool=11
2026-08-05T18:43:11.992Z	WARN	high pin count 10
2026-08-05T18:43:41.992Z	WARN	RSS 754MB pinned=10 pool=11
2026-08-05T18:43:41.993Z	WARN	high pin count 10
2026-08-05T18:44:11.993Z	WARN	RSS 754MB pinned=9 pool=11
2026-08-05T18:44:11.994Z	WARN	high pin count 9
2026-08-05T18:44:41.993Z	WARN	RSS 754MB pinned=10 pool=11
2026-08-05T18:44:41.994Z	WARN	high pin count 10
2026-08-05T18:45:11.993Z	WARN	RSS 754MB pinned=10 pool=11
2026-08-05T18:45:11.994Z	WARN	high pin count 10
2026-08-05T18:45:41.993Z	WARN	RSS 754MB pinned=9 pool=11
2026-08-05T18:45:41.994Z	WARN	high pin count 9
2026-08-05T18:46:11.994Z	WARN	RSS 754MB pinned=10 pool=11
2026-08-05T18:46:11.994Z	WARN	high pin count 10
2026-08-05T18:46:41.995Z	WARN	RSS 754MB pinned=9 pool=11
2026-08-05T18:46:41.996Z	WARN	high pin count 9
2026-08-05T18:47:11.995Z	WARN	RSS 754MB pinned=9 pool=10
2026-08-05T18:47:11.996Z	WARN	high pin count 9
2026-08-05T18:47:41.996Z	WARN	RSS 754MB pinned=9 pool=10
2026-08-05T18:47:41.997Z	WARN	high pin count 9
2026-08-05T18:48:11.996Z	WARN	RSS 754MB pinned=9 pool=10
2026-08-05T18:48:11.997Z	WARN	high pin count 9
2026-08-05T18:48:41.997Z	WARN	RSS 754MB pinned=10 pool=11
2026-08-05T18:48:41.998Z	WARN	high pin count 10
2026-08-05T18:49:11.997Z	WARN	RSS 755MB pinned=9 pool=11
2026-08-05T18:49:11.997Z	WARN	high pin count 9
2026-08-05T18:49:41.998Z	WARN	RSS 754MB pinned=9 pool=12
2026-08-05T18:49:41.998Z	WARN	high pin count 9
2026-08-05T18:50:11.999Z	WARN	RSS 755MB pinned=8 pool=13
2026-08-05T18:50:42.001Z	WARN	RSS 754MB pinned=8 pool=13
2026-08-05T18:51:12.002Z	WARN	RSS 754MB pinned=8 pool=13
2026-08-05T18:51:42.002Z	WARN	RSS 754MB pinned=8 pool=13
2026-08-05T18:52:12.003Z	WARN	RSS 755MB pinned=10 pool=14
2026-08-05T18:52:12.004Z	WARN	high pin count 10
2026-08-05T18:52:42.004Z	WARN	RSS 755MB pinned=10 pool=14
2026-08-05T18:52:42.005Z	WARN	high pin count 10
2026-08-05T18:53:12.005Z	WARN	RSS 755MB pinned=10 pool=13
2026-08-05T18:53:12.005Z	WARN	high pin count 10
2026-08-05T18:53:42.005Z	WARN	RSS 755MB pinned=10 pool=13
2026-08-05T18:53:42.007Z	WARN	high pin count 10
2026-08-05T18:54:12.006Z	WARN	RSS 755MB pinned=9 pool=13
2026-08-05T18:54:12.007Z	WARN	high pin count 9
2026-08-05T18:54:42.008Z	WARN	RSS 755MB pinned=9 pool=13
2026-08-05T18:54:42.008Z	WARN	high pin count 9
2026-08-05T18:55:12.009Z	WARN	RSS 755MB pinned=10 pool=13
2026-08-05T18:55:12.010Z	WARN	high pin count 10
2026-08-05T18:55:42.010Z	WARN	RSS 755MB pinned=10 pool=13
2026-08-05T18:55:42.010Z	WARN	high pin count 10
2026-08-05T18:56:12.014Z	WARN	RSS 755MB pinned=10 pool=13
2026-08-05T18:56:12.014Z	WARN	high pin count 10
2026-08-05T18:56:42.014Z	WARN	RSS 758MB pinned=10 pool=13
2026-08-05T18:56:42.014Z	WARN	high pin count 10
2026-08-05T18:57:12.014Z	WARN	RSS 755MB pinned=9 pool=13
2026-08-05T18:57:12.014Z	WARN	high pin count 9
2026-08-05T18:57:42.014Z	WARN	RSS 755MB pinned=10 pool=13
2026-08-05T18:57:42.014Z	WARN	high pin count 10
2026-08-05T18:58:12.015Z	WARN	RSS 755MB pinned=10 pool=14
2026-08-05T18:58:12.015Z	WARN	high pin count 10
2026-08-05T18:58:42.015Z	WARN	RSS 755MB pinned=10 pool=14
2026-08-05T18:58:42.016Z	WARN	high pin count 10
2026-08-05T18:59:12.016Z	WARN	RSS 755MB pinned=10 pool=13
2026-08-05T18:59:12.018Z	WARN	high pin count 10
2026-08-05T18:59:42.018Z	WARN	RSS 755MB pinned=10 pool=13
2026-08-05T18:59:42.019Z	WARN	high pin count 10
2026-08-05T19:00:12.049Z	WARN	RSS 755MB pinned=10 pool=13
2026-08-05T19:00:12.049Z	WARN	high pin count 10
2026-08-05T19:00:42.044Z	WARN	RSS 755MB pinned=9 pool=13
2026-08-05T19:00:42.046Z	WARN	high pin count 9
2026-08-05T19:01:12.044Z	WARN	RSS 755MB pinned=9 pool=13
2026-08-05T19:01:12.049Z	WARN	high pin count 9
2026-08-05T19:01:42.045Z	WARN	RSS 755MB pinned=9 pool=13
2026-08-05T19:01:42.046Z	WARN	high pin count 9
2026-08-05T19:02:12.045Z	WARN	RSS 755MB pinned=8 pool=12
2026-08-05T19:02:42.044Z	WARN	RSS 755MB pinned=8 pool=12
2026-08-05T19:03:12.045Z	WARN	RSS 755MB pinned=8 pool=12
2026-08-05T19:03:42.046Z	WARN	RSS 755MB pinned=8 pool=12
2026-08-05T19:04:12.047Z	WARN	RSS 755MB pinned=8 pool=11
2026-08-05T19:04:42.046Z	WARN	RSS 755MB pinned=8 pool=11
2026-08-05T19:05:12.047Z	WARN	RSS 755MB pinned=8 pool=11
2026-08-05T19:05:42.047Z	WARN	RSS 755MB pinned=8 pool=11
2026-08-05T19:06:12.048Z	WARN	RSS 756MB pinned=8 pool=11
2026-08-05T19:06:42.048Z	WARN	RSS 759MB pinned=9 pool=12
2026-08-05T19:06:42.049Z	WARN	high pin count 9
2026-08-05T19:07:12.049Z	WARN	RSS 756MB pinned=10 pool=12
2026-08-05T19:07:12.049Z	WARN	high pin count 10
2026-08-05T19:07:42.049Z	WARN	RSS 756MB pinned=10 pool=12
2026-08-05T19:07:42.050Z	WARN	high pin count 10
2026-08-05T19:08:12.049Z	WARN	RSS 756MB pinned=10 pool=12
2026-08-05T19:08:12.050Z	WARN	high pin count 10
2026-08-05T19:08:42.049Z	WARN	RSS 756MB pinned=9 pool=12
2026-08-05T19:08:42.050Z	WARN	high pin count 9
2026-08-05T19:09:12.049Z	WARN	RSS 756MB pinned=8 pool=12
2026-08-05T19:09:42.051Z	WARN	RSS 756MB pinned=8 pool=12
2026-08-05T19:10:12.053Z	WARN	RSS 756MB pinned=8 pool=12
2026-08-05T19:10:42.052Z	WARN	RSS 756MB pinned=8 pool=13
2026-08-05T19:11:12.054Z	WARN	RSS 755MB pinned=8 pool=13
2026-08-05T19:11:42.053Z	WARN	RSS 756MB pinned=9 pool=13
2026-08-05T19:11:42.054Z	WARN	high pin count 9
2026-08-05T19:12:12.053Z	WARN	RSS 756MB pinned=9 pool=13
2026-08-05T19:12:12.054Z	WARN	high pin count 9
2026-08-05T19:12:42.053Z	WARN	RSS 756MB pinned=8 pool=13
2026-08-05T19:13:12.063Z	WARN	RSS 755MB pinned=9 pool=13
2026-08-05T19:13:12.063Z	WARN	high pin count 9
2026-08-05T19:13:42.060Z	WARN	RSS 755MB pinned=9 pool=13
2026-08-05T19:13:42.062Z	WARN	high pin count 9
2026-08-05T19:14:12.061Z	WARN	RSS 756MB pinned=10 pool=14
2026-08-05T19:14:12.061Z	WARN	high pin count 10
2026-08-05T19:14:42.061Z	WARN	RSS 756MB pinned=10 pool=14
2026-08-05T19:14:42.061Z	WARN	high pin count 10
2026-08-05T19:15:12.063Z	WARN	RSS 756MB pinned=10 pool=14
2026-08-05T19:15:12.063Z	WARN	high pin count 10
2026-08-05T19:15:42.063Z	WARN	RSS 759MB pinned=10 pool=14
2026-08-05T19:15:42.063Z	WARN	high pin count 10
2026-08-05T19:16:12.063Z	WARN	RSS 757MB pinned=10 pool=14
2026-08-05T19:16:12.064Z	WARN	high pin count 10
2026-08-05T19:16:42.065Z	WARN	RSS 759MB pinned=10 pool=14
2026-08-05T19:16:42.066Z	WARN	high pin count 10
2026-08-05T19:17:12.065Z	WARN	RSS 759MB pinned=9 pool=13
2026-08-05T19:17:12.066Z	WARN	high pin count 9
2026-08-05T19:17:42.065Z	WARN	RSS 756MB pinned=9 pool=13
2026-08-05T19:17:42.065Z	WARN	high pin count 9
2026-08-05T19:18:12.065Z	WARN	RSS 756MB pinned=10 pool=15
2026-08-05T19:18:12.065Z	WARN	high pin count 10
2026-08-05T19:18:42.066Z	WARN	RSS 759MB pinned=11 pool=15
2026-08-05T19:18:42.067Z	WARN	high pin count 11
2026-08-05T19:19:12.067Z	WARN	RSS 756MB pinned=11 pool=15
2026-08-05T19:19:12.068Z	WARN	high pin count 11
2026-08-05T19:19:42.068Z	WARN	RSS 756MB pinned=10 pool=17
2026-08-05T19:19:42.069Z	WARN	high pin count 10
2026-08-05T19:20:12.068Z	WARN	RSS 756MB pinned=11 pool=17
2026-08-05T19:20:12.070Z	WARN	high pin count 11
2026-08-05T19:20:42.069Z	WARN	RSS 756MB pinned=9 pool=17
2026-08-05T19:20:42.070Z	WARN	high pin count 9
2026-08-05T19:21:12.070Z	WARN	RSS 756MB pinned=9 pool=15
2026-08-05T19:21:12.070Z	WARN	high pin count 9
2026-08-05T19:21:42.071Z	WARN	RSS 756MB pinned=9 pool=15
2026-08-05T19:21:42.071Z	WARN	high pin count 9
2026-08-05T19:22:12.070Z	WARN	RSS 756MB pinned=10 pool=15
2026-08-05T19:22:12.071Z	WARN	high pin count 10
2026-08-05T19:22:42.072Z	WARN	RSS 756MB pinned=9 pool=15
2026-08-05T19:22:42.072Z	WARN	high pin count 9
2026-08-05T19:23:12.072Z	WARN	RSS 761MB pinned=10 pool=16
2026-08-05T19:23:12.073Z	WARN	high pin count 10
2026-08-05T19:23:42.072Z	WARN	RSS 757MB pinned=8 pool=16
2026-08-05T19:24:12.072Z	WARN	RSS 758MB pinned=8 pool=15
2026-08-05T19:24:42.073Z	WARN	RSS 758MB pinned=8 pool=15
2026-08-05T19:25:12.072Z	WARN	RSS 753MB pinned=10 pool=15
2026-08-05T19:25:12.072Z	WARN	high pin count 10
2026-08-05T19:25:42.073Z	WARN	RSS 753MB pinned=8 pool=15
2026-08-05T19:26:12.073Z	WARN	RSS 754MB pinned=10 pool=15
2026-08-05T19:26:12.073Z	WARN	high pin count 10
2026-08-05T19:26:42.073Z	WARN	RSS 753MB pinned=10 pool=16
2026-08-05T19:26:42.073Z	WARN	high pin count 10
2026-08-05T19:27:12.073Z	WARN	RSS 753MB pinned=11 pool=15
2026-08-05T19:27:12.074Z	WARN	high pin count 11
2026-08-05T19:27:42.073Z	WARN	RSS 756MB pinned=9 pool=15
2026-08-05T19:27:42.074Z	WARN	high pin count 9
2026-08-05T19:28:12.074Z	WARN	RSS 756MB pinned=10 pool=16
2026-08-05T19:28:12.075Z	WARN	high pin count 10
2026-08-05T19:28:42.074Z	WARN	RSS 757MB pinned=12 pool=18
2026-08-05T19:28:42.075Z	WARN	high pin count 12
2026-08-05T19:29:12.075Z	WARN	RSS 754MB pinned=11 pool=18
2026-08-05T19:29:12.076Z	WARN	high pin count 11
2026-08-05T19:29:42.076Z	WARN	RSS 757MB pinned=10 pool=18
2026-08-05T19:29:42.076Z	WARN	high pin count 10
2026-08-05T19:30:12.077Z	WARN	RSS 754MB pinned=12 pool=17
2026-08-05T19:30:12.078Z	WARN	high pin count 12
2026-08-05T19:30:42.079Z	WARN	RSS 754MB pinned=11 pool=17
2026-08-05T19:30:42.080Z	WARN	high pin count 11
2026-08-05T19:31:12.078Z	WARN	RSS 757MB pinned=9 pool=16
2026-08-05T19:31:12.079Z	WARN	high pin count 9
2026-08-05T19:31:42.078Z	WARN	RSS 754MB pinned=10 pool=17
2026-08-05T19:31:42.079Z	WARN	high pin count 10
2026-08-05T19:32:12.078Z	WARN	RSS 754MB pinned=9 pool=17
2026-08-05T19:32:12.078Z	WARN	high pin count 9
2026-08-05T19:32:42.080Z	WARN	RSS 754MB pinned=9 pool=18
2026-08-05T19:32:42.080Z	WARN	high pin count 9
2026-08-05T19:33:12.080Z	WARN	RSS 754MB pinned=9 pool=17
2026-08-05T19:33:12.081Z	WARN	high pin count 9
2026-08-05T19:33:42.082Z	WARN	RSS 754MB pinned=9 pool=17
2026-08-05T19:33:42.083Z	WARN	high pin count 9
2026-08-05T19:34:12.082Z	WARN	RSS 760MB pinned=9 pool=15
2026-08-05T19:34:12.083Z	WARN	high pin count 9
2026-08-05T19:34:42.083Z	WARN	RSS 757MB pinned=9 pool=15
2026-08-05T19:34:42.083Z	WARN	high pin count 9
2026-08-05T19:35:12.084Z	WARN	RSS 760MB pinned=9 pool=15
2026-08-05T19:35:12.084Z	WARN	high pin count 9
2026-08-05T19:35:42.084Z	WARN	RSS 754MB pinned=8 pool=15
2026-08-05T19:36:12.085Z	WARN	RSS 754MB pinned=9 pool=14
2026-08-05T19:36:12.086Z	WARN	high pin count 9
2026-08-05T19:36:42.084Z	WARN	RSS 757MB pinned=10 pool=15
2026-08-05T19:36:42.085Z	WARN	high pin count 10
2026-08-05T19:37:12.085Z	WARN	RSS 760MB pinned=9 pool=14
2026-08-05T19:37:12.085Z	WARN	high pin count 9
2026-08-05T19:37:42.085Z	WARN	RSS 754MB pinned=9 pool=14
2026-08-05T19:37:42.085Z	WARN	high pin count 9
2026-08-05T19:38:12.084Z	WARN	RSS 754MB pinned=10 pool=13
2026-08-05T19:38:12.084Z	WARN	high pin count 10
2026-08-05T19:38:42.085Z	WARN	RSS 754MB pinned=10 pool=13
2026-08-05T19:38:42.086Z	WARN	high pin count 10
2026-08-05T19:39:12.085Z	WARN	RSS 754MB pinned=10 pool=14
2026-08-05T19:39:12.086Z	WARN	high pin count 10
2026-08-05T19:39:42.085Z	WARN	RSS 754MB pinned=10 pool=14
2026-08-05T19:39:42.086Z	WARN	high pin count 10
2026-08-05T19:40:12.100Z	WARN	RSS 754MB pinned=9 pool=14
2026-08-05T19:40:12.120Z	WARN	high pin count 9
2026-08-05T19:40:42.102Z	WARN	RSS 754MB pinned=10 pool=14
2026-08-05T19:40:42.102Z	WARN	high pin count 10
2026-08-05T19:41:12.102Z	WARN	RSS 757MB pinned=10 pool=14
2026-08-05T19:41:12.103Z	WARN	high pin count 10
2026-08-05T19:41:42.103Z	WARN	RSS 757MB pinned=9 pool=14
2026-08-05T19:41:42.103Z	WARN	high pin count 9
2026-08-05T19:42:12.103Z	WARN	RSS 757MB pinned=11 pool=15
2026-08-05T19:42:12.104Z	WARN	high pin count 11
2026-08-05T19:42:42.104Z	WARN	RSS 757MB pinned=10 pool=15
2026-08-05T19:42:42.106Z	WARN	high pin count 10
2026-08-05T19:43:12.104Z	WARN	RSS 754MB pinned=9 pool=16
2026-08-05T19:43:12.104Z	WARN	high pin count 9
2026-08-05T19:43:42.103Z	WARN	RSS 754MB pinned=9 pool=16
2026-08-05T19:43:42.103Z	WARN	high pin count 9
2026-08-05T19:44:12.104Z	WARN	RSS 754MB pinned=10 pool=16
2026-08-05T19:44:12.104Z	WARN	high pin count 10
2026-08-05T19:44:42.104Z	WARN	RSS 754MB pinned=9 pool=16
2026-08-05T19:44:42.105Z	WARN	high pin count 9
2026-08-05T19:45:12.106Z	WARN	RSS 755MB pinned=9 pool=16
2026-08-05T19:45:12.107Z	WARN	high pin count 9
2026-08-05T19:45:42.106Z	WARN	RSS 755MB pinned=9 pool=16
2026-08-05T19:45:42.107Z	WARN	high pin count 9
2026-08-05T19:46:12.107Z	WARN	RSS 754MB pinned=9 pool=15
2026-08-05T19:46:12.107Z	WARN	high pin count 9
2026-08-05T19:46:42.107Z	WARN	RSS 754MB pinned=9 pool=15
2026-08-05T19:46:42.108Z	WARN	high pin count 9
2026-08-05T19:47:12.108Z	WARN	RSS 754MB pinned=9 pool=14
2026-08-05T19:47:12.109Z	WARN	high pin count 9
2026-08-05T19:47:42.108Z	WARN	RSS 754MB pinned=9 pool=14
2026-08-05T19:47:42.109Z	WARN	high pin count 9
2026-08-05T19:48:12.108Z	WARN	RSS 757MB pinned=9 pool=13
2026-08-05T19:48:12.108Z	WARN	high pin count 9
2026-08-05T19:48:42.109Z	WARN	RSS 755MB pinned=9 pool=13
2026-08-05T19:48:42.109Z	WARN	high pin count 9
2026-08-05T19:49:12.110Z	WARN	RSS 755MB pinned=9 pool=14
2026-08-05T19:49:12.110Z	WARN	high pin count 9
2026-08-05T19:49:42.111Z	WARN	RSS 755MB pinned=9 pool=14
2026-08-05T19:49:42.112Z	WARN	high pin count 9
2026-08-05T19:50:12.111Z	WARN	RSS 755MB pinned=9 pool=14
2026-08-05T19:50:12.112Z	WARN	high pin count 9
2026-08-05T19:50:42.111Z	WARN	RSS 754MB pinned=9 pool=14
2026-08-05T19:50:42.111Z	WARN	high pin count 9
2026-08-05T19:51:12.111Z	WARN	RSS 754MB pinned=9 pool=13
2026-08-05T19:51:12.111Z	WARN	high pin count 9
2026-08-05T19:51:42.112Z	WARN	RSS 755MB pinned=9 pool=13
2026-08-05T19:51:42.113Z	WARN	high pin count 9
2026-08-05T19:52:12.113Z	WARN	RSS 754MB pinned=9 pool=13
2026-08-05T19:52:12.113Z	WARN	high pin count 9
2026-08-05T19:52:42.113Z	WARN	RSS 754MB pinned=9 pool=13
2026-08-05T19:52:42.113Z	WARN	high pin count 9
2026-08-05T19:53:12.114Z	WARN	RSS 755MB pinned=9 pool=11
2026-08-05T19:53:12.115Z	WARN	high pin count 9
2026-08-05T19:53:42.116Z	WARN	RSS 755MB pinned=9 pool=11
2026-08-05T19:53:42.117Z	WARN	high pin count 9
2026-08-05T19:54:12.117Z	WARN	RSS 758MB pinned=9 pool=12
2026-08-05T19:54:12.118Z	WARN	high pin count 9
2026-08-05T19:54:42.116Z	WARN	RSS 755MB pinned=9 pool=12
2026-08-05T19:54:42.117Z	WARN	high pin count 9
2026-08-05T19:55:12.117Z	WARN	RSS 755MB pinned=9 pool=14
2026-08-05T19:55:12.118Z	WARN	high pin count 9
2026-08-05T19:55:42.117Z	WARN	RSS 755MB pinned=9 pool=14
2026-08-05T19:55:42.118Z	WARN	high pin count 9
2026-08-05T19:56:12.118Z	WARN	RSS 755MB pinned=9 pool=14
2026-08-05T19:56:12.118Z	WARN	high pin count 9
2026-08-05T19:56:42.119Z	WARN	RSS 755MB pinned=9 pool=14
2026-08-05T19:56:42.119Z	WARN	high pin count 9
2026-08-05T19:57:12.120Z	WARN	RSS 755MB pinned=9 pool=14
2026-08-05T19:57:12.121Z	WARN	high pin count 9
2026-08-05T19:57:42.119Z	WARN	RSS 755MB pinned=9 pool=14
2026-08-05T19:57:42.119Z	WARN	high pin count 9
2026-08-05T19:58:12.119Z	WARN	RSS 755MB pinned=9 pool=14
2026-08-05T19:58:12.119Z	WARN	high pin count 9
2026-08-05T19:58:42.118Z	WARN	RSS 756MB pinned=10 pool=15
2026-08-05T19:58:42.119Z	WARN	high pin count 10
2026-08-05T19:59:12.118Z	WARN	RSS 756MB pinned=10 pool=14
2026-08-05T19:59:12.119Z	WARN	high pin count 10
2026-08-05T19:59:42.119Z	WARN	RSS 756MB pinned=10 pool=14
2026-08-05T19:59:42.119Z	WARN	high pin count 10
2026-08-05T20:00:12.119Z	WARN	RSS 756MB pinned=10 pool=13
2026-08-05T20:00:12.120Z	WARN	high pin count 10
2026-08-05T20:00:42.120Z	WARN	RSS 759MB pinned=10 pool=13
2026-08-05T20:00:42.121Z	WARN	high pin count 10
2026-08-05T20:01:12.120Z	WARN	RSS 755MB pinned=10 pool=14
2026-08-05T20:01:12.121Z	WARN	high pin count 10
2026-08-05T20:01:42.121Z	WARN	RSS 756MB pinned=11 pool=15
2026-08-05T20:01:42.122Z	WARN	high pin count 11
2026-08-05T20:02:12.122Z	WARN	RSS 759MB pinned=11 pool=14
2026-08-05T20:02:12.122Z	WARN	high pin count 11
2026-08-05T20:02:42.122Z	WARN	RSS 755MB pinned=11 pool=14
2026-08-05T20:02:42.122Z	WARN	high pin count 11
2026-08-05T20:03:12.123Z	WARN	RSS 758MB pinned=11 pool=15
2026-08-05T20:03:12.124Z	WARN	high pin count 11
2026-08-05T20:03:42.124Z	WARN	RSS 755MB pinned=9 pool=15
2026-08-05T20:03:42.125Z	WARN	high pin count 9
2026-08-05T20:04:12.125Z	WARN	RSS 759MB pinned=11 pool=16
2026-08-05T20:04:12.125Z	WARN	high pin count 11
2026-08-05T20:04:42.126Z	WARN	RSS 756MB pinned=11 pool=16
2026-08-05T20:04:42.127Z	WARN	high pin count 11
2026-08-05T20:05:12.126Z	WARN	RSS 756MB pinned=11 pool=15
2026-08-05T20:05:12.127Z	WARN	high pin count 11
2026-08-05T20:05:42.127Z	WARN	RSS 756MB pinned=11 pool=15
2026-08-05T20:05:42.127Z	WARN	high pin count 11
2026-08-05T20:06:12.127Z	WARN	RSS 756MB pinned=10 pool=15
2026-08-05T20:06:12.131Z	WARN	high pin count 10
2026-08-05T20:06:42.127Z	WARN	RSS 756MB pinned=11 pool=17
2026-08-05T20:06:42.128Z	WARN	high pin count 11
2026-08-05T20:07:12.129Z	WARN	RSS 759MB pinned=11 pool=17
2026-08-05T20:07:12.129Z	WARN	high pin count 11
2026-08-05T20:07:42.128Z	WARN	RSS 762MB pinned=10 pool=17
2026-08-05T20:07:42.129Z	WARN	high pin count 10
2026-08-05T20:08:12.131Z	WARN	RSS 756MB pinned=11 pool=17
2026-08-05T20:08:12.132Z	WARN	high pin count 11
2026-08-05T20:08:42.131Z	WARN	RSS 756MB pinned=13 pool=17
2026-08-05T20:08:42.131Z	WARN	high pin count 13
2026-08-05T20:09:12.133Z	WARN	RSS 762MB pinned=12 pool=17
2026-08-05T20:09:12.133Z	WARN	high pin count 12
2026-08-05T20:09:42.132Z	WARN	RSS 756MB pinned=11 pool=17
2026-08-05T20:09:42.133Z	WARN	high pin count 11
2026-08-05T20:10:12.132Z	WARN	RSS 756MB pinned=10 pool=16
2026-08-05T20:10:12.140Z	WARN	high pin count 10
2026-08-05T20:10:42.133Z	WARN	RSS 756MB pinned=9 pool=16
2026-08-05T20:10:42.133Z	WARN	high pin count 9
2026-08-05T20:11:12.134Z	WARN	RSS 756MB pinned=9 pool=15
2026-08-05T20:11:12.135Z	WARN	high pin count 9
2026-08-05T20:11:42.136Z	WARN	RSS 756MB pinned=9 pool=15
2026-08-05T20:11:42.137Z	WARN	high pin count 9
2026-08-05T20:12:12.135Z	WARN	RSS 759MB pinned=9 pool=15
2026-08-05T20:12:12.136Z	WARN	high pin count 9
2026-08-05T20:12:42.137Z	WARN	RSS 756MB pinned=9 pool=15
2026-08-05T20:12:42.137Z	WARN	high pin count 9
2026-08-05T20:13:12.137Z	WARN	RSS 756MB pinned=9 pool=11
2026-08-05T20:13:12.138Z	WARN	high pin count 9
2026-08-05T20:13:42.138Z	WARN	RSS 756MB pinned=9 pool=11
2026-08-05T20:13:42.139Z	WARN	high pin count 9
2026-08-05T20:14:12.139Z	WARN	RSS 756MB pinned=9 pool=13
2026-08-05T20:14:12.140Z	WARN	high pin count 9
2026-08-05T20:14:42.139Z	WARN	RSS 756MB pinned=9 pool=13
2026-08-05T20:14:42.140Z	WARN	high pin count 9
2026-08-05T20:15:12.141Z	WARN	RSS 756MB pinned=9 pool=12
2026-08-05T20:15:12.142Z	WARN	high pin count 9
2026-08-05T20:15:42.140Z	WARN	RSS 756MB pinned=9 pool=13
2026-08-05T20:15:42.140Z	WARN	high pin count 9
2026-08-05T20:16:12.142Z	WARN	RSS 756MB pinned=9 pool=13
2026-08-05T20:16:12.142Z	WARN	high pin count 9
2026-08-05T20:16:42.142Z	WARN	RSS 756MB pinned=9 pool=13
2026-08-05T20:16:42.142Z	WARN	high pin count 9
2026-08-05T20:17:12.144Z	WARN	RSS 762MB pinned=10 pool=12
2026-08-05T20:17:12.145Z	WARN	high pin count 10
2026-08-05T20:17:42.143Z	WARN	RSS 762MB pinned=10 pool=12
2026-08-05T20:17:42.143Z	WARN	high pin count 10
2026-08-05T20:18:12.144Z	WARN	RSS 768MB pinned=10 pool=11
2026-08-05T20:18:12.145Z	WARN	high pin count 10
2026-08-05T20:18:42.144Z	WARN	RSS 759MB pinned=10 pool=12
2026-08-05T20:18:42.144Z	WARN	high pin count 10
2026-08-05T20:19:12.145Z	WARN	RSS 756MB pinned=10 pool=12
2026-08-05T20:19:12.146Z	WARN	high pin count 10
2026-08-05T20:19:42.146Z	WARN	RSS 756MB pinned=10 pool=12
2026-08-05T20:19:42.147Z	WARN	high pin count 10
2026-08-05T20:20:12.147Z	WARN	RSS 759MB pinned=9 pool=13
2026-08-05T20:20:12.148Z	WARN	high pin count 9
2026-08-05T20:20:42.148Z	WARN	RSS 759MB pinned=10 pool=13
2026-08-05T20:20:42.149Z	WARN	high pin count 10
2026-08-05T20:21:12.149Z	WARN	RSS 756MB pinned=10 pool=13
2026-08-05T20:21:12.149Z	WARN	high pin count 10
2026-08-05T20:21:42.148Z	WARN	RSS 756MB pinned=10 pool=13
2026-08-05T20:21:42.149Z	WARN	high pin count 10
2026-08-05T20:22:12.150Z	WARN	RSS 756MB pinned=10 pool=13
2026-08-05T20:22:12.151Z	WARN	high pin count 10
2026-08-05T20:22:42.150Z	WARN	RSS 759MB pinned=9 pool=13
2026-08-05T20:22:42.150Z	WARN	high pin count 9
2026-08-05T20:23:12.150Z	WARN	RSS 764MB pinned=9 pool=12
2026-08-05T20:23:12.151Z	WARN	high pin count 9
2026-08-05T20:23:42.151Z	WARN	RSS 763MB pinned=10 pool=12
2026-08-05T20:23:42.151Z	WARN	high pin count 10
2026-08-05T20:24:12.154Z	WARN	RSS 763MB pinned=10 pool=12
2026-08-05T20:24:12.155Z	WARN	high pin count 10
2026-08-05T20:24:42.155Z	WARN	RSS 763MB pinned=10 pool=13
2026-08-05T20:24:42.156Z	WARN	high pin count 10
2026-08-05T20:25:12.159Z	WARN	RSS 763MB pinned=10 pool=13
2026-08-05T20:25:12.160Z	WARN	high pin count 10
2026-08-05T20:25:42.159Z	WARN	RSS 763MB pinned=9 pool=13
2026-08-05T20:25:42.160Z	WARN	high pin count 9
2026-08-05T20:26:12.162Z	WARN	RSS 764MB pinned=10 pool=14
2026-08-05T20:26:12.162Z	WARN	high pin count 10
2026-08-05T20:26:42.161Z	WARN	RSS 764MB pinned=11 pool=14
2026-08-05T20:26:42.161Z	WARN	high pin count 11
2026-08-05T20:27:12.162Z	WARN	RSS 764MB pinned=11 pool=15
2026-08-05T20:27:12.163Z	WARN	high pin count 11
2026-08-05T20:27:42.162Z	WARN	RSS 767MB pinned=12 pool=15
2026-08-05T20:27:42.162Z	WARN	high pin count 12
2026-08-05T20:28:12.162Z	WARN	RSS 764MB pinned=11 pool=14
2026-08-05T20:28:12.163Z	WARN	high pin count 11
2026-08-05T20:28:42.166Z	WARN	RSS 764MB pinned=9 pool=14
2026-08-05T20:28:42.166Z	WARN	high pin count 9
2026-08-05T20:29:12.163Z	WARN	RSS 764MB pinned=10 pool=15
2026-08-05T20:29:12.164Z	WARN	high pin count 10
2026-08-05T20:29:42.165Z	WARN	RSS 764MB pinned=10 pool=16
2026-08-05T20:29:42.165Z	WARN	high pin count 10
2026-08-05T20:30:12.167Z	WARN	RSS 765MB pinned=11 pool=17
2026-08-05T20:30:12.167Z	WARN	high pin count 11
2026-08-05T20:30:42.167Z	WARN	RSS 768MB pinned=11 pool=18
2026-08-05T20:30:42.168Z	WARN	high pin count 11
2026-08-05T20:31:12.167Z	WARN	RSS 759MB pinned=12 pool=18
2026-08-05T20:31:12.167Z	WARN	high pin count 12
2026-08-05T20:31:42.167Z	WARN	RSS 759MB pinned=12 pool=18
2026-08-05T20:31:42.168Z	WARN	high pin count 12
2026-08-05T20:32:12.166Z	WARN	RSS 765MB pinned=10 pool=17
2026-08-05T20:32:12.167Z	WARN	high pin count 10
2026-08-05T20:32:42.166Z	WARN	RSS 762MB pinned=12 pool=18
2026-08-05T20:32:42.167Z	WARN	high pin count 12
2026-08-05T20:33:12.167Z	WARN	RSS 759MB pinned=12 pool=18
2026-08-05T20:33:12.167Z	WARN	high pin count 12
2026-08-05T20:33:42.167Z	WARN	RSS 762MB pinned=11 pool=18
2026-08-05T20:33:42.167Z	WARN	high pin count 11
2026-08-05T20:34:12.169Z	WARN	RSS 759MB pinned=12 pool=17
2026-08-05T20:34:12.169Z	WARN	high pin count 12
2026-08-05T20:34:42.169Z	WARN	RSS 759MB pinned=12 pool=17
2026-08-05T20:34:42.170Z	WARN	high pin count 12
2026-08-05T20:35:12.170Z	WARN	RSS 762MB pinned=13 pool=17
2026-08-05T20:35:12.171Z	WARN	high pin count 13
2026-08-05T20:35:42.171Z	WARN	RSS 760MB pinned=12 pool=18
2026-08-05T20:35:42.171Z	WARN	high pin count 12
2026-08-05T20:36:12.172Z	WARN	RSS 760MB pinned=12 pool=17
2026-08-05T20:36:12.172Z	WARN	high pin count 12
2026-08-05T20:36:42.172Z	WARN	RSS 760MB pinned=13 pool=17
2026-08-05T20:36:42.172Z	WARN	high pin count 13
2026-08-05T20:37:12.172Z	WARN	RSS 760MB pinned=12 pool=17
2026-08-05T20:37:12.173Z	WARN	high pin count 12
2026-08-05T20:37:42.172Z	WARN	RSS 760MB pinned=10 pool=17
2026-08-05T20:37:42.173Z	WARN	high pin count 10
2026-08-05T20:38:12.172Z	WARN	RSS 760MB pinned=10 pool=16
2026-08-05T20:38:12.173Z	WARN	high pin count 10
2026-08-05T20:38:42.173Z	WARN	RSS 760MB pinned=10 pool=18
2026-08-05T20:38:42.173Z	WARN	high pin count 10
2026-08-05T20:39:12.174Z	WARN	RSS 760MB pinned=12 pool=17
2026-08-05T20:39:12.174Z	WARN	high pin count 12
2026-08-05T20:39:42.174Z	WARN	RSS 760MB pinned=12 pool=17
2026-08-05T20:39:42.174Z	WARN	high pin count 12
2026-08-05T20:40:12.216Z	WARN	RSS 763MB pinned=10 pool=18
2026-08-05T20:40:12.217Z	WARN	high pin count 10
2026-08-05T20:40:42.216Z	WARN	RSS 761MB pinned=12 pool=18
2026-08-05T20:40:42.217Z	WARN	high pin count 12
2026-08-05T20:41:12.218Z	WARN	RSS 764MB pinned=11 pool=17
2026-08-05T20:41:12.219Z	WARN	high pin count 11
2026-08-05T20:41:42.218Z	WARN	RSS 764MB pinned=12 pool=19
2026-08-05T20:41:42.218Z	WARN	high pin count 12
2026-08-05T20:42:12.218Z	WARN	RSS 762MB pinned=14 pool=20
2026-08-05T20:42:12.219Z	WARN	high pin count 14
2026-08-05T20:42:42.218Z	WARN	RSS 762MB pinned=15 pool=20
2026-08-05T20:42:42.219Z	WARN	high pin count 15
2026-08-05T20:43:12.219Z	WARN	RSS 762MB pinned=14 pool=20
2026-08-05T20:43:12.219Z	WARN	high pin count 14
2026-08-05T20:43:42.219Z	WARN	RSS 762MB pinned=14 pool=20
2026-08-05T20:43:42.220Z	WARN	high pin count 14
2026-08-05T20:44:12.220Z	WARN	RSS 761MB pinned=14 pool=18
2026-08-05T20:44:12.221Z	WARN	high pin count 14
2026-08-05T20:44:42.220Z	WARN	RSS 767MB pinned=14 pool=18
2026-08-05T20:44:42.220Z	WARN	high pin count 14
2026-08-05T20:45:12.222Z	WARN	RSS 764MB pinned=13 pool=18
2026-08-05T20:45:12.274Z	WARN	high pin count 13
2026-08-05T20:45:42.220Z	WARN	RSS 767MB pinned=13 pool=18
2026-08-05T20:45:42.221Z	WARN	high pin count 13
2026-08-05T20:46:12.219Z	WARN	RSS 768MB pinned=13 pool=17
2026-08-05T20:46:12.220Z	WARN	high pin count 13
2026-08-05T20:46:42.220Z	WARN	RSS 768MB pinned=12 pool=17
2026-08-05T20:46:42.220Z	WARN	high pin count 12
2026-08-05T20:47:12.220Z	WARN	RSS 761MB pinned=12 pool=16
2026-08-05T20:47:12.220Z	WARN	high pin count 12
2026-08-05T20:47:42.220Z	WARN	RSS 761MB pinned=12 pool=16
2026-08-05T20:47:42.220Z	WARN	high pin count 12
2026-08-05T20:48:12.220Z	WARN	RSS 761MB pinned=13 pool=16
2026-08-05T20:48:12.221Z	WARN	high pin count 13
2026-08-05T20:48:42.221Z	WARN	RSS 761MB pinned=13 pool=16
2026-08-05T20:48:42.221Z	WARN	high pin count 13
2026-08-05T20:49:12.224Z	WARN	RSS 761MB pinned=13 pool=16
2026-08-05T20:49:12.224Z	WARN	high pin count 13
2026-08-05T20:49:42.224Z	WARN	RSS 761MB pinned=13 pool=16
2026-08-05T20:49:42.224Z	WARN	high pin count 13
2026-08-05T20:50:12.225Z	WARN	RSS 764MB pinned=13 pool=16
2026-08-05T20:50:12.226Z	WARN	high pin count 13
2026-08-05T20:50:42.225Z	WARN	RSS 761MB pinned=13 pool=16
2026-08-05T20:50:42.225Z	WARN	high pin count 13
2026-08-05T20:51:12.226Z	WARN	RSS 761MB pinned=12 pool=16
2026-08-05T20:51:12.227Z	WARN	high pin count 12
2026-08-05T20:51:42.226Z	WARN	RSS 762MB pinned=12 pool=17
2026-08-05T20:51:42.227Z	WARN	high pin count 12
2026-08-05T20:52:12.228Z	WARN	RSS 761MB pinned=10 pool=16
2026-08-05T20:52:12.229Z	WARN	high pin count 10
2026-08-05T20:52:42.229Z	WARN	RSS 761MB pinned=10 pool=16
2026-08-05T20:52:42.230Z	WARN	high pin count 10
2026-08-05T20:53:12.229Z	WARN	RSS 761MB pinned=10 pool=16
2026-08-05T20:53:12.231Z	WARN	high pin count 10
2026-08-05T20:53:42.230Z	WARN	RSS 761MB pinned=10 pool=16
2026-08-05T20:53:42.230Z	WARN	high pin count 10
2026-08-05T20:54:12.230Z	WARN	RSS 764MB pinned=10 pool=15
2026-08-05T20:54:12.230Z	WARN	high pin count 10
2026-08-05T20:54:42.231Z	WARN	RSS 761MB pinned=10 pool=16
2026-08-05T20:54:42.232Z	WARN	high pin count 10
2026-08-05T20:55:12.232Z	WARN	RSS 761MB pinned=10 pool=14
2026-08-05T20:55:12.232Z	WARN	high pin count 10
2026-08-05T20:55:42.232Z	WARN	RSS 761MB pinned=10 pool=14
2026-08-05T20:55:42.233Z	WARN	high pin count 10
2026-08-05T20:56:12.233Z	WARN	RSS 762MB pinned=10 pool=14
2026-08-05T20:56:12.234Z	WARN	high pin count 10
2026-08-05T20:56:42.234Z	WARN	RSS 765MB pinned=11 pool=15
2026-08-05T20:56:42.235Z	WARN	high pin count 11
2026-08-05T20:57:12.237Z	WARN	RSS 766MB pinned=11 pool=15
2026-08-05T20:57:12.237Z	WARN	high pin count 11
2026-08-05T20:57:42.237Z	WARN	RSS 770MB pinned=13 pool=18
2026-08-05T20:57:42.237Z	WARN	high pin count 13
2026-08-05T20:58:12.238Z	WARN	RSS 764MB pinned=13 pool=16
2026-08-05T20:58:12.238Z	WARN	high pin count 13
2026-08-05T20:58:42.237Z	WARN	RSS 765MB pinned=12 pool=16
2026-08-05T20:58:42.237Z	WARN	high pin count 12
2026-08-05T20:59:12.238Z	WARN	RSS 765MB pinned=12 pool=16
2026-08-05T20:59:12.238Z	WARN	high pin count 12
2026-08-05T20:59:42.238Z	WARN	RSS 765MB pinned=10 pool=18
2026-08-05T20:59:42.239Z	WARN	high pin count 10
2026-08-05T21:00:12.240Z	WARN	RSS 769MB pinned=11 pool=19
2026-08-05T21:00:12.250Z	WARN	high pin count 11
2026-08-05T21:00:42.240Z	WARN	RSS 766MB pinned=11 pool=19
2026-08-05T21:00:42.241Z	WARN	high pin count 11
2026-08-05T21:01:12.241Z	WARN	RSS 766MB pinned=11 pool=20
2026-08-05T21:01:12.241Z	WARN	high pin count 11
2026-08-05T21:01:42.242Z	WARN	RSS 766MB pinned=12 pool=20
2026-08-05T21:01:42.242Z	WARN	high pin count 12
2026-08-05T21:02:12.243Z	WARN	RSS 768MB pinned=13 pool=20
2026-08-05T21:02:12.243Z	WARN	high pin count 13
2026-08-05T21:02:42.244Z	WARN	RSS 768MB pinned=12 pool=21
2026-08-05T21:02:42.245Z	WARN	high pin count 12
2026-08-05T21:03:12.244Z	WARN	RSS 767MB pinned=13 pool=18
2026-08-05T21:03:12.245Z	WARN	high pin count 13
2026-08-05T21:03:42.246Z	WARN	RSS 767MB pinned=13 pool=19
2026-08-05T21:03:42.246Z	WARN	high pin count 13
2026-08-05T21:04:12.245Z	WARN	RSS 767MB pinned=11 pool=19
2026-08-05T21:04:12.245Z	WARN	high pin count 11
2026-08-05T21:04:42.246Z	WARN	RSS 767MB pinned=11 pool=20
2026-08-05T21:04:42.246Z	WARN	high pin count 11
2026-08-05T21:05:12.248Z	WARN	RSS 768MB pinned=12 pool=21
2026-08-05T21:05:12.259Z	WARN	high pin count 12
2026-08-05T21:05:42.254Z	WARN	RSS 768MB pinned=11 pool=21
2026-08-05T21:05:42.255Z	WARN	high pin count 11
2026-08-05T21:06:12.254Z	WARN	RSS 768MB pinned=11 pool=20
2026-08-05T21:06:12.254Z	WARN	high pin count 11
2026-08-05T21:06:42.254Z	WARN	RSS 772MB pinned=11 pool=20
2026-08-05T21:06:42.254Z	WARN	high pin count 11
2026-08-05T21:07:12.254Z	WARN	RSS 768MB pinned=10 pool=19
2026-08-05T21:07:12.254Z	WARN	high pin count 10
2026-08-05T21:07:42.254Z	WARN	RSS 768MB pinned=10 pool=20
2026-08-05T21:07:42.254Z	WARN	high pin count 10
2026-08-05T21:08:12.255Z	WARN	RSS 769MB pinned=9 pool=19
2026-08-05T21:08:12.255Z	WARN	high pin count 9
2026-08-05T21:08:42.255Z	WARN	RSS 769MB pinned=9 pool=20
2026-08-05T21:08:42.255Z	WARN	high pin count 9
2026-08-05T21:09:12.255Z	WARN	RSS 769MB pinned=9 pool=19
2026-08-05T21:09:12.256Z	WARN	high pin count 9
2026-08-05T21:09:42.256Z	WARN	RSS 769MB pinned=9 pool=19
2026-08-05T21:09:42.256Z	WARN	high pin count 9
2026-08-05T21:10:12.255Z	WARN	RSS 768MB pinned=9 pool=18
2026-08-05T21:10:12.256Z	WARN	high pin count 9
2026-08-05T21:10:42.257Z	WARN	RSS 771MB pinned=9 pool=18
2026-08-05T21:10:42.258Z	WARN	high pin count 9
2026-08-05T21:11:12.263Z	WARN	RSS 768MB pinned=9 pool=16
2026-08-05T21:11:12.264Z	WARN	high pin count 9
2026-08-05T21:11:42.264Z	WARN	RSS 768MB pinned=9 pool=16
2026-08-05T21:11:42.265Z	WARN	high pin count 9
2026-08-05T21:12:12.265Z	WARN	RSS 768MB pinned=9 pool=14
2026-08-05T21:12:12.266Z	WARN	high pin count 9
2026-08-05T21:12:42.265Z	WARN	RSS 768MB pinned=9 pool=14
2026-08-05T21:12:42.266Z	WARN	high pin count 9
2026-08-05T21:13:12.265Z	WARN	RSS 768MB pinned=9 pool=14
2026-08-05T21:13:12.266Z	WARN	high pin count 9
2026-08-05T21:13:42.266Z	WARN	RSS 768MB pinned=9 pool=14
2026-08-05T21:13:42.267Z	WARN	high pin count 9
2026-08-05T21:14:12.268Z	WARN	RSS 768MB pinned=9 pool=13
2026-08-05T21:14:12.268Z	WARN	high pin count 9
2026-08-05T21:14:42.268Z	WARN	RSS 768MB pinned=9 pool=14
2026-08-05T21:14:42.269Z	WARN	high pin count 9
2026-08-05T21:15:12.269Z	WARN	RSS 768MB pinned=9 pool=14
2026-08-05T21:15:12.270Z	WARN	high pin count 9
2026-08-05T21:15:42.270Z	WARN	RSS 768MB pinned=9 pool=14
2026-08-05T21:15:42.271Z	WARN	high pin count 9
2026-08-05T21:16:12.271Z	WARN	RSS 768MB pinned=9 pool=13
2026-08-05T21:16:12.271Z	WARN	high pin count 9
2026-08-05T21:16:42.271Z	WARN	RSS 769MB pinned=9 pool=13
2026-08-05T21:16:42.271Z	WARN	high pin count 9
2026-08-05T21:17:12.273Z	WARN	RSS 769MB pinned=9 pool=13
2026-08-05T21:17:12.274Z	WARN	high pin count 9
2026-08-05T21:17:42.274Z	WARN	RSS 772MB pinned=9 pool=14
2026-08-05T21:17:42.275Z	WARN	high pin count 9
2026-08-05T21:18:12.273Z	WARN	RSS 772MB pinned=9 pool=12
2026-08-05T21:18:12.274Z	WARN	high pin count 9
2026-08-05T21:18:42.276Z	WARN	RSS 769MB pinned=9 pool=13
2026-08-05T21:18:42.278Z	WARN	high pin count 9
2026-08-05T21:19:12.276Z	WARN	RSS 769MB pinned=9 pool=13
2026-08-05T21:19:12.276Z	WARN	high pin count 9
2026-08-05T21:19:42.277Z	WARN	RSS 770MB pinned=9 pool=13
2026-08-05T21:19:42.277Z	WARN	high pin count 9
2026-08-05T21:20:12.281Z	WARN	RSS 770MB pinned=9 pool=12
2026-08-05T21:20:12.287Z	WARN	high pin count 9
2026-08-05T21:20:42.282Z	WARN	RSS 772MB pinned=9 pool=12
2026-08-05T21:20:42.283Z	WARN	high pin count 9
2026-08-05T21:21:12.283Z	WARN	RSS 772MB pinned=9 pool=12
2026-08-05T21:21:12.284Z	WARN	high pin count 9
2026-08-05T21:21:42.284Z	WARN	RSS 770MB pinned=9 pool=13
2026-08-05T21:21:42.285Z	WARN	high pin count 9
2026-08-05T21:22:12.285Z	WARN	RSS 770MB pinned=9 pool=15
2026-08-05T21:22:12.286Z	WARN	high pin count 9
2026-08-05T21:22:42.284Z	WARN	RSS 770MB pinned=9 pool=15
2026-08-05T21:22:42.285Z	WARN	high pin count 9
2026-08-05T21:23:12.286Z	WARN	RSS 784MB pinned=9 pool=14
2026-08-05T21:23:12.286Z	WARN	high pin count 9
2026-08-05T21:23:42.287Z	WARN	RSS 785MB pinned=9 pool=15
2026-08-05T21:23:42.287Z	WARN	high pin count 9
2026-08-05T21:24:12.287Z	WARN	RSS 785MB pinned=9 pool=14
2026-08-05T21:24:12.287Z	WARN	high pin count 9
2026-08-05T21:24:42.288Z	WARN	RSS 785MB pinned=9 pool=14
2026-08-05T21:24:42.288Z	WARN	high pin count 9
2026-08-05T21:25:12.288Z	WARN	RSS 785MB pinned=9 pool=11
2026-08-05T21:25:12.289Z	WARN	high pin count 9
2026-08-05T21:25:42.288Z	WARN	RSS 785MB pinned=9 pool=12
2026-08-05T21:25:42.289Z	WARN	high pin count 9
2026-08-05T21:26:12.288Z	WARN	RSS 788MB pinned=9 pool=11
2026-08-05T21:26:12.289Z	WARN	high pin count 9
2026-08-05T21:26:42.289Z	WARN	RSS 791MB pinned=9 pool=12
2026-08-05T21:26:42.289Z	WARN	high pin count 9
2026-08-05T21:27:12.291Z	WARN	RSS 785MB pinned=9 pool=13
2026-08-05T21:27:12.291Z	WARN	high pin count 9
2026-08-05T21:27:42.291Z	WARN	RSS 785MB pinned=9 pool=14
2026-08-05T21:27:42.291Z	WARN	high pin count 9
2026-08-05T21:28:12.291Z	WARN	RSS 785MB pinned=9 pool=14
2026-08-05T21:28:12.291Z	WARN	high pin count 9
2026-08-05T21:28:42.291Z	WARN	RSS 786MB pinned=9 pool=14
2026-08-05T21:28:42.292Z	WARN	high pin count 9
2026-08-05T21:29:12.291Z	WARN	RSS 785MB pinned=9 pool=15
2026-08-05T21:29:12.291Z	WARN	high pin count 9
2026-08-05T21:29:42.292Z	WARN	RSS 785MB pinned=9 pool=15
2026-08-05T21:29:42.292Z	WARN	high pin count 9
2026-08-05T21:30:12.292Z	WARN	RSS 791MB pinned=9 pool=15
2026-08-05T21:30:12.293Z	WARN	high pin count 9
2026-08-05T21:30:42.293Z	WARN	RSS 785MB pinned=9 pool=15
2026-08-05T21:30:42.294Z	WARN	high pin count 9
2026-08-05T21:31:12.293Z	WARN	RSS 787MB pinned=9 pool=14
2026-08-05T21:31:12.293Z	WARN	high pin count 9
2026-08-05T21:31:42.294Z	WARN	RSS 785MB pinned=9 pool=14
2026-08-05T21:31:42.295Z	WARN	high pin count 9
2026-08-05T21:32:12.294Z	WARN	RSS 784MB pinned=9 pool=13
2026-08-05T21:32:12.295Z	WARN	high pin count 9
2026-08-05T21:32:42.295Z	WARN	RSS 785MB pinned=10 pool=14
2026-08-05T21:32:42.295Z	WARN	high pin count 10
2026-08-05T21:33:12.297Z	WARN	RSS 785MB pinned=11 pool=14
2026-08-05T21:33:12.297Z	WARN	high pin count 11
2026-08-05T21:33:42.297Z	WARN	RSS 785MB pinned=12 pool=15
2026-08-05T21:33:42.298Z	WARN	high pin count 12
2026-08-05T21:34:12.297Z	WARN	RSS 785MB pinned=11 pool=17
2026-08-05T21:34:12.298Z	WARN	high pin count 11
2026-08-05T21:34:42.299Z	WARN	RSS 786MB pinned=11 pool=17
2026-08-05T21:34:42.300Z	WARN	high pin count 11
2026-08-05T21:35:12.299Z	WARN	RSS 786MB pinned=11 pool=17
2026-08-05T21:35:12.299Z	WARN	high pin count 11
2026-08-05T21:35:42.300Z	WARN	RSS 788MB pinned=10 pool=17
2026-08-05T21:35:42.300Z	WARN	high pin count 10
2026-08-05T21:36:12.300Z	WARN	RSS 786MB pinned=10 pool=16
2026-08-05T21:36:12.300Z	WARN	high pin count 10
2026-08-05T21:36:42.300Z	WARN	RSS 792MB pinned=10 pool=16
2026-08-05T21:36:42.300Z	WARN	high pin count 10
2026-08-05T21:37:12.300Z	WARN	RSS 786MB pinned=10 pool=16
2026-08-05T21:37:12.300Z	WARN	high pin count 10
2026-08-05T21:37:42.300Z	WARN	RSS 786MB pinned=10 pool=16
2026-08-05T21:37:42.301Z	WARN	high pin count 10
2026-08-05T21:38:12.301Z	WARN	RSS 785MB pinned=10 pool=15
2026-08-05T21:38:12.302Z	WARN	high pin count 10
2026-08-05T21:38:42.302Z	WARN	RSS 785MB pinned=10 pool=15
2026-08-05T21:38:42.303Z	WARN	high pin count 10
2026-08-05T21:39:12.304Z	WARN	RSS 785MB pinned=10 pool=14
2026-08-05T21:39:12.304Z	WARN	high pin count 10
2026-08-05T21:39:42.304Z	WARN	RSS 785MB pinned=9 pool=14
2026-08-05T21:39:42.305Z	WARN	high pin count 9
2026-08-05T21:40:12.305Z	WARN	RSS 785MB pinned=9 pool=13
2026-08-05T21:40:12.305Z	WARN	high pin count 9
2026-08-05T21:40:42.305Z	WARN	RSS 785MB pinned=10 pool=14
2026-08-05T21:40:42.306Z	WARN	high pin count 10
2026-08-05T21:41:12.305Z	WARN	RSS 785MB pinned=10 pool=15
2026-08-05T21:41:12.306Z	WARN	high pin count 10
2026-08-05T21:41:42.306Z	WARN	RSS 788MB pinned=10 pool=15
2026-08-05T21:41:42.306Z	WARN	high pin count 10
2026-08-05T21:42:12.306Z	WARN	RSS 786MB pinned=10 pool=16
2026-08-05T21:42:12.306Z	WARN	high pin count 10
2026-08-05T21:42:42.306Z	WARN	RSS 785MB pinned=9 pool=17
2026-08-05T21:42:42.307Z	WARN	high pin count 9
2026-08-05T21:43:12.306Z	WARN	RSS 786MB pinned=10 pool=17
2026-08-05T21:43:12.307Z	WARN	high pin count 10
2026-08-05T21:43:42.307Z	WARN	RSS 786MB pinned=10 pool=17
2026-08-05T21:43:42.308Z	WARN	high pin count 10
2026-08-05T21:44:12.307Z	WARN	RSS 786MB pinned=11 pool=18
2026-08-05T21:44:12.308Z	WARN	high pin count 11
2026-08-05T21:44:42.307Z	WARN	RSS 786MB pinned=12 pool=19
2026-08-05T21:44:42.307Z	WARN	high pin count 12
2026-08-05T21:45:12.308Z	WARN	RSS 786MB pinned=12 pool=19
2026-08-05T21:45:12.309Z	WARN	high pin count 12
2026-08-05T21:45:42.310Z	WARN	RSS 789MB pinned=11 pool=19
2026-08-05T21:45:42.310Z	WARN	high pin count 11
2026-08-05T21:46:12.309Z	WARN	RSS 786MB pinned=12 pool=18
2026-08-05T21:46:12.310Z	WARN	high pin count 12
2026-08-05T21:46:42.310Z	WARN	RSS 789MB pinned=13 pool=20
2026-08-05T21:46:42.311Z	WARN	high pin count 13
2026-08-05T21:47:12.310Z	WARN	RSS 786MB pinned=10 pool=20
2026-08-05T21:47:12.311Z	WARN	high pin count 10
2026-08-05T21:47:42.311Z	WARN	RSS 786MB pinned=11 pool=20
2026-08-05T21:47:42.312Z	WARN	high pin count 11
2026-08-05T21:48:12.311Z	WARN	RSS 786MB pinned=11 pool=20
2026-08-05T21:48:12.312Z	WARN	high pin count 11
2026-08-05T21:48:42.311Z	WARN	RSS 789MB pinned=11 pool=20
2026-08-05T21:48:42.312Z	WARN	high pin count 11
2026-08-05T21:49:12.312Z	WARN	RSS 786MB pinned=11 pool=20
2026-08-05T21:49:12.312Z	WARN	high pin count 11
2026-08-05T21:49:42.313Z	WARN	RSS 786MB pinned=10 pool=20
2026-08-05T21:49:42.313Z	WARN	high pin count 10
2026-08-05T21:50:12.313Z	WARN	RSS 790MB pinned=10 pool=19
2026-08-05T21:50:12.314Z	WARN	high pin count 10
2026-08-05T21:50:42.314Z	WARN	RSS 792MB pinned=12 pool=19
2026-08-05T21:50:42.314Z	WARN	high pin count 12
2026-08-05T21:51:12.315Z	WARN	RSS 787MB pinned=11 pool=16
2026-08-05T21:51:12.316Z	WARN	high pin count 11
2026-08-05T21:51:42.315Z	WARN	RSS 786MB pinned=11 pool=16
2026-08-05T21:51:42.315Z	WARN	high pin count 11
2026-08-05T21:52:12.316Z	WARN	RSS 786MB pinned=11 pool=16
2026-08-05T21:52:12.317Z	WARN	high pin count 11
2026-08-05T21:52:42.316Z	WARN	RSS 788MB pinned=10 pool=16
2026-08-05T21:52:42.317Z	WARN	high pin count 10
2026-08-05T21:53:12.318Z	WARN	RSS 787MB pinned=11 pool=16
2026-08-05T21:53:12.318Z	WARN	high pin count 11
2026-08-05T21:53:42.318Z	WARN	RSS 790MB pinned=12 pool=16
2026-08-05T21:53:42.319Z	WARN	high pin count 12
2026-08-05T21:54:12.320Z	WARN	RSS 788MB pinned=11 pool=16
2026-08-05T21:54:12.321Z	WARN	high pin count 11
2026-08-05T21:54:42.320Z	WARN	RSS 791MB pinned=11 pool=17
2026-08-05T21:54:42.320Z	WARN	high pin count 11
2026-08-05T21:55:12.319Z	WARN	RSS 788MB pinned=10 pool=17
2026-08-05T21:55:12.320Z	WARN	high pin count 10
2026-08-05T21:55:42.320Z	WARN	RSS 788MB pinned=11 pool=18
2026-08-05T21:55:42.321Z	WARN	high pin count 11
2026-08-05T21:56:12.320Z	WARN	RSS 789MB pinned=12 pool=17
2026-08-05T21:56:12.321Z	WARN	high pin count 12
2026-08-05T21:56:42.321Z	WARN	RSS 792MB pinned=11 pool=17
2026-08-05T21:56:42.322Z	WARN	high pin count 11
2026-08-05T21:57:12.323Z	WARN	RSS 788MB pinned=12 pool=16
2026-08-05T21:57:12.324Z	WARN	high pin count 12
2026-08-05T21:57:42.324Z	WARN	RSS 788MB pinned=12 pool=17
2026-08-05T21:57:42.324Z	WARN	high pin count 12
2026-08-05T21:58:12.324Z	WARN	RSS 788MB pinned=11 pool=16
2026-08-05T21:58:12.324Z	WARN	high pin count 11
2026-08-05T21:58:42.324Z	WARN	RSS 788MB pinned=12 pool=17
2026-08-05T21:58:42.325Z	WARN	high pin count 12
2026-08-05T21:59:12.324Z	WARN	RSS 788MB pinned=13 pool=16
2026-08-05T21:59:12.326Z	WARN	high pin count 13
2026-08-05T21:59:42.325Z	WARN	RSS 787MB pinned=11 pool=17
2026-08-05T21:59:42.326Z	WARN	high pin count 11
2026-08-05T22:00:12.368Z	WARN	RSS 796MB pinned=13 pool=17
2026-08-05T22:00:12.372Z	WARN	high pin count 13
2026-08-05T22:00:42.337Z	WARN	RSS 787MB pinned=13 pool=17
2026-08-05T22:00:42.338Z	WARN	high pin count 13
2026-08-05T22:01:12.339Z	WARN	RSS 788MB pinned=11 pool=17
2026-08-05T22:01:12.340Z	WARN	high pin count 11
2026-08-05T22:01:42.343Z	WARN	RSS 787MB pinned=12 pool=17
2026-08-05T22:01:42.346Z	WARN	high pin count 12
2026-08-05T22:02:12.340Z	WARN	RSS 788MB pinned=12 pool=16
2026-08-05T22:02:12.340Z	WARN	high pin count 12
2026-08-05T22:02:42.341Z	WARN	RSS 788MB pinned=10 pool=16
2026-08-05T22:02:42.341Z	WARN	high pin count 10
2026-08-05T22:03:12.342Z	WARN	RSS 791MB pinned=11 pool=15
2026-08-05T22:03:12.342Z	WARN	high pin count 11
2026-08-05T22:03:42.342Z	WARN	RSS 788MB pinned=12 pool=15
2026-08-05T22:03:42.342Z	WARN	high pin count 12
2026-08-05T22:04:12.344Z	WARN	RSS 788MB pinned=12 pool=15
2026-08-05T22:04:12.344Z	WARN	high pin count 12
2026-08-05T22:04:42.344Z	WARN	RSS 788MB pinned=11 pool=16
2026-08-05T22:04:42.344Z	WARN	high pin count 11
2026-08-05T22:05:12.344Z	WARN	RSS 787MB pinned=11 pool=17
2026-08-05T22:05:12.345Z	WARN	high pin count 11
2026-08-05T22:05:42.343Z	WARN	RSS 793MB pinned=11 pool=17
2026-08-05T22:05:42.344Z	WARN	high pin count 11
2026-08-05T22:06:12.344Z	WARN	RSS 787MB pinned=11 pool=17
2026-08-05T22:06:12.345Z	WARN	high pin count 11
2026-08-05T22:06:42.344Z	WARN	RSS 787MB pinned=11 pool=17
2026-08-05T22:06:42.345Z	WARN	high pin count 11
2026-08-05T22:07:12.346Z	WARN	RSS 787MB pinned=11 pool=17
2026-08-05T22:07:12.347Z	WARN	high pin count 11
2026-08-05T22:07:42.345Z	WARN	RSS 786MB pinned=11 pool=18
2026-08-05T22:07:42.345Z	WARN	high pin count 11
2026-08-05T22:08:12.345Z	WARN	RSS 786MB pinned=11 pool=16
2026-08-05T22:08:12.345Z	WARN	high pin count 11
2026-08-05T22:08:42.347Z	WARN	RSS 787MB pinned=11 pool=16
2026-08-05T22:08:42.347Z	WARN	high pin count 11
2026-08-05T22:09:12.347Z	WARN	RSS 786MB pinned=11 pool=15
2026-08-05T22:09:12.347Z	WARN	high pin count 11
2026-08-05T22:09:42.348Z	WARN	RSS 787MB pinned=10 pool=15
2026-08-05T22:09:42.349Z	WARN	high pin count 10
2026-08-05T22:10:12.349Z	WARN	RSS 787MB pinned=10 pool=17
2026-08-05T22:10:12.350Z	WARN	high pin count 10
2026-08-05T22:10:42.349Z	WARN	RSS 792MB pinned=10 pool=17
2026-08-05T22:10:42.350Z	WARN	high pin count 10
2026-08-05T22:11:12.349Z	WARN	RSS 789MB pinned=10 pool=15
2026-08-05T22:11:12.351Z	WARN	high pin count 10
2026-08-05T22:11:42.350Z	WARN	RSS 786MB pinned=10 pool=15
2026-08-05T22:11:42.350Z	WARN	high pin count 10
2026-08-05T22:12:12.351Z	WARN	RSS 786MB pinned=10 pool=14
2026-08-05T22:12:12.351Z	WARN	high pin count 10
2026-08-05T22:12:42.350Z	WARN	RSS 787MB pinned=10 pool=17
2026-08-05T22:12:42.351Z	WARN	high pin count 10
2026-08-05T22:13:12.351Z	WARN	RSS 787MB pinned=10 pool=17
2026-08-05T22:13:12.352Z	WARN	high pin count 10
2026-08-05T22:13:42.351Z	WARN	RSS 787MB pinned=10 pool=17
2026-08-05T22:13:42.352Z	WARN	high pin count 10
2026-08-05T22:14:12.351Z	WARN	RSS 787MB pinned=10 pool=17
2026-08-05T22:14:12.351Z	WARN	high pin count 10
2026-08-05T22:14:42.350Z	WARN	RSS 787MB pinned=10 pool=17
2026-08-05T22:14:42.351Z	WARN	high pin count 10
2026-08-05T22:15:12.351Z	WARN	RSS 787MB pinned=10 pool=18
2026-08-05T22:15:12.351Z	WARN	high pin count 10
2026-08-05T22:15:42.351Z	WARN	RSS 787MB pinned=10 pool=18
2026-08-05T22:15:42.352Z	WARN	high pin count 10
2026-08-05T22:16:12.352Z	WARN	RSS 787MB pinned=10 pool=17
2026-08-05T22:16:12.352Z	WARN	high pin count 10
2026-08-05T22:16:42.354Z	WARN	RSS 790MB pinned=9 pool=18
2026-08-05T22:16:42.354Z	WARN	high pin count 9
2026-08-05T22:17:12.356Z	WARN	RSS 787MB pinned=9 pool=18
2026-08-05T22:17:12.358Z	WARN	high pin count 9
2026-08-05T22:17:42.355Z	WARN	RSS 787MB pinned=9 pool=18
2026-08-05T22:17:42.355Z	WARN	high pin count 9
2026-08-05T22:18:12.356Z	WARN	RSS 787MB pinned=9 pool=17
2026-08-05T22:18:12.356Z	WARN	high pin count 9
2026-08-05T22:18:42.357Z	WARN	RSS 787MB pinned=9 pool=18
2026-08-05T22:18:42.358Z	WARN	high pin count 9
2026-08-05T22:19:12.359Z	WARN	RSS 787MB pinned=9 pool=17
2026-08-05T22:19:12.359Z	WARN	high pin count 9
2026-08-05T22:19:42.359Z	WARN	RSS 787MB pinned=9 pool=17
2026-08-05T22:19:42.360Z	WARN	high pin count 9
2026-08-05T22:20:12.361Z	WARN	RSS 790MB pinned=9 pool=16
2026-08-05T22:20:12.362Z	WARN	high pin count 9
2026-08-05T22:20:42.360Z	WARN	RSS 791MB pinned=9 pool=16
2026-08-05T22:20:42.361Z	WARN	high pin count 9
2026-08-05T22:21:12.362Z	WARN	RSS 787MB pinned=9 pool=17
2026-08-05T22:21:12.362Z	WARN	high pin count 9
2026-08-05T22:21:42.362Z	WARN	RSS 788MB pinned=10 pool=19
2026-08-05T22:21:42.362Z	WARN	high pin count 10
2026-08-05T22:22:12.362Z	WARN	RSS 788MB pinned=10 pool=18
2026-08-05T22:22:12.362Z	WARN	high pin count 10
2026-08-05T22:22:42.363Z	WARN	RSS 788MB pinned=10 pool=18
2026-08-05T22:22:42.364Z	WARN	high pin count 10
2026-08-05T22:23:12.364Z	WARN	RSS 788MB pinned=10 pool=17
2026-08-05T22:23:12.365Z	WARN	high pin count 10
2026-08-05T22:23:42.365Z	WARN	RSS 788MB pinned=9 pool=17
2026-08-05T22:23:42.365Z	WARN	high pin count 9
2026-08-05T22:24:12.365Z	WARN	RSS 788MB pinned=9 pool=17
2026-08-05T22:24:12.366Z	WARN	high pin count 9
2026-08-05T22:24:42.366Z	WARN	RSS 788MB pinned=10 pool=17
2026-08-05T22:24:42.366Z	WARN	high pin count 10
2026-08-05T22:25:12.366Z	WARN	RSS 788MB pinned=10 pool=15
2026-08-05T22:25:12.367Z	WARN	high pin count 10
2026-08-05T22:25:42.366Z	WARN	RSS 788MB pinned=10 pool=15
2026-08-05T22:25:42.367Z	WARN	high pin count 10
2026-08-05T22:26:12.367Z	WARN	RSS 789MB pinned=10 pool=15
2026-08-05T22:26:12.368Z	WARN	high pin count 10
2026-08-05T22:26:42.367Z	WARN	RSS 789MB pinned=9 pool=16
2026-08-05T22:26:42.367Z	WARN	high pin count 9
2026-08-05T22:27:12.368Z	WARN	RSS 788MB pinned=10 pool=15
2026-08-05T22:27:12.368Z	WARN	high pin count 10
2026-08-05T22:27:42.368Z	WARN	RSS 788MB pinned=10 pool=15
2026-08-05T22:27:42.368Z	WARN	high pin count 10
2026-08-05T22:28:12.368Z	WARN	RSS 788MB pinned=10 pool=15
2026-08-05T22:28:12.368Z	WARN	high pin count 10
2026-08-05T22:28:42.369Z	WARN	RSS 788MB pinned=10 pool=15
2026-08-05T22:28:42.370Z	WARN	high pin count 10
2026-08-05T22:29:12.370Z	WARN	RSS 788MB pinned=9 pool=15
2026-08-05T22:29:12.371Z	WARN	high pin count 9
2026-08-05T22:29:42.370Z	WARN	RSS 792MB pinned=11 pool=17
2026-08-05T22:29:42.371Z	WARN	high pin count 11
2026-08-05T22:30:12.371Z	WARN	RSS 789MB pinned=11 pool=16
2026-08-05T22:30:12.372Z	WARN	high pin count 11
2026-08-05T22:30:42.371Z	WARN	RSS 789MB pinned=11 pool=16
2026-08-05T22:30:42.372Z	WARN	high pin count 11
2026-08-05T22:31:12.371Z	WARN	RSS 792MB pinned=11 pool=16
2026-08-05T22:31:12.371Z	WARN	high pin count 11
2026-08-05T22:31:42.376Z	WARN	RSS 789MB pinned=9 pool=16
2026-08-05T22:31:42.376Z	WARN	high pin count 9
2026-08-05T22:32:12.377Z	WARN	RSS 789MB pinned=9 pool=16
2026-08-05T22:32:12.377Z	WARN	high pin count 9
2026-08-05T22:32:42.377Z	WARN	RSS 789MB pinned=9 pool=16
2026-08-05T22:32:42.378Z	WARN	high pin count 9
2026-08-05T22:33:12.378Z	WARN	RSS 792MB pinned=9 pool=16
2026-08-05T22:33:12.378Z	WARN	high pin count 9
2026-08-05T22:33:42.379Z	WARN	RSS 789MB pinned=9 pool=16
2026-08-05T22:33:42.379Z	WARN	high pin count 9
2026-08-05T22:34:12.380Z	WARN	RSS 789MB pinned=9 pool=16
2026-08-05T22:34:12.380Z	WARN	high pin count 9
2026-08-05T22:34:42.380Z	WARN	RSS 789MB pinned=9 pool=16
2026-08-05T22:34:42.381Z	WARN	high pin count 9
2026-08-05T22:35:12.382Z	WARN	RSS 789MB pinned=9 pool=15
2026-08-05T22:35:12.382Z	WARN	high pin count 9
2026-08-05T22:35:42.382Z	WARN	RSS 792MB pinned=9 pool=16
2026-08-05T22:35:42.382Z	WARN	high pin count 9
2026-08-05T22:36:12.383Z	WARN	RSS 789MB pinned=9 pool=16
2026-08-05T22:36:12.384Z	WARN	high pin count 9
2026-08-05T22:36:42.384Z	WARN	RSS 792MB pinned=10 pool=17
2026-08-05T22:36:42.384Z	WARN	high pin count 10
2026-08-05T22:37:12.385Z	WARN	RSS 789MB pinned=10 pool=16
2026-08-05T22:37:12.385Z	WARN	high pin count 10
2026-08-05T22:37:42.385Z	WARN	RSS 789MB pinned=9 pool=16
2026-08-05T22:37:42.386Z	WARN	high pin count 9
2026-08-05T22:38:12.385Z	WARN	RSS 789MB pinned=9 pool=15
2026-08-05T22:38:12.385Z	WARN	high pin count 9
2026-08-05T22:38:42.385Z	WARN	RSS 790MB pinned=9 pool=16
2026-08-05T22:38:42.386Z	WARN	high pin count 9
2026-08-05T22:39:12.385Z	WARN	RSS 790MB pinned=9 pool=16
2026-08-05T22:39:12.385Z	WARN	high pin count 9
2026-08-05T22:39:42.387Z	WARN	RSS 790MB pinned=10 pool=16
2026-08-05T22:39:42.387Z	WARN	high pin count 10
2026-08-05T22:40:12.388Z	WARN	RSS 790MB pinned=10 pool=16
2026-08-05T22:40:12.388Z	WARN	high pin count 10
2026-08-05T22:40:42.389Z	WARN	RSS 790MB pinned=9 pool=16
2026-08-05T22:40:42.389Z	WARN	high pin count 9
2026-08-05T22:41:12.389Z	WARN	RSS 790MB pinned=9 pool=14
2026-08-05T22:41:12.389Z	WARN	high pin count 9
2026-08-05T22:41:42.389Z	WARN	RSS 790MB pinned=9 pool=16
2026-08-05T22:41:42.390Z	WARN	high pin count 9
2026-08-05T22:42:12.389Z	WARN	RSS 790MB pinned=9 pool=15
2026-08-05T22:42:12.389Z	WARN	high pin count 9
2026-08-05T22:42:42.390Z	WARN	RSS 791MB pinned=9 pool=16
2026-08-05T22:42:42.390Z	WARN	high pin count 9
2026-08-05T22:43:12.390Z	WARN	RSS 791MB pinned=9 pool=15
2026-08-05T22:43:12.391Z	WARN	high pin count 9
2026-08-05T22:43:42.390Z	WARN	RSS 791MB pinned=9 pool=15
2026-08-05T22:43:42.391Z	WARN	high pin count 9
2026-08-05T22:44:12.391Z	WARN	RSS 791MB pinned=9 pool=14
2026-08-05T22:44:12.391Z	WARN	high pin count 9
2026-08-05T22:44:42.392Z	WARN	RSS 791MB pinned=9 pool=14
2026-08-05T22:44:42.392Z	WARN	high pin count 9
2026-08-05T22:45:12.393Z	WARN	RSS 791MB pinned=9 pool=13
2026-08-05T22:45:12.393Z	WARN	high pin count 9
2026-08-05T22:45:42.393Z	WARN	RSS 791MB pinned=9 pool=13
2026-08-05T22:45:42.394Z	WARN	high pin count 9
2026-08-05T22:46:12.393Z	WARN	RSS 794MB pinned=9 pool=13
2026-08-05T22:46:12.394Z	WARN	high pin count 9
2026-08-05T22:46:42.394Z	WARN	RSS 791MB pinned=9 pool=13
2026-08-05T22:46:42.394Z	WARN	high pin count 9
2026-08-05T22:47:12.394Z	WARN	RSS 797MB pinned=9 pool=17
2026-08-05T22:47:12.394Z	WARN	high pin count 9
2026-08-05T22:47:42.395Z	WARN	RSS 791MB pinned=10 pool=18
2026-08-05T22:47:42.396Z	WARN	high pin count 10
2026-08-05T22:48:12.396Z	WARN	RSS 791MB pinned=10 pool=15
2026-08-05T22:48:12.397Z	WARN	high pin count 10
2026-08-05T22:48:42.396Z	WARN	RSS 791MB pinned=9 pool=15
2026-08-05T22:48:42.396Z	WARN	high pin count 9
2026-08-05T22:49:12.396Z	WARN	RSS 792MB pinned=11 pool=16
2026-08-05T22:49:12.396Z	WARN	high pin count 11
2026-08-05T22:49:42.396Z	WARN	RSS 792MB pinned=10 pool=16
2026-08-05T22:49:42.396Z	WARN	high pin count 10
2026-08-05T22:50:12.397Z	WARN	RSS 792MB pinned=9 pool=15
2026-08-05T22:50:12.398Z	WARN	high pin count 9
2026-08-05T22:50:42.398Z	WARN	RSS 793MB pinned=9 pool=15
2026-08-05T22:50:42.398Z	WARN	high pin count 9
2026-08-05T22:51:12.398Z	WARN	RSS 792MB pinned=9 pool=15
2026-08-05T22:51:12.399Z	WARN	high pin count 9
2026-08-05T22:51:42.399Z	WARN	RSS 792MB pinned=9 pool=15
2026-08-05T22:51:42.400Z	WARN	high pin count 9
2026-08-05T22:52:12.400Z	WARN	RSS 795MB pinned=10 pool=15
2026-08-05T22:52:12.400Z	WARN	high pin count 10
2026-08-05T22:52:42.400Z	WARN	RSS 795MB pinned=9 pool=15
2026-08-05T22:52:42.400Z	WARN	high pin count 9
2026-08-05T22:53:12.401Z	WARN	RSS 792MB pinned=9 pool=14
2026-08-05T22:53:12.401Z	WARN	high pin count 9
2026-08-05T22:53:42.400Z	WARN	RSS 792MB pinned=9 pool=14
2026-08-05T22:53:42.400Z	WARN	high pin count 9
2026-08-05T22:54:12.401Z	WARN	RSS 792MB pinned=9 pool=13
2026-08-05T22:54:12.401Z	WARN	high pin count 9
2026-08-05T22:54:42.401Z	WARN	RSS 792MB pinned=9 pool=13
2026-08-05T22:54:42.402Z	WARN	high pin count 9
2026-08-05T22:55:12.401Z	WARN	RSS 792MB pinned=9 pool=13
2026-08-05T22:55:12.402Z	WARN	high pin count 9
2026-08-05T22:55:42.402Z	WARN	RSS 791MB pinned=9 pool=13
2026-08-05T22:55:42.402Z	WARN	high pin count 9
2026-08-05T22:56:12.403Z	WARN	RSS 792MB pinned=9 pool=12
2026-08-05T22:56:12.403Z	WARN	high pin count 9
2026-08-05T22:56:42.403Z	WARN	RSS 792MB pinned=9 pool=13
2026-08-05T22:56:42.403Z	WARN	high pin count 9
2026-08-05T22:57:12.403Z	WARN	RSS 791MB pinned=9 pool=11
2026-08-05T22:57:12.404Z	WARN	high pin count 9
2026-08-05T22:57:42.403Z	WARN	RSS 791MB pinned=9 pool=12
2026-08-05T22:57:42.403Z	WARN	high pin count 9
2026-08-05T22:58:12.403Z	WARN	RSS 791MB pinned=9 pool=12
2026-08-05T22:58:12.404Z	WARN	high pin count 9
2026-08-05T22:58:42.405Z	WARN	RSS 794MB pinned=9 pool=12
2026-08-05T22:58:42.407Z	WARN	high pin count 9
2026-08-05T22:59:12.405Z	WARN	RSS 792MB pinned=9 pool=12
2026-08-05T22:59:12.406Z	WARN	high pin count 9
2026-08-05T22:59:42.405Z	WARN	RSS 792MB pinned=9 pool=12
2026-08-05T22:59:42.405Z	WARN	high pin count 9
2026-08-05T23:00:12.455Z	WARN	RSS 792MB pinned=9 pool=11
2026-08-05T23:00:12.456Z	WARN	high pin count 9
2026-08-05T23:00:42.450Z	WARN	RSS 792MB pinned=9 pool=11
2026-08-05T23:00:42.452Z	WARN	high pin count 9
2026-08-05T23:01:12.450Z	WARN	RSS 792MB pinned=9 pool=11
2026-08-05T23:01:12.452Z	WARN	high pin count 9
2026-08-05T23:01:42.449Z	WARN	RSS 792MB pinned=9 pool=11
2026-08-05T23:01:42.450Z	WARN	high pin count 9
2026-08-05T23:02:12.450Z	WARN	RSS 792MB pinned=9 pool=11
2026-08-05T23:02:12.450Z	WARN	high pin count 9
2026-08-05T23:02:42.450Z	WARN	RSS 792MB pinned=9 pool=11
2026-08-05T23:02:42.451Z	WARN	high pin count 9
2026-08-05T23:03:12.451Z	WARN	RSS 792MB pinned=9 pool=11
2026-08-05T23:03:12.451Z	WARN	high pin count 9
2026-08-05T23:03:42.451Z	WARN	RSS 792MB pinned=9 pool=11
2026-08-05T23:03:42.451Z	WARN	high pin count 9
2026-08-05T23:04:12.451Z	WARN	RSS 792MB pinned=9 pool=10
2026-08-05T23:04:12.452Z	WARN	high pin count 9
2026-08-05T23:04:42.450Z	WARN	RSS 792MB pinned=9 pool=10
2026-08-05T23:04:42.450Z	WARN	high pin count 9
2026-08-05T23:05:12.451Z	WARN	RSS 795MB pinned=9 pool=10
2026-08-05T23:05:12.452Z	WARN	high pin count 9
2026-08-05T23:05:42.452Z	WARN	RSS 792MB pinned=9 pool=10
2026-08-05T23:05:42.453Z	WARN	high pin count 9
2026-08-05T23:06:12.453Z	WARN	RSS 793MB pinned=9 pool=10
2026-08-05T23:06:12.453Z	WARN	high pin count 9
2026-08-05T23:06:42.453Z	WARN	RSS 795MB pinned=9 pool=11
2026-08-05T23:06:42.453Z	WARN	high pin count 9
2026-08-05T23:07:12.455Z	WARN	RSS 792MB pinned=9 pool=11
2026-08-05T23:07:12.455Z	WARN	high pin count 9
2026-08-05T23:07:42.455Z	WARN	RSS 793MB pinned=10 pool=12
2026-08-05T23:07:42.455Z	WARN	high pin count 10
2026-08-05T23:08:12.456Z	WARN	RSS 795MB pinned=10 pool=13
2026-08-05T23:08:12.456Z	WARN	high pin count 10
2026-08-05T23:08:42.457Z	WARN	RSS 792MB pinned=10 pool=13
2026-08-05T23:08:42.457Z	WARN	high pin count 10
2026-08-05T23:09:12.457Z	WARN	RSS 792MB pinned=10 pool=13
2026-08-05T23:09:12.458Z	WARN	high pin count 10
2026-08-05T23:09:42.458Z	WARN	RSS 792MB pinned=9 pool=13
2026-08-05T23:09:42.458Z	WARN	high pin count 9
2026-08-05T23:10:12.458Z	WARN	RSS 796MB pinned=9 pool=12
2026-08-05T23:10:12.459Z	WARN	high pin count 9
2026-08-05T23:10:42.459Z	WARN	RSS 792MB pinned=9 pool=12
2026-08-05T23:10:42.459Z	WARN	high pin count 9
2026-08-05T23:11:12.459Z	WARN	RSS 792MB pinned=9 pool=12
2026-08-05T23:11:12.461Z	WARN	high pin count 9
2026-08-05T23:11:42.458Z	WARN	RSS 792MB pinned=10 pool=12
2026-08-05T23:11:42.459Z	WARN	high pin count 10
2026-08-05T23:12:12.459Z	WARN	RSS 792MB pinned=10 pool=12
2026-08-05T23:12:12.461Z	WARN	high pin count 10
2026-08-05T23:12:42.460Z	WARN	RSS 795MB pinned=10 pool=12
2026-08-05T23:12:42.461Z	WARN	high pin count 10
2026-08-05T23:13:12.462Z	WARN	RSS 792MB pinned=10 pool=12
2026-08-05T23:13:12.463Z	WARN	high pin count 10
2026-08-05T23:13:42.464Z	WARN	RSS 796MB pinned=10 pool=12
2026-08-05T23:13:42.465Z	WARN	high pin count 10
2026-08-05T23:14:12.466Z	WARN	RSS 793MB pinned=10 pool=12
2026-08-05T23:14:12.466Z	WARN	high pin count 10
2026-08-05T23:14:42.467Z	WARN	RSS 793MB pinned=10 pool=12
2026-08-05T23:14:42.467Z	WARN	high pin count 10
2026-08-05T23:15:12.467Z	WARN	RSS 793MB pinned=10 pool=12
2026-08-05T23:15:12.467Z	WARN	high pin count 10
2026-08-05T23:15:42.468Z	WARN	RSS 793MB pinned=9 pool=12
2026-08-05T23:15:42.469Z	WARN	high pin count 9
2026-08-05T23:16:12.468Z	WARN	RSS 793MB pinned=9 pool=12
2026-08-05T23:16:12.468Z	WARN	high pin count 9
2026-08-05T23:16:42.468Z	WARN	RSS 793MB pinned=9 pool=12
2026-08-05T23:16:42.469Z	WARN	high pin count 9
2026-08-05T23:17:12.471Z	WARN	RSS 793MB pinned=9 pool=12
2026-08-05T23:17:12.474Z	WARN	high pin count 9
2026-08-05T23:17:42.469Z	WARN	RSS 793MB pinned=9 pool=12
2026-08-05T23:17:42.469Z	WARN	high pin count 9
2026-08-05T23:18:12.469Z	WARN	RSS 792MB pinned=9 pool=12
2026-08-05T23:18:12.470Z	WARN	high pin count 9
2026-08-05T23:18:42.470Z	WARN	RSS 793MB pinned=9 pool=12
2026-08-05T23:18:42.471Z	WARN	high pin count 9
2026-08-05T23:19:12.472Z	WARN	RSS 795MB pinned=9 pool=11
2026-08-05T23:19:12.472Z	WARN	high pin count 9
2026-08-05T23:19:42.472Z	WARN	RSS 792MB pinned=9 pool=11
2026-08-05T23:19:42.473Z	WARN	high pin count 9
2026-08-05T23:20:12.473Z	WARN	RSS 793MB pinned=9 pool=10
2026-08-05T23:20:12.473Z	WARN	high pin count 9
2026-08-05T23:20:42.472Z	WARN	RSS 793MB pinned=9 pool=10
2026-08-05T23:20:42.473Z	WARN	high pin count 9
2026-08-05T23:21:12.473Z	WARN	RSS 793MB pinned=9 pool=10
2026-08-05T23:21:12.473Z	WARN	high pin count 9
2026-08-05T23:21:42.473Z	WARN	RSS 793MB pinned=9 pool=10
2026-08-05T23:21:42.474Z	WARN	high pin count 9
2026-08-05T23:22:12.472Z	WARN	RSS 793MB pinned=9 pool=10
2026-08-05T23:22:12.472Z	WARN	high pin count 9
2026-08-05T23:22:42.473Z	WARN	RSS 793MB pinned=9 pool=10
2026-08-05T23:22:42.473Z	WARN	high pin count 9
2026-08-05T23:23:12.474Z	WARN	RSS 793MB pinned=9 pool=11
2026-08-05T23:23:12.474Z	WARN	high pin count 9
2026-08-05T23:23:42.474Z	WARN	RSS 793MB pinned=9 pool=11
2026-08-05T23:23:42.475Z	WARN	high pin count 9
2026-08-05T23:24:12.474Z	WARN	RSS 793MB pinned=9 pool=10
2026-08-05T23:24:12.474Z	WARN	high pin count 9
2026-08-05T23:24:42.474Z	WARN	RSS 793MB pinned=9 pool=10
2026-08-05T23:24:42.475Z	WARN	high pin count 9
2026-08-05T23:25:12.476Z	WARN	RSS 793MB pinned=9 pool=10
2026-08-05T23:25:12.477Z	WARN	high pin count 9
2026-08-05T23:25:42.476Z	WARN	RSS 793MB pinned=9 pool=10
2026-08-05T23:25:42.477Z	WARN	high pin count 9
2026-08-05T23:26:12.476Z	WARN	RSS 793MB pinned=9 pool=9
2026-08-05T23:26:12.477Z	WARN	high pin count 9
2026-08-05T23:26:42.477Z	WARN	RSS 794MB pinned=9 pool=9
2026-08-05T23:26:42.477Z	WARN	high pin count 9
2026-08-05T23:27:12.478Z	WARN	RSS 793MB pinned=9 pool=9
2026-08-05T23:27:12.478Z	WARN	high pin count 9
2026-08-05T23:27:42.478Z	WARN	RSS 793MB pinned=9 pool=11
2026-08-05T23:27:42.478Z	WARN	high pin count 9
2026-08-05T23:28:12.479Z	WARN	RSS 793MB pinned=9 pool=11
2026-08-05T23:28:12.479Z	WARN	high pin count 9
2026-08-05T23:28:42.479Z	WARN	RSS 793MB pinned=9 pool=11
2026-08-05T23:28:42.480Z	WARN	high pin count 9
2026-08-05T23:29:12.479Z	WARN	RSS 793MB pinned=9 pool=11
2026-08-05T23:29:12.479Z	WARN	high pin count 9
2026-08-05T23:29:42.480Z	WARN	RSS 793MB pinned=9 pool=11
2026-08-05T23:29:42.480Z	WARN	high pin count 9
2026-08-05T23:30:12.482Z	WARN	RSS 794MB pinned=9 pool=11
2026-08-05T23:30:12.483Z	WARN	high pin count 9
2026-08-05T23:30:42.483Z	WARN	RSS 794MB pinned=9 pool=11
2026-08-05T23:30:42.484Z	WARN	high pin count 9
2026-08-05T23:31:12.484Z	WARN	RSS 793MB pinned=9 pool=12
2026-08-05T23:31:12.485Z	WARN	high pin count 9
2026-08-05T23:31:42.484Z	WARN	RSS 793MB pinned=9 pool=12
2026-08-05T23:31:42.485Z	WARN	high pin count 9
2026-08-05T23:32:12.485Z	WARN	RSS 792MB pinned=9 pool=12
2026-08-05T23:32:12.486Z	WARN	high pin count 9
2026-08-05T23:32:42.486Z	WARN	RSS 795MB pinned=9 pool=12
2026-08-05T23:32:42.486Z	WARN	high pin count 9
2026-08-05T23:33:12.486Z	WARN	RSS 795MB pinned=9 pool=12
2026-08-05T23:33:12.488Z	WARN	high pin count 9
2026-08-05T23:33:42.487Z	WARN	RSS 792MB pinned=9 pool=12
2026-08-05T23:33:42.488Z	WARN	high pin count 9
2026-08-05T23:34:12.488Z	WARN	RSS 792MB pinned=9 pool=12
2026-08-05T23:34:12.489Z	WARN	high pin count 9
2026-08-05T23:34:42.489Z	WARN	RSS 792MB pinned=9 pool=12
2026-08-05T23:34:42.489Z	WARN	high pin count 9
2026-08-05T23:35:12.490Z	WARN	RSS 792MB pinned=9 pool=11
2026-08-05T23:35:12.491Z	WARN	high pin count 9
2026-08-05T23:35:42.490Z	WARN	RSS 795MB pinned=9 pool=11
2026-08-05T23:35:42.490Z	WARN	high pin count 9
2026-08-05T23:36:12.489Z	WARN	RSS 793MB pinned=9 pool=11
2026-08-05T23:36:12.489Z	WARN	high pin count 9
2026-08-05T23:36:42.489Z	WARN	RSS 793MB pinned=9 pool=11
2026-08-05T23:36:42.490Z	WARN	high pin count 9
2026-08-05T23:37:12.490Z	WARN	RSS 793MB pinned=9 pool=11
2026-08-05T23:37:12.491Z	WARN	high pin count 9
2026-08-05T23:37:42.489Z	WARN	RSS 792MB pinned=9 pool=11
2026-08-05T23:37:42.490Z	WARN	high pin count 9
2026-08-05T23:38:12.490Z	WARN	RSS 792MB pinned=9 pool=10
2026-08-05T23:38:12.491Z	WARN	high pin count 9
2026-08-05T23:38:42.490Z	WARN	RSS 792MB pinned=9 pool=10
2026-08-05T23:38:42.490Z	WARN	high pin count 9
2026-08-05T23:39:12.492Z	WARN	RSS 792MB pinned=9 pool=10
2026-08-05T23:39:12.492Z	WARN	high pin count 9
2026-08-05T23:39:42.492Z	WARN	RSS 792MB pinned=9 pool=10
2026-08-05T23:39:42.492Z	WARN	high pin count 9
2026-08-05T23:40:12.493Z	WARN	RSS 793MB pinned=9 pool=10
2026-08-05T23:40:12.493Z	WARN	high pin count 9
2026-08-05T23:40:42.493Z	WARN	RSS 792MB pinned=9 pool=10
2026-08-05T23:40:42.494Z	WARN	high pin count 9
2026-08-05T23:41:12.493Z	WARN	RSS 799MB pinned=9 pool=10
2026-08-05T23:41:12.493Z	WARN	high pin count 9
2026-08-05T23:41:42.493Z	WARN	RSS 792MB pinned=9 pool=10
2026-08-05T23:41:42.493Z	WARN	high pin count 9
2026-08-05T23:42:12.493Z	WARN	RSS 792MB pinned=9 pool=10
2026-08-05T23:42:12.493Z	WARN	high pin count 9
2026-08-05T23:42:42.494Z	WARN	RSS 795MB pinned=9 pool=10
2026-08-05T23:42:42.494Z	WARN	high pin count 9
2026-08-05T23:43:12.495Z	WARN	RSS 795MB pinned=9 pool=10
2026-08-05T23:43:12.495Z	WARN	high pin count 9
2026-08-05T23:43:42.495Z	WARN	RSS 792MB pinned=9 pool=10
2026-08-05T23:43:42.495Z	WARN	high pin count 9
2026-08-05T23:44:12.496Z	WARN	RSS 793MB pinned=9 pool=10
2026-08-05T23:44:12.497Z	WARN	high pin count 9
2026-08-05T23:44:42.495Z	WARN	RSS 793MB pinned=9 pool=10
2026-08-05T23:44:42.496Z	WARN	high pin count 9
2026-08-05T23:45:12.497Z	WARN	RSS 793MB pinned=9 pool=10
2026-08-05T23:45:12.498Z	WARN	high pin count 9
2026-08-05T23:45:42.497Z	WARN	RSS 792MB pinned=9 pool=10
2026-08-05T23:45:42.498Z	WARN	high pin count 9
2026-08-05T23:46:12.498Z	WARN	RSS 792MB pinned=9 pool=10
2026-08-05T23:46:12.498Z	WARN	high pin count 9
2026-08-05T23:46:42.498Z	WARN	RSS 794MB pinned=9 pool=10
2026-08-05T23:46:42.498Z	WARN	high pin count 9
2026-08-05T23:47:12.498Z	WARN	RSS 793MB pinned=9 pool=10
2026-08-05T23:47:12.498Z	WARN	high pin count 9
2026-08-05T23:47:42.498Z	WARN	RSS 793MB pinned=9 pool=10
2026-08-05T23:47:42.498Z	WARN	high pin count 9
2026-08-05T23:48:12.498Z	WARN	RSS 793MB pinned=9 pool=10
2026-08-05T23:48:12.498Z	WARN	high pin count 9
2026-08-05T23:48:42.499Z	WARN	RSS 793MB pinned=9 pool=10
2026-08-05T23:48:42.499Z	WARN	high pin count 9
2026-08-05T23:49:12.499Z	WARN	RSS 793MB pinned=9 pool=10
2026-08-05T23:49:12.500Z	WARN	high pin count 9
2026-08-05T23:49:42.500Z	WARN	RSS 793MB pinned=9 pool=10
2026-08-05T23:49:42.501Z	WARN	high pin count 9
2026-08-05T23:50:12.502Z	WARN	RSS 793MB pinned=9 pool=10
2026-08-05T23:50:12.502Z	WARN	high pin count 9
2026-08-05T23:50:42.502Z	WARN	RSS 792MB pinned=9 pool=10
2026-08-05T23:50:42.502Z	WARN	high pin count 9
2026-08-05T23:51:12.504Z	WARN	RSS 792MB pinned=9 pool=10
2026-08-05T23:51:12.504Z	WARN	high pin count 9
2026-08-05T23:51:42.504Z	WARN	RSS 792MB pinned=9 pool=11
2026-08-05T23:51:42.504Z	WARN	high pin count 9
2026-08-05T23:52:12.504Z	WARN	RSS 792MB pinned=9 pool=10
2026-08-05T23:52:12.504Z	WARN	high pin count 9
2026-08-05T23:52:42.505Z	WARN	RSS 792MB pinned=9 pool=10
2026-08-05T23:52:42.505Z	WARN	high pin count 9
2026-08-05T23:53:12.504Z	WARN	RSS 792MB pinned=9 pool=10
2026-08-05T23:53:12.505Z	WARN	high pin count 9
2026-08-05T23:53:42.505Z	WARN	RSS 792MB pinned=9 pool=10
2026-08-05T23:53:42.505Z	WARN	high pin count 9
2026-08-05T23:54:12.505Z	WARN	RSS 792MB pinned=10 pool=11
2026-08-05T23:54:12.505Z	WARN	high pin count 10
2026-08-05T23:54:42.505Z	WARN	RSS 792MB pinned=10 pool=11
2026-08-05T23:54:42.506Z	WARN	high pin count 10
2026-08-05T23:55:12.506Z	WARN	RSS 795MB pinned=10 pool=11
2026-08-05T23:55:12.506Z	WARN	high pin count 10
2026-08-05T23:55:42.505Z	WARN	RSS 792MB pinned=10 pool=11
2026-08-05T23:55:42.506Z	WARN	high pin count 10
2026-08-05T23:56:12.506Z	WARN	RSS 792MB pinned=10 pool=11
2026-08-05T23:56:12.507Z	WARN	high pin count 10
2026-08-05T23:56:42.506Z	WARN	RSS 793MB pinned=9 pool=11
2026-08-05T23:56:42.506Z	WARN	high pin count 9
2026-08-05T23:57:12.507Z	WARN	RSS 792MB pinned=10 pool=10
2026-08-05T23:57:12.508Z	WARN	high pin count 10
2026-08-05T23:57:42.508Z	WARN	RSS 792MB pinned=10 pool=10
2026-08-05T23:57:42.509Z	WARN	high pin count 10
2026-08-05T23:58:12.509Z	WARN	RSS 792MB pinned=9 pool=10
2026-08-05T23:58:12.510Z	WARN	high pin count 9
2026-08-05T23:58:42.508Z	WARN	RSS 793MB pinned=10 pool=10
2026-08-05T23:58:42.509Z	WARN	high pin count 10
2026-08-05T23:59:12.509Z	WARN	RSS 796MB pinned=10 pool=10
2026-08-05T23:59:12.510Z	WARN	high pin count 10
2026-08-05T23:59:42.509Z	WARN	RSS 792MB pinned=9 pool=10
2026-08-05T23:59:42.509Z	WARN	high pin count 9
2026-08-06T00:00:12.516Z	WARN	RSS 796MB pinned=9 pool=10
2026-08-06T00:00:12.530Z	WARN	high pin count 9
2026-08-06T00:00:42.517Z	WARN	RSS 792MB pinned=9 pool=10
2026-08-06T00:00:42.517Z	WARN	high pin count 9
2026-08-06T00:01:12.517Z	WARN	RSS 793MB pinned=9 pool=10
2026-08-06T00:01:12.517Z	WARN	high pin count 9
2026-08-06T00:01:42.517Z	WARN	RSS 792MB pinned=9 pool=10
2026-08-06T00:01:42.518Z	WARN	high pin count 9
2026-08-06T00:02:12.518Z	WARN	RSS 793MB pinned=9 pool=10
2026-08-06T00:02:12.519Z	WARN	high pin count 9
2026-08-06T00:02:42.520Z	WARN	RSS 793MB pinned=9 pool=10
2026-08-06T00:02:42.520Z	WARN	high pin count 9
2026-08-06T00:03:12.520Z	WARN	RSS 792MB pinned=9 pool=9
2026-08-06T00:03:12.521Z	WARN	high pin count 9
2026-08-06T00:03:42.521Z	WARN	RSS 792MB pinned=9 pool=9
2026-08-06T00:03:42.521Z	WARN	high pin count 9
2026-08-06T00:04:12.522Z	WARN	RSS 792MB pinned=9 pool=10
2026-08-06T00:04:12.522Z	WARN	high pin count 9
2026-08-06T00:04:42.522Z	WARN	RSS 792MB pinned=9 pool=10
2026-08-06T00:04:42.522Z	WARN	high pin count 9
2026-08-06T00:05:12.523Z	WARN	RSS 792MB pinned=9 pool=10
2026-08-06T00:05:12.524Z	WARN	high pin count 9
2026-08-06T00:05:42.524Z	WARN	RSS 792MB pinned=9 pool=10
2026-08-06T00:05:42.524Z	WARN	high pin count 9
2026-08-06T00:06:12.524Z	WARN	RSS 792MB pinned=9 pool=10
2026-08-06T00:06:12.525Z	WARN	high pin count 9
2026-08-06T00:06:42.524Z	WARN	RSS 793MB pinned=9 pool=10
2026-08-06T00:06:42.524Z	WARN	high pin count 9
2026-08-06T00:07:12.525Z	WARN	RSS 792MB pinned=10 pool=11
2026-08-06T00:07:12.526Z	WARN	high pin count 10
2026-08-06T00:07:42.527Z	WARN	RSS 793MB pinned=10 pool=11
2026-08-06T00:07:42.528Z	WARN	high pin count 10
2026-08-06T00:08:12.528Z	WARN	RSS 793MB pinned=10 pool=11
2026-08-06T00:08:12.528Z	WARN	high pin count 10
2026-08-06T00:08:42.528Z	WARN	RSS 793MB pinned=10 pool=11
2026-08-06T00:08:42.528Z	WARN	high pin count 10
2026-08-06T00:09:12.528Z	WARN	RSS 793MB pinned=9 pool=11
2026-08-06T00:09:12.528Z	WARN	high pin count 9
2026-08-06T00:09:42.528Z	WARN	RSS 794MB pinned=9 pool=11
2026-08-06T00:09:42.529Z	WARN	high pin count 9
2026-08-06T00:10:12.529Z	WARN	RSS 794MB pinned=9 pool=11
2026-08-06T00:10:12.530Z	WARN	high pin count 9
2026-08-06T00:10:42.530Z	WARN	RSS 793MB pinned=9 pool=11
2026-08-06T00:10:42.531Z	WARN	high pin count 9
2026-08-06T00:11:12.532Z	WARN	RSS 793MB pinned=9 pool=11
2026-08-06T00:11:12.532Z	WARN	high pin count 9
2026-08-06T00:11:42.533Z	WARN	RSS 793MB pinned=9 pool=11
2026-08-06T00:11:42.534Z	WARN	high pin count 9
2026-08-06T00:12:12.534Z	WARN	RSS 793MB pinned=9 pool=10
2026-08-06T00:12:12.534Z	WARN	high pin count 9
2026-08-06T00:12:42.534Z	WARN	RSS 793MB pinned=9 pool=10
2026-08-06T00:12:42.534Z	WARN	high pin count 9
2026-08-06T00:13:12.535Z	WARN	RSS 793MB pinned=9 pool=10
2026-08-06T00:13:12.536Z	WARN	high pin count 9
2026-08-06T00:13:42.535Z	WARN	RSS 793MB pinned=9 pool=10
2026-08-06T00:13:42.536Z	WARN	high pin count 9
2026-08-06T00:14:12.535Z	WARN	RSS 793MB pinned=9 pool=10
2026-08-06T00:14:12.535Z	WARN	high pin count 9
2026-08-06T00:14:42.535Z	WARN	RSS 793MB pinned=9 pool=10
2026-08-06T00:14:42.536Z	WARN	high pin count 9
2026-08-06T00:15:12.536Z	WARN	RSS 793MB pinned=9 pool=10
2026-08-06T00:15:12.536Z	WARN	high pin count 9
2026-08-06T00:15:42.537Z	WARN	RSS 793MB pinned=9 pool=10
2026-08-06T00:15:42.537Z	WARN	high pin count 9
2026-08-06T00:16:12.537Z	WARN	RSS 793MB pinned=9 pool=10
2026-08-06T00:16:12.537Z	WARN	high pin count 9
2026-08-06T00:16:42.538Z	WARN	RSS 796MB pinned=9 pool=10
2026-08-06T00:16:42.540Z	WARN	high pin count 9
2026-08-06T00:17:12.541Z	WARN	RSS 796MB pinned=9 pool=10
2026-08-06T00:17:12.542Z	WARN	high pin count 9
2026-08-06T00:17:42.539Z	WARN	RSS 792MB pinned=9 pool=10
2026-08-06T00:17:42.539Z	WARN	high pin count 9
2026-08-06T00:18:12.549Z	WARN	RSS 795MB pinned=9 pool=10
2026-08-06T00:18:12.556Z	WARN	high pin count 9
2026-08-06T00:18:42.545Z	WARN	RSS 792MB pinned=9 pool=10
2026-08-06T00:18:42.546Z	WARN	high pin count 9
2026-08-06T00:19:12.546Z	WARN	RSS 793MB pinned=9 pool=10
2026-08-06T00:19:12.546Z	WARN	high pin count 9
2026-08-06T00:19:42.546Z	WARN	RSS 792MB pinned=9 pool=10
2026-08-06T00:19:42.546Z	WARN	high pin count 9
2026-08-06T00:20:12.547Z	WARN	RSS 793MB pinned=9 pool=10
2026-08-06T00:20:12.547Z	WARN	high pin count 9
2026-08-06T00:20:42.547Z	WARN	RSS 793MB pinned=9 pool=10
2026-08-06T00:20:42.548Z	WARN	high pin count 9
2026-08-06T00:21:12.549Z	WARN	RSS 793MB pinned=9 pool=9
2026-08-06T00:21:12.549Z	WARN	high pin count 9
2026-08-06T00:21:42.549Z	WARN	RSS 793MB pinned=9 pool=9
2026-08-06T00:21:42.549Z	WARN	high pin count 9
2026-08-06T00:22:12.560Z	WARN	RSS 793MB pinned=10 pool=10
2026-08-06T00:22:12.560Z	WARN	high pin count 10
2026-08-06T00:22:42.559Z	WARN	RSS 793MB pinned=10 pool=10
2026-08-06T00:22:42.559Z	WARN	high pin count 10
2026-08-06T00:23:12.558Z	WARN	RSS 793MB pinned=10 pool=10
2026-08-06T00:23:12.559Z	WARN	high pin count 10
2026-08-06T00:23:42.560Z	WARN	RSS 793MB pinned=10 pool=10
2026-08-06T00:23:42.560Z	WARN	high pin count 10
2026-08-06T00:24:12.560Z	WARN	RSS 793MB pinned=9 pool=10
2026-08-06T00:24:12.561Z	WARN	high pin count 9
2026-08-06T00:24:42.561Z	WARN	RSS 793MB pinned=9 pool=10
2026-08-06T00:24:42.562Z	WARN	high pin count 9
2026-08-06T00:25:12.561Z	WARN	RSS 793MB pinned=10 pool=10
2026-08-06T00:25:12.562Z	WARN	high pin count 10
2026-08-06T00:25:42.562Z	WARN	RSS 793MB pinned=10 pool=10
2026-08-06T00:25:42.563Z	WARN	high pin count 10
2026-08-06T00:26:12.562Z	WARN	RSS 793MB pinned=10 pool=10
2026-08-06T00:26:12.563Z	WARN	high pin count 10
2026-08-06T00:26:42.561Z	WARN	RSS 793MB pinned=10 pool=10
2026-08-06T00:26:42.562Z	WARN	high pin count 10
2026-08-06T00:27:12.562Z	WARN	RSS 793MB pinned=10 pool=10
2026-08-06T00:27:12.563Z	WARN	high pin count 10
2026-08-06T00:27:42.563Z	WARN	RSS 793MB pinned=10 pool=10
2026-08-06T00:27:42.563Z	WARN	high pin count 10
2026-08-06T00:28:12.563Z	WARN	RSS 793MB pinned=10 pool=10
2026-08-06T00:28:12.566Z	WARN	high pin count 10
2026-08-06T00:28:42.564Z	WARN	RSS 796MB pinned=10 pool=10
2026-08-06T00:28:42.564Z	WARN	high pin count 10
2026-08-06T00:29:12.566Z	WARN	RSS 796MB pinned=9 pool=10
2026-08-06T00:29:12.567Z	WARN	high pin count 9
2026-08-06T00:29:42.566Z	WARN	RSS 793MB pinned=9 pool=10
2026-08-06T00:29:42.567Z	WARN	high pin count 9
2026-08-06T00:30:12.566Z	WARN	RSS 793MB pinned=9 pool=10
2026-08-06T00:30:12.567Z	WARN	high pin count 9
2026-08-06T00:30:42.567Z	WARN	RSS 793MB pinned=10 pool=10
2026-08-06T00:30:42.567Z	WARN	high pin count 10
2026-08-06T00:31:12.568Z	WARN	RSS 793MB pinned=10 pool=10
2026-08-06T00:31:12.569Z	WARN	high pin count 10
2026-08-06T00:31:42.570Z	WARN	RSS 793MB pinned=10 pool=10
2026-08-06T00:31:42.571Z	WARN	high pin count 10
2026-08-06T00:32:12.570Z	WARN	RSS 793MB pinned=10 pool=10
2026-08-06T00:32:12.571Z	WARN	high pin count 10
2026-08-06T00:32:42.571Z	WARN	RSS 793MB pinned=9 pool=10
2026-08-06T00:32:42.572Z	WARN	high pin count 9
2026-08-06T00:33:12.575Z	WARN	RSS 793MB pinned=9 pool=10
2026-08-06T00:33:12.575Z	WARN	high pin count 9
2026-08-06T00:33:42.575Z	WARN	RSS 793MB pinned=9 pool=10
2026-08-06T00:33:42.575Z	WARN	high pin count 9
2026-08-06T00:34:12.575Z	WARN	RSS 793MB pinned=9 pool=11
2026-08-06T00:34:12.576Z	WARN	high pin count 9
2026-08-06T00:34:42.576Z	WARN	RSS 793MB pinned=9 pool=11
2026-08-06T00:34:42.577Z	WARN	high pin count 9
2026-08-06T00:35:12.577Z	WARN	RSS 796MB pinned=9 pool=11
2026-08-06T00:35:12.579Z	WARN	high pin count 9
2026-08-06T00:35:42.578Z	WARN	RSS 793MB pinned=9 pool=11
2026-08-06T00:35:42.578Z	WARN	high pin count 9
2026-08-06T00:36:12.579Z	WARN	RSS 793MB pinned=9 pool=11
2026-08-06T00:36:12.579Z	WARN	high pin count 9
2026-08-06T00:36:42.579Z	WARN	RSS 794MB pinned=10 pool=11
2026-08-06T00:36:42.579Z	WARN	high pin count 10
2026-08-06T00:37:12.581Z	WARN	RSS 794MB pinned=10 pool=11
2026-08-06T00:37:12.581Z	WARN	high pin count 10
2026-08-06T00:37:42.581Z	WARN	RSS 794MB pinned=10 pool=11
2026-08-06T00:37:42.582Z	WARN	high pin count 10
2026-08-06T00:38:12.582Z	WARN	RSS 794MB pinned=10 pool=10
2026-08-06T00:38:12.582Z	WARN	high pin count 10
2026-08-06T00:38:42.583Z	WARN	RSS 794MB pinned=10 pool=10
2026-08-06T00:38:42.583Z	WARN	high pin count 10
2026-08-06T00:39:12.583Z	WARN	RSS 794MB pinned=10 pool=10
2026-08-06T00:39:12.584Z	WARN	high pin count 10
2026-08-06T00:39:42.583Z	WARN	RSS 794MB pinned=10 pool=10
2026-08-06T00:39:42.584Z	WARN	high pin count 10
2026-08-06T00:40:12.584Z	WARN	RSS 795MB pinned=10 pool=10
2026-08-06T00:40:12.584Z	WARN	high pin count 10
2026-08-06T00:40:42.585Z	WARN	RSS 794MB pinned=10 pool=10
2026-08-06T00:40:42.585Z	WARN	high pin count 10
2026-08-06T00:41:12.585Z	WARN	RSS 795MB pinned=10 pool=10
2026-08-06T00:41:12.586Z	WARN	high pin count 10
2026-08-06T00:41:42.584Z	WARN	RSS 794MB pinned=10 pool=10
2026-08-06T00:41:42.584Z	WARN	high pin count 10
2026-08-06T00:42:12.585Z	WARN	RSS 794MB pinned=10 pool=10
2026-08-06T00:42:12.586Z	WARN	high pin count 10
2026-08-06T00:42:42.586Z	WARN	RSS 794MB pinned=9 pool=10
2026-08-06T00:42:42.587Z	WARN	high pin count 9
2026-08-06T00:43:12.586Z	WARN	RSS 794MB pinned=9 pool=10
2026-08-06T00:43:12.587Z	WARN	high pin count 9
2026-08-06T00:43:42.587Z	WARN	RSS 794MB pinned=10 pool=10
2026-08-06T00:43:42.587Z	WARN	high pin count 10
2026-08-06T00:44:12.587Z	WARN	RSS 794MB pinned=10 pool=10
2026-08-06T00:44:12.588Z	WARN	high pin count 10
2026-08-06T00:44:42.588Z	WARN	RSS 797MB pinned=10 pool=10
2026-08-06T00:44:42.588Z	WARN	high pin count 10
2026-08-06T00:45:12.588Z	WARN	RSS 797MB pinned=9 pool=10
2026-08-06T00:45:12.590Z	WARN	high pin count 9
2026-08-06T00:45:42.589Z	WARN	RSS 794MB pinned=10 pool=10
2026-08-06T00:45:42.590Z	WARN	high pin count 10
2026-08-06T00:46:12.590Z	WARN	RSS 795MB pinned=10 pool=10
2026-08-06T00:46:12.590Z	WARN	high pin count 10
2026-08-06T00:46:42.591Z	WARN	RSS 795MB pinned=10 pool=10
2026-08-06T00:46:42.592Z	WARN	high pin count 10
2026-08-06T00:47:12.591Z	WARN	RSS 794MB pinned=10 pool=10
2026-08-06T00:47:12.592Z	WARN	high pin count 10
2026-08-06T00:47:42.591Z	WARN	RSS 794MB pinned=10 pool=10
2026-08-06T00:47:42.592Z	WARN	high pin count 10
2026-08-06T00:48:12.592Z	WARN	RSS 794MB pinned=10 pool=11
2026-08-06T00:48:12.592Z	WARN	high pin count 10
2026-08-06T00:48:42.593Z	WARN	RSS 797MB pinned=10 pool=11
2026-08-06T00:48:42.594Z	WARN	high pin count 10
2026-08-06T00:49:12.595Z	WARN	RSS 794MB pinned=10 pool=11
2026-08-06T00:49:12.595Z	WARN	high pin count 10
2026-08-06T00:49:42.595Z	WARN	RSS 794MB pinned=10 pool=11
2026-08-06T00:49:42.595Z	WARN	high pin count 10
2026-08-06T00:50:12.595Z	WARN	RSS 795MB pinned=10 pool=11
2026-08-06T00:50:12.595Z	WARN	high pin count 10
2026-08-06T00:50:42.597Z	WARN	RSS 798MB pinned=10 pool=11
2026-08-06T00:50:42.598Z	WARN	high pin count 10
2026-08-06T00:51:12.598Z	WARN	RSS 794MB pinned=10 pool=11
2026-08-06T00:51:12.598Z	WARN	high pin count 10
2026-08-06T00:51:42.599Z	WARN	RSS 794MB pinned=10 pool=11
2026-08-06T00:51:42.600Z	WARN	high pin count 10
2026-08-06T00:52:12.600Z	WARN	RSS 794MB pinned=10 pool=11
2026-08-06T00:52:12.601Z	WARN	high pin count 10
2026-08-06T00:52:42.601Z	WARN	RSS 794MB pinned=10 pool=11
2026-08-06T00:52:42.602Z	WARN	high pin count 10
2026-08-06T00:53:12.602Z	WARN	RSS 795MB pinned=10 pool=11
2026-08-06T00:53:12.603Z	WARN	high pin count 10
2026-08-06T00:53:42.602Z	WARN	RSS 794MB pinned=10 pool=11
2026-08-06T00:53:42.603Z	WARN	high pin count 10
2026-08-06T00:54:12.606Z	WARN	RSS 795MB pinned=10 pool=11
2026-08-06T00:54:12.607Z	WARN	high pin count 10
2026-08-06T00:54:42.605Z	WARN	RSS 794MB pinned=10 pool=11
2026-08-06T00:54:42.605Z	WARN	high pin count 10
2026-08-06T00:55:12.605Z	WARN	RSS 794MB pinned=10 pool=11
2026-08-06T00:55:12.605Z	WARN	high pin count 10
2026-08-06T00:55:42.606Z	WARN	RSS 794MB pinned=10 pool=11
2026-08-06T00:55:42.607Z	WARN	high pin count 10
2026-08-06T00:56:12.606Z	WARN	RSS 794MB pinned=10 pool=11
2026-08-06T00:56:12.606Z	WARN	high pin count 10
2026-08-06T00:56:42.607Z	WARN	RSS 795MB pinned=10 pool=11
2026-08-06T00:56:42.607Z	WARN	high pin count 10
2026-08-06T00:57:12.611Z	WARN	RSS 794MB pinned=10 pool=11
2026-08-06T00:57:12.615Z	WARN	high pin count 10
2026-08-06T00:57:42.612Z	WARN	RSS 797MB pinned=10 pool=11
2026-08-06T00:57:42.614Z	WARN	high pin count 10
2026-08-06T00:58:12.613Z	WARN	RSS 794MB pinned=10 pool=11
2026-08-06T00:58:12.613Z	WARN	high pin count 10
2026-08-06T00:58:42.614Z	WARN	RSS 794MB pinned=10 pool=11
2026-08-06T00:58:42.615Z	WARN	high pin count 10
2026-08-06T00:59:12.615Z	WARN	RSS 794MB pinned=10 pool=11
2026-08-06T00:59:12.615Z	WARN	high pin count 10
2026-08-06T00:59:42.615Z	WARN	RSS 794MB pinned=10 pool=11
2026-08-06T00:59:42.616Z	WARN	high pin count 10
2026-08-06T01:00:12.859Z	WARN	RSS 794MB pinned=10 pool=11
2026-08-06T01:00:12.861Z	WARN	high pin count 10
2026-08-06T01:00:42.853Z	WARN	RSS 794MB pinned=9 pool=10
2026-08-06T01:00:42.854Z	WARN	high pin count 9
2026-08-06T01:01:12.855Z	WARN	RSS 794MB pinned=8 pool=10
2026-08-06T01:01:42.855Z	WARN	RSS 794MB pinned=9 pool=11
2026-08-06T01:01:42.856Z	WARN	high pin count 9
2026-08-06T01:02:12.855Z	WARN	RSS 794MB pinned=9 pool=11
2026-08-06T01:02:12.855Z	WARN	high pin count 9
2026-08-06T01:02:42.855Z	WARN	RSS 794MB pinned=9 pool=11
2026-08-06T01:02:42.855Z	WARN	high pin count 9
2026-08-06T01:03:12.856Z	WARN	RSS 794MB pinned=9 pool=10
2026-08-06T01:03:12.856Z	WARN	high pin count 9
2026-08-06T01:03:42.856Z	WARN	RSS 794MB pinned=9 pool=10
2026-08-06T01:03:42.856Z	WARN	high pin count 9
2026-08-06T01:04:12.856Z	WARN	RSS 794MB pinned=9 pool=9
2026-08-06T01:04:12.857Z	WARN	high pin count 9
2026-08-06T01:04:42.857Z	WARN	RSS 794MB pinned=9 pool=9
2026-08-06T01:04:42.858Z	WARN	high pin count 9
2026-08-06T01:05:12.857Z	WARN	RSS 794MB pinned=10 pool=10
2026-08-06T01:05:12.857Z	WARN	high pin count 10
2026-08-06T01:05:42.857Z	WARN	RSS 794MB pinned=10 pool=10
2026-08-06T01:05:42.858Z	WARN	high pin count 10
2026-08-06T01:06:12.857Z	WARN	RSS 795MB pinned=10 pool=10
2026-08-06T01:06:12.858Z	WARN	high pin count 10
2026-08-06T01:06:42.859Z	WARN	RSS 795MB pinned=9 pool=10
2026-08-06T01:06:42.859Z	WARN	high pin count 9
2026-08-06T01:07:12.860Z	WARN	RSS 795MB pinned=9 pool=10
2026-08-06T01:07:12.860Z	WARN	high pin count 9
2026-08-06T01:07:42.861Z	WARN	RSS 794MB pinned=9 pool=11
2026-08-06T01:07:42.861Z	WARN	high pin count 9
2026-08-06T01:08:12.862Z	WARN	RSS 794MB pinned=9 pool=11
2026-08-06T01:08:12.862Z	WARN	high pin count 9
2026-08-06T01:08:42.862Z	WARN	RSS 794MB pinned=9 pool=11
2026-08-06T01:08:42.863Z	WARN	high pin count 9
2026-08-06T01:09:12.867Z	WARN	RSS 794MB pinned=9 pool=11
2026-08-06T01:09:12.872Z	WARN	high pin count 9
2026-08-06T01:09:42.868Z	WARN	RSS 793MB pinned=9 pool=11
2026-08-06T01:09:42.871Z	WARN	high pin count 9
2026-08-06T01:10:12.867Z	WARN	RSS 794MB pinned=8 pool=9
2026-08-06T01:10:42.868Z	WARN	RSS 794MB pinned=9 pool=10
2026-08-06T01:10:42.868Z	WARN	high pin count 9
2026-08-06T01:11:12.868Z	WARN	RSS 794MB pinned=9 pool=10
2026-08-06T01:11:12.868Z	WARN	high pin count 9
2026-08-06T01:11:42.868Z	WARN	RSS 794MB pinned=9 pool=10
2026-08-06T01:11:42.869Z	WARN	high pin count 9
2026-08-06T01:12:12.869Z	WARN	RSS 794MB pinned=9 pool=10
2026-08-06T01:12:12.871Z	WARN	high pin count 9
2026-08-06T01:12:42.870Z	WARN	RSS 794MB pinned=9 pool=10
2026-08-06T01:12:42.871Z	WARN	high pin count 9
2026-08-06T01:13:12.871Z	WARN	RSS 797MB pinned=9 pool=10
2026-08-06T01:13:12.871Z	WARN	high pin count 9
2026-08-06T01:13:42.871Z	WARN	RSS 797MB pinned=9 pool=10
2026-08-06T01:13:42.871Z	WARN	high pin count 9
2026-08-06T01:14:12.871Z	WARN	RSS 794MB pinned=9 pool=10
2026-08-06T01:14:12.872Z	WARN	high pin count 9
2026-08-06T01:14:42.872Z	WARN	RSS 794MB pinned=9 pool=10
2026-08-06T01:14:42.873Z	WARN	high pin count 9
2026-08-06T01:15:12.873Z	WARN	RSS 797MB pinned=9 pool=10
2026-08-06T01:15:12.874Z	WARN	high pin count 9
2026-08-06T01:15:42.873Z	WARN	RSS 794MB pinned=9 pool=10
2026-08-06T01:15:42.875Z	WARN	high pin count 9
2026-08-06T01:16:12.877Z	WARN	RSS 794MB pinned=9 pool=10
2026-08-06T01:16:12.879Z	WARN	high pin count 9
2026-08-06T01:16:42.878Z	WARN	RSS 797MB pinned=9 pool=10
2026-08-06T01:16:42.879Z	WARN	high pin count 9
2026-08-06T01:17:12.989Z	WARN	RSS 794MB pinned=9 pool=10
2026-08-06T01:17:13.070Z	WARN	high pin count 9
2026-08-06T01:17:42.895Z	WARN	RSS 794MB pinned=9 pool=10
2026-08-06T01:17:42.895Z	WARN	high pin count 9
2026-08-06T01:18:12.896Z	WARN	RSS 794MB pinned=9 pool=10
2026-08-06T01:18:12.899Z	WARN	high pin count 9
2026-08-06T01:18:42.896Z	WARN	RSS 794MB pinned=9 pool=10
2026-08-06T01:18:42.897Z	WARN	high pin count 9
2026-08-06T01:19:12.899Z	WARN	RSS 797MB pinned=9 pool=10
2026-08-06T01:19:12.899Z	WARN	high pin count 9
2026-08-06T01:19:42.900Z	WARN	RSS 794MB pinned=9 pool=10
2026-08-06T01:19:42.900Z	WARN	high pin count 9
2026-08-06T01:20:12.901Z	WARN	RSS 794MB pinned=9 pool=9
2026-08-06T01:20:12.902Z	WARN	high pin count 9
2026-08-06T01:20:42.901Z	WARN	RSS 794MB pinned=9 pool=9
2026-08-06T01:20:42.901Z	WARN	high pin count 9
2026-08-06T01:21:12.901Z	WARN	RSS 797MB pinned=9 pool=9
2026-08-06T01:21:12.901Z	WARN	high pin count 9
2026-08-06T01:21:42.903Z	WARN	RSS 794MB pinned=9 pool=9
2026-08-06T01:21:42.903Z	WARN	high pin count 9
2026-08-06T01:22:12.903Z	WARN	RSS 794MB pinned=9 pool=9
2026-08-06T01:22:12.904Z	WARN	high pin count 9
2026-08-06T01:22:42.905Z	WARN	RSS 794MB pinned=9 pool=9
2026-08-06T01:22:42.905Z	WARN	high pin count 9
2026-08-06T01:23:12.905Z	WARN	RSS 799MB pinned=9 pool=9
2026-08-06T01:23:12.906Z	WARN	high pin count 9
2026-08-06T01:23:42.906Z	WARN	RSS 794MB pinned=9 pool=9
2026-08-06T01:23:42.907Z	WARN	high pin count 9
2026-08-06T01:24:12.907Z	WARN	RSS 794MB pinned=9 pool=9
2026-08-06T01:24:12.907Z	WARN	high pin count 9
2026-08-06T01:24:42.908Z	WARN	RSS 794MB pinned=9 pool=9
2026-08-06T01:24:42.908Z	WARN	high pin count 9
2026-08-06T01:25:12.907Z	WARN	RSS 794MB pinned=9 pool=9
2026-08-06T01:25:12.908Z	WARN	high pin count 9
2026-08-06T01:25:42.907Z	WARN	RSS 794MB pinned=9 pool=10
2026-08-06T01:25:42.907Z	WARN	high pin count 9
2026-08-06T01:26:12.909Z	WARN	RSS 794MB pinned=9 pool=10
2026-08-06T01:26:12.909Z	WARN	high pin count 9
2026-08-06T01:26:42.909Z	WARN	RSS 794MB pinned=9 pool=10
2026-08-06T01:26:42.910Z	WARN	high pin count 9
2026-08-06T01:27:12.909Z	WARN	RSS 794MB pinned=9 pool=10
2026-08-06T01:27:12.910Z	WARN	high pin count 9
2026-08-06T01:27:42.910Z	WARN	RSS 794MB pinned=9 pool=10
2026-08-06T01:27:42.911Z	WARN	high pin count 9
2026-08-06T01:28:12.910Z	WARN	RSS 794MB pinned=9 pool=10
2026-08-06T01:28:12.910Z	WARN	high pin count 9
2026-08-06T01:28:42.911Z	WARN	RSS 794MB pinned=9 pool=10
2026-08-06T01:28:42.912Z	WARN	high pin count 9
2026-08-06T01:29:12.911Z	WARN	RSS 794MB pinned=9 pool=10
2026-08-06T01:29:12.912Z	WARN	high pin count 9
2026-08-06T01:29:42.914Z	WARN	RSS 794MB pinned=9 pool=10
2026-08-06T01:29:42.915Z	WARN	high pin count 9
2026-08-06T01:30:12.917Z	WARN	RSS 794MB pinned=9 pool=10
2026-08-06T01:30:12.917Z	WARN	high pin count 9
2026-08-06T01:30:42.916Z	WARN	RSS 794MB pinned=9 pool=10
2026-08-06T01:30:42.917Z	WARN	high pin count 9
2026-08-06T01:31:12.920Z	WARN	RSS 794MB pinned=9 pool=10
2026-08-06T01:31:12.921Z	WARN	high pin count 9
2026-08-06T01:31:42.920Z	WARN	RSS 795MB pinned=9 pool=10
2026-08-06T01:31:42.921Z	WARN	high pin count 9
2026-08-06T01:32:12.920Z	WARN	RSS 794MB pinned=9 pool=10
2026-08-06T01:32:12.920Z	WARN	high pin count 9
2026-08-06T01:32:42.921Z	WARN	RSS 794MB pinned=9 pool=11
2026-08-06T01:32:42.921Z	WARN	high pin count 9
2026-08-06T01:33:12.921Z	WARN	RSS 794MB pinned=9 pool=11
2026-08-06T01:33:12.921Z	WARN	high pin count 9
2026-08-06T01:33:42.922Z	WARN	RSS 794MB pinned=9 pool=11
2026-08-06T01:33:42.922Z	WARN	high pin count 9
2026-08-06T01:34:12.922Z	WARN	RSS 794MB pinned=9 pool=11
2026-08-06T01:34:12.923Z	WARN	high pin count 9
2026-08-06T01:34:42.923Z	WARN	RSS 794MB pinned=9 pool=11
2026-08-06T01:34:42.923Z	WARN	high pin count 9
2026-08-06T01:35:12.923Z	WARN	RSS 794MB pinned=9 pool=11
2026-08-06T01:35:12.924Z	WARN	high pin count 9
2026-08-06T01:35:42.923Z	WARN	RSS 794MB pinned=9 pool=11
2026-08-06T01:35:42.924Z	WARN	high pin count 9
2026-08-06T01:36:12.923Z	WARN	RSS 794MB pinned=9 pool=11
2026-08-06T01:36:12.924Z	WARN	high pin count 9
2026-08-06T01:36:42.924Z	WARN	RSS 797MB pinned=9 pool=11
2026-08-06T01:36:42.925Z	WARN	high pin count 9
2026-08-06T01:37:12.925Z	WARN	RSS 797MB pinned=9 pool=11
2026-08-06T01:37:12.925Z	WARN	high pin count 9
2026-08-06T01:37:42.927Z	WARN	RSS 794MB pinned=9 pool=11
2026-08-06T01:37:42.928Z	WARN	high pin count 9
2026-08-06T01:38:12.928Z	WARN	RSS 794MB pinned=9 pool=10
2026-08-06T01:38:12.928Z	WARN	high pin count 9
2026-08-06T01:38:42.928Z	WARN	RSS 794MB pinned=9 pool=10
2026-08-06T01:38:42.929Z	WARN	high pin count 9
2026-08-06T01:39:12.929Z	WARN	RSS 794MB pinned=9 pool=10
2026-08-06T01:39:12.929Z	WARN	high pin count 9
2026-08-06T01:39:42.929Z	WARN	RSS 797MB pinned=9 pool=11
2026-08-06T01:39:42.930Z	WARN	high pin count 9
2026-08-06T01:40:12.930Z	WARN	RSS 797MB pinned=9 pool=11
2026-08-06T01:40:12.930Z	WARN	high pin count 9
2026-08-06T01:40:42.936Z	WARN	RSS 794MB pinned=9 pool=11
2026-08-06T01:40:42.937Z	WARN	high pin count 9
2026-08-06T01:41:12.933Z	WARN	RSS 794MB pinned=9 pool=11
2026-08-06T01:41:12.935Z	WARN	high pin count 9
2026-08-06T01:41:42.933Z	WARN	RSS 797MB pinned=9 pool=11
2026-08-06T01:41:42.934Z	WARN	high pin count 9
2026-08-06T01:42:12.935Z	WARN	RSS 800MB pinned=9 pool=11
2026-08-06T01:42:12.935Z	WARN	high pin count 9
2026-08-06T01:42:42.935Z	WARN	RSS 794MB pinned=9 pool=11
2026-08-06T01:42:42.936Z	WARN	high pin count 9
2026-08-06T01:43:12.936Z	WARN	RSS 794MB pinned=9 pool=11
2026-08-06T01:43:12.937Z	WARN	high pin count 9
2026-08-06T01:43:42.937Z	WARN	RSS 794MB pinned=9 pool=11
2026-08-06T01:43:42.937Z	WARN	high pin count 9
2026-08-06T01:44:12.937Z	WARN	RSS 794MB pinned=9 pool=11
2026-08-06T01:44:12.938Z	WARN	high pin count 9
2026-08-06T01:44:42.937Z	WARN	RSS 794MB pinned=9 pool=11
2026-08-06T01:44:42.938Z	WARN	high pin count 9
2026-08-06T01:45:12.938Z	WARN	RSS 794MB pinned=9 pool=11
2026-08-06T01:45:12.939Z	WARN	high pin count 9
2026-08-06T01:45:42.938Z	WARN	RSS 794MB pinned=9 pool=11
2026-08-06T01:45:42.938Z	WARN	high pin count 9
2026-08-06T01:46:12.940Z	WARN	RSS 797MB pinned=9 pool=11
2026-08-06T01:46:12.941Z	WARN	high pin count 9
2026-08-06T01:46:42.940Z	WARN	RSS 794MB pinned=9 pool=11
2026-08-06T01:46:42.941Z	WARN	high pin count 9
2026-08-06T01:47:12.940Z	WARN	RSS 794MB pinned=9 pool=11
2026-08-06T01:47:12.941Z	WARN	high pin count 9
2026-08-06T01:47:42.941Z	WARN	RSS 794MB pinned=9 pool=11
2026-08-06T01:47:42.941Z	WARN	high pin count 9
2026-08-06T01:48:12.942Z	WARN	RSS 794MB pinned=9 pool=11
2026-08-06T01:48:12.942Z	WARN	high pin count 9
2026-08-06T01:48:42.941Z	WARN	RSS 796MB pinned=9 pool=11
2026-08-06T01:48:42.942Z	WARN	high pin count 9
2026-08-06T01:49:12.942Z	WARN	RSS 794MB pinned=9 pool=11
2026-08-06T01:49:12.942Z	WARN	high pin count 9
2026-08-06T01:49:42.943Z	WARN	RSS 794MB pinned=9 pool=11
2026-08-06T01:49:42.944Z	WARN	high pin count 9
2026-08-06T01:50:12.946Z	WARN	RSS 795MB pinned=9 pool=11
2026-08-06T01:50:12.948Z	WARN	high pin count 9
2026-08-06T01:50:42.945Z	WARN	RSS 794MB pinned=9 pool=11
2026-08-06T01:50:42.946Z	WARN	high pin count 9
2026-08-06T01:51:12.946Z	WARN	RSS 795MB pinned=9 pool=11
2026-08-06T01:51:12.947Z	WARN	high pin count 9
2026-08-06T01:51:42.947Z	WARN	RSS 795MB pinned=9 pool=11
2026-08-06T01:51:42.947Z	WARN	high pin count 9
2026-08-06T01:52:12.946Z	WARN	RSS 794MB pinned=9 pool=11
2026-08-06T01:52:12.947Z	WARN	high pin count 9
2026-08-06T01:52:42.948Z	WARN	RSS 794MB pinned=9 pool=11
2026-08-06T01:52:42.948Z	WARN	high pin count 9
2026-08-06T01:53:12.948Z	WARN	RSS 794MB pinned=9 pool=11
2026-08-06T01:53:12.949Z	WARN	high pin count 9
2026-08-06T01:53:42.949Z	WARN	RSS 794MB pinned=9 pool=11
2026-08-06T01:53:42.949Z	WARN	high pin count 9
2026-08-06T01:54:12.951Z	WARN	RSS 794MB pinned=9 pool=11
2026-08-06T01:54:12.951Z	WARN	high pin count 9
2026-08-06T01:54:42.952Z	WARN	RSS 794MB pinned=9 pool=11
2026-08-06T01:54:42.952Z	WARN	high pin count 9
2026-08-06T01:55:12.968Z	WARN	RSS 794MB pinned=9 pool=10
2026-08-06T01:55:12.968Z	WARN	high pin count 9
2026-08-06T01:55:42.968Z	WARN	RSS 797MB pinned=9 pool=10
2026-08-06T01:55:42.969Z	WARN	high pin count 9
2026-08-06T01:56:12.967Z	WARN	RSS 794MB pinned=9 pool=10
2026-08-06T01:56:12.968Z	WARN	high pin count 9
2026-08-06T01:56:42.968Z	WARN	RSS 798MB pinned=9 pool=10
2026-08-06T01:56:42.968Z	WARN	high pin count 9
2026-08-06T01:57:12.968Z	WARN	RSS 794MB pinned=9 pool=10
2026-08-06T01:57:12.969Z	WARN	high pin count 9
2026-08-06T01:57:42.970Z	WARN	RSS 794MB pinned=9 pool=10
2026-08-06T01:57:42.970Z	WARN	high pin count 9
2026-08-06T01:58:12.968Z	WARN	RSS 794MB pinned=9 pool=10
2026-08-06T01:58:12.968Z	WARN	high pin count 9
2026-08-06T01:58:42.969Z	WARN	RSS 796MB pinned=9 pool=10
2026-08-06T01:58:42.970Z	WARN	high pin count 9
2026-08-06T01:59:12.971Z	WARN	RSS 794MB pinned=9 pool=10
2026-08-06T01:59:12.972Z	WARN	high pin count 9
2026-08-06T01:59:42.971Z	WARN	RSS 794MB pinned=9 pool=10
2026-08-06T01:59:42.972Z	WARN	high pin count 9
2026-08-06T02:00:12.972Z	WARN	RSS 795MB pinned=9 pool=9
2026-08-06T02:00:12.974Z	WARN	high pin count 9
2026-08-06T02:00:42.973Z	WARN	RSS 794MB pinned=9 pool=9
2026-08-06T02:00:42.973Z	WARN	high pin count 9
2026-08-06T02:01:12.973Z	WARN	RSS 795MB pinned=9 pool=9
2026-08-06T02:01:12.973Z	WARN	high pin count 9
2026-08-06T02:01:42.973Z	WARN	RSS 797MB pinned=9 pool=9
2026-08-06T02:01:42.974Z	WARN	high pin count 9
2026-08-06T02:02:12.974Z	WARN	RSS 794MB pinned=9 pool=9
2026-08-06T02:02:12.974Z	WARN	high pin count 9
2026-08-06T02:02:42.975Z	WARN	RSS 794MB pinned=9 pool=9
2026-08-06T02:02:42.975Z	WARN	high pin count 9
2026-08-06T02:03:12.976Z	WARN	RSS 794MB pinned=9 pool=9
2026-08-06T02:03:12.977Z	WARN	high pin count 9
2026-08-06T02:03:42.977Z	WARN	RSS 794MB pinned=9 pool=9
2026-08-06T02:03:42.978Z	WARN	high pin count 9
2026-08-06T02:04:12.979Z	WARN	RSS 794MB pinned=9 pool=9
2026-08-06T02:04:12.980Z	WARN	high pin count 9
2026-08-06T02:04:42.979Z	WARN	RSS 794MB pinned=9 pool=9
2026-08-06T02:04:42.980Z	WARN	high pin count 9
2026-08-06T02:05:12.980Z	WARN	RSS 794MB pinned=9 pool=9
2026-08-06T02:05:12.981Z	WARN	high pin count 9
2026-08-06T02:05:42.982Z	WARN	RSS 794MB pinned=9 pool=9
2026-08-06T02:05:42.982Z	WARN	high pin count 9
2026-08-06T02:06:12.980Z	WARN	RSS 794MB pinned=9 pool=9
2026-08-06T02:06:12.981Z	WARN	high pin count 9
2026-08-06T02:06:42.981Z	WARN	RSS 797MB pinned=9 pool=9
2026-08-06T02:06:42.981Z	WARN	high pin count 9
2026-08-06T02:07:12.982Z	WARN	RSS 793MB pinned=9 pool=9
2026-08-06T02:07:12.983Z	WARN	high pin count 9
2026-08-06T02:07:42.984Z	WARN	RSS 793MB pinned=9 pool=9
2026-08-06T02:07:42.985Z	WARN	high pin count 9
2026-08-06T02:08:12.985Z	WARN	RSS 794MB pinned=9 pool=9
2026-08-06T02:08:12.985Z	WARN	high pin count 9
2026-08-06T02:08:42.984Z	WARN	RSS 795MB pinned=9 pool=9
2026-08-06T02:08:42.984Z	WARN	high pin count 9
2026-08-06T02:09:12.986Z	WARN	RSS 794MB pinned=9 pool=9
2026-08-06T02:09:12.987Z	WARN	high pin count 9
2026-08-06T02:09:42.986Z	WARN	RSS 794MB pinned=9 pool=9
2026-08-06T02:09:42.986Z	WARN	high pin count 9
2026-08-06T02:10:12.986Z	WARN	RSS 794MB pinned=9 pool=9
2026-08-06T02:10:12.986Z	WARN	high pin count 9
2026-08-06T02:10:42.986Z	WARN	RSS 794MB pinned=9 pool=9
2026-08-06T02:10:42.986Z	WARN	high pin count 9
2026-08-06T02:11:12.986Z	WARN	RSS 794MB pinned=9 pool=9
2026-08-06T02:11:12.986Z	WARN	high pin count 9
2026-08-06T02:11:42.985Z	WARN	RSS 796MB pinned=9 pool=9
2026-08-06T02:11:42.986Z	WARN	high pin count 9
2026-08-06T02:12:12.986Z	WARN	RSS 794MB pinned=9 pool=9
2026-08-06T02:12:12.987Z	WARN	high pin count 9
2026-08-06T02:12:42.986Z	WARN	RSS 794MB pinned=9 pool=9
2026-08-06T02:12:42.987Z	WARN	high pin count 9
2026-08-06T02:13:12.987Z	WARN	RSS 794MB pinned=9 pool=9
2026-08-06T02:13:12.987Z	WARN	high pin count 9
2026-08-06T02:13:42.987Z	WARN	RSS 794MB pinned=9 pool=9
2026-08-06T02:13:42.987Z	WARN	high pin count 9
2026-08-06T02:14:12.986Z	WARN	RSS 794MB pinned=9 pool=9
2026-08-06T02:14:12.987Z	WARN	high pin count 9
2026-08-06T02:14:42.987Z	WARN	RSS 794MB pinned=9 pool=9
2026-08-06T02:14:42.988Z	WARN	high pin count 9
2026-08-06T02:15:12.988Z	WARN	RSS 794MB pinned=9 pool=9
2026-08-06T02:15:12.989Z	WARN	high pin count 9
2026-08-06T02:15:42.990Z	WARN	RSS 796MB pinned=9 pool=10
2026-08-06T02:15:42.990Z	WARN	high pin count 9
2026-08-06T02:16:12.991Z	WARN	RSS 794MB pinned=9 pool=10
2026-08-06T02:16:12.992Z	WARN	high pin count 9
2026-08-06T02:16:42.991Z	WARN	RSS 794MB pinned=9 pool=10
2026-08-06T02:16:42.991Z	WARN	high pin count 9
2026-08-06T02:17:12.993Z	WARN	RSS 797MB pinned=9 pool=10
2026-08-06T02:17:12.993Z	WARN	high pin count 9
2026-08-06T02:17:42.993Z	WARN	RSS 796MB pinned=9 pool=10
2026-08-06T02:17:42.993Z	WARN	high pin count 9
2026-08-06T02:18:12.994Z	WARN	RSS 793MB pinned=9 pool=10
2026-08-06T02:18:12.994Z	WARN	high pin count 9
2026-08-06T02:18:42.994Z	WARN	RSS 795MB pinned=9 pool=10
2026-08-06T02:18:42.995Z	WARN	high pin count 9
2026-08-06T02:19:12.994Z	WARN	RSS 797MB pinned=9 pool=10
2026-08-06T02:19:12.995Z	WARN	high pin count 9
2026-08-06T02:19:42.997Z	WARN	RSS 794MB pinned=9 pool=10
2026-08-06T02:19:42.999Z	WARN	high pin count 9
2026-08-06T02:20:12.997Z	WARN	RSS 794MB pinned=9 pool=10
2026-08-06T02:20:12.999Z	WARN	high pin count 9
2026-08-06T02:20:42.998Z	WARN	RSS 794MB pinned=9 pool=10
2026-08-06T02:20:42.999Z	WARN	high pin count 9
2026-08-06T02:21:12.999Z	WARN	RSS 794MB pinned=9 pool=9
2026-08-06T02:21:12.999Z	WARN	high pin count 9
2026-08-06T02:21:42.999Z	WARN	RSS 794MB pinned=9 pool=9
2026-08-06T02:21:43.000Z	WARN	high pin count 9
2026-08-06T02:22:13.000Z	WARN	RSS 794MB pinned=9 pool=9
2026-08-06T02:22:13.001Z	WARN	high pin count 9
2026-08-06T02:22:43.000Z	WARN	RSS 794MB pinned=9 pool=9
2026-08-06T02:22:43.000Z	WARN	high pin count 9
2026-08-06T02:23:13.000Z	WARN	RSS 796MB pinned=9 pool=9
2026-08-06T02:23:13.000Z	WARN	high pin count 9
2026-08-06T02:23:43.001Z	WARN	RSS 793MB pinned=9 pool=9
2026-08-06T02:23:43.002Z	WARN	high pin count 9
2026-08-06T02:24:13.001Z	WARN	RSS 793MB pinned=9 pool=9
2026-08-06T02:24:13.001Z	WARN	high pin count 9
2026-08-06T02:24:43.003Z	WARN	RSS 793MB pinned=9 pool=9
2026-08-06T02:24:43.003Z	WARN	high pin count 9
2026-08-06T02:25:13.003Z	WARN	RSS 794MB pinned=9 pool=9
2026-08-06T02:25:13.004Z	WARN	high pin count 9
2026-08-06T02:25:43.005Z	WARN	RSS 794MB pinned=9 pool=9
2026-08-06T02:25:43.006Z	WARN	high pin count 9
2026-08-06T02:26:13.005Z	WARN	RSS 794MB pinned=9 pool=9
2026-08-06T02:26:13.006Z	WARN	high pin count 9
2026-08-06T02:26:43.006Z	WARN	RSS 794MB pinned=9 pool=9
2026-08-06T02:26:43.006Z	WARN	high pin count 9
2026-08-06T02:27:13.006Z	WARN	RSS 794MB pinned=9 pool=9
2026-08-06T02:27:13.006Z	WARN	high pin count 9
2026-08-06T02:27:43.006Z	WARN	RSS 794MB pinned=9 pool=9
2026-08-06T02:27:43.006Z	WARN	high pin count 9
2026-08-06T02:28:13.007Z	WARN	RSS 794MB pinned=9 pool=9
2026-08-06T02:28:13.007Z	WARN	high pin count 9
2026-08-06T02:28:43.008Z	WARN	RSS 795MB pinned=9 pool=9
2026-08-06T02:28:43.008Z	WARN	high pin count 9
2026-08-06T02:29:13.008Z	WARN	RSS 796MB pinned=9 pool=9
2026-08-06T02:29:13.008Z	WARN	high pin count 9
2026-08-06T02:29:43.009Z	WARN	RSS 793MB pinned=9 pool=9
2026-08-06T02:29:43.010Z	WARN	high pin count 9
2026-08-06T02:30:13.011Z	WARN	RSS 794MB pinned=9 pool=9
2026-08-06T02:30:13.012Z	WARN	high pin count 9
2026-08-06T02:30:43.012Z	WARN	RSS 793MB pinned=9 pool=9
2026-08-06T02:30:43.012Z	WARN	high pin count 9
2026-08-06T02:31:13.012Z	WARN	RSS 794MB pinned=9 pool=9
2026-08-06T02:31:13.012Z	WARN	high pin count 9
2026-08-06T02:31:43.012Z	WARN	RSS 793MB pinned=9 pool=9
2026-08-06T02:31:43.012Z	WARN	high pin count 9
2026-08-06T02:32:13.012Z	WARN	RSS 793MB pinned=9 pool=9
2026-08-06T02:32:13.013Z	WARN	high pin count 9
2026-08-06T02:32:43.013Z	WARN	RSS 793MB pinned=9 pool=9
2026-08-06T02:32:43.013Z	WARN	high pin count 9
2026-08-06T02:33:13.013Z	WARN	RSS 793MB pinned=9 pool=9
2026-08-06T02:33:13.014Z	WARN	high pin count 9
2026-08-06T02:33:43.013Z	WARN	RSS 793MB pinned=9 pool=10
2026-08-06T02:33:43.013Z	WARN	high pin count 9
2026-08-06T02:34:13.013Z	WARN	RSS 794MB pinned=10 pool=10
2026-08-06T02:34:13.013Z	WARN	high pin count 10
2026-08-06T02:34:43.013Z	WARN	RSS 797MB pinned=10 pool=11
2026-08-06T02:34:43.013Z	WARN	high pin count 10
2026-08-06T02:35:13.019Z	WARN	RSS 797MB pinned=11 pool=11
2026-08-06T02:35:13.020Z	WARN	high pin count 11
2026-08-06T02:35:43.018Z	WARN	RSS 794MB pinned=11 pool=11
2026-08-06T02:35:43.018Z	WARN	high pin count 11
2026-08-06T02:36:13.018Z	WARN	RSS 794MB pinned=11 pool=11
2026-08-06T02:36:13.018Z	WARN	high pin count 11
2026-08-06T02:36:43.018Z	WARN	RSS 794MB pinned=10 pool=11
2026-08-06T02:36:43.018Z	WARN	high pin count 10
2026-08-06T02:37:13.018Z	WARN	RSS 794MB pinned=11 pool=11
2026-08-06T02:37:13.019Z	WARN	high pin count 11
2026-08-06T02:37:43.019Z	WARN	RSS 794MB pinned=11 pool=11
2026-08-06T02:37:43.019Z	WARN	high pin count 11
2026-08-06T02:38:13.019Z	WARN	RSS 794MB pinned=11 pool=11
2026-08-06T02:38:13.019Z	WARN	high pin count 11
2026-08-06T02:38:43.019Z	WARN	RSS 799MB pinned=10 pool=11
2026-08-06T02:38:43.020Z	WARN	high pin count 10
2026-08-06T02:39:13.020Z	WARN	RSS 794MB pinned=10 pool=11
2026-08-06T02:39:13.020Z	WARN	high pin count 10
2026-08-06T02:39:43.021Z	WARN	RSS 794MB pinned=11 pool=11
2026-08-06T02:39:43.021Z	WARN	high pin count 11
2026-08-06T02:40:13.020Z	WARN	RSS 794MB pinned=11 pool=11
2026-08-06T02:40:13.022Z	WARN	high pin count 11
2026-08-06T02:40:43.021Z	WARN	RSS 794MB pinned=10 pool=11
2026-08-06T02:40:43.021Z	WARN	high pin count 10
2026-08-06T02:41:13.021Z	WARN	RSS 794MB pinned=11 pool=11
2026-08-06T02:41:13.021Z	WARN	high pin count 11
2026-08-06T02:41:43.022Z	WARN	RSS 794MB pinned=11 pool=11
2026-08-06T02:41:43.022Z	WARN	high pin count 11
2026-08-06T02:42:13.023Z	WARN	RSS 794MB pinned=11 pool=11
2026-08-06T02:42:13.023Z	WARN	high pin count 11
2026-08-06T02:42:43.024Z	WARN	RSS 794MB pinned=11 pool=12
2026-08-06T02:42:43.024Z	WARN	high pin count 11
2026-08-06T02:43:13.024Z	WARN	RSS 794MB pinned=10 pool=12
2026-08-06T02:43:13.024Z	WARN	high pin count 10
2026-08-06T02:43:43.026Z	WARN	RSS 795MB pinned=10 pool=12
2026-08-06T02:43:43.027Z	WARN	high pin count 10
2026-08-06T02:44:13.026Z	WARN	RSS 795MB pinned=10 pool=12
2026-08-06T02:44:13.026Z	WARN	high pin count 10
2026-08-06T02:44:43.025Z	WARN	RSS 798MB pinned=10 pool=12
2026-08-06T02:44:43.026Z	WARN	high pin count 10
2026-08-06T02:45:13.026Z	WARN	RSS 795MB pinned=10 pool=12
2026-08-06T02:45:13.027Z	WARN	high pin count 10
2026-08-06T02:45:43.026Z	WARN	RSS 797MB pinned=10 pool=12
2026-08-06T02:45:43.026Z	WARN	high pin count 10
2026-08-06T02:46:13.028Z	WARN	RSS 794MB pinned=9 pool=11
2026-08-06T02:46:13.028Z	WARN	high pin count 9
2026-08-06T02:46:43.028Z	WARN	RSS 798MB pinned=9 pool=11
2026-08-06T02:46:43.028Z	WARN	high pin count 9
2026-08-06T02:47:13.028Z	WARN	RSS 794MB pinned=10 pool=10
2026-08-06T02:47:13.029Z	WARN	high pin count 10
2026-08-06T02:47:43.029Z	WARN	RSS 797MB pinned=9 pool=10
2026-08-06T02:47:43.029Z	WARN	high pin count 9
2026-08-06T02:48:13.028Z	WARN	RSS 797MB pinned=9 pool=10
2026-08-06T02:48:13.028Z	WARN	high pin count 9
2026-08-06T02:48:43.029Z	WARN	RSS 796MB pinned=9 pool=10
2026-08-06T02:48:43.029Z	WARN	high pin count 9
2026-08-06T02:49:13.029Z	WARN	RSS 794MB pinned=9 pool=10
2026-08-06T02:49:13.029Z	WARN	high pin count 9
2026-08-06T02:49:43.030Z	WARN	RSS 794MB pinned=9 pool=10
2026-08-06T02:49:43.030Z	WARN	high pin count 9
2026-08-06T02:50:13.030Z	WARN	RSS 794MB pinned=9 pool=10
2026-08-06T02:50:13.030Z	WARN	high pin count 9
2026-08-06T02:50:43.030Z	WARN	RSS 794MB pinned=9 pool=10
2026-08-06T02:50:43.031Z	WARN	high pin count 9
2026-08-06T02:51:13.030Z	WARN	RSS 794MB pinned=10 pool=11
2026-08-06T02:51:13.031Z	WARN	high pin count 10
2026-08-06T02:51:43.031Z	WARN	RSS 794MB pinned=10 pool=11
2026-08-06T02:51:43.031Z	WARN	high pin count 10
2026-08-06T02:52:13.032Z	WARN	RSS 794MB pinned=9 pool=11
2026-08-06T02:52:13.032Z	WARN	high pin count 9
2026-08-06T02:52:43.031Z	WARN	RSS 794MB pinned=9 pool=11
2026-08-06T02:52:43.031Z	WARN	high pin count 9
2026-08-06T02:53:13.032Z	WARN	RSS 794MB pinned=9 pool=11
2026-08-06T02:53:13.032Z	WARN	high pin count 9
2026-08-06T02:53:43.033Z	WARN	RSS 794MB pinned=9 pool=11
2026-08-06T02:53:43.033Z	WARN	high pin count 9
2026-08-06T02:54:13.034Z	WARN	RSS 794MB pinned=9 pool=11
2026-08-06T02:54:13.035Z	WARN	high pin count 9
2026-08-06T02:54:43.034Z	WARN	RSS 794MB pinned=10 pool=12
2026-08-06T02:54:43.034Z	WARN	high pin count 10
2026-08-06T02:55:13.033Z	WARN	RSS 794MB pinned=9 pool=12
2026-08-06T02:55:13.034Z	WARN	high pin count 9
2026-08-06T02:55:43.035Z	WARN	RSS 794MB pinned=9 pool=12
2026-08-06T02:55:43.035Z	WARN	high pin count 9
2026-08-06T02:56:13.035Z	WARN	RSS 794MB pinned=10 pool=13
2026-08-06T02:56:13.035Z	WARN	high pin count 10
2026-08-06T02:56:43.035Z	WARN	RSS 795MB pinned=11 pool=13
2026-08-06T02:56:43.035Z	WARN	high pin count 11
2026-08-06T02:57:13.037Z	WARN	RSS 794MB pinned=11 pool=13
2026-08-06T02:57:13.037Z	WARN	high pin count 11
2026-08-06T02:57:43.036Z	WARN	RSS 795MB pinned=10 pool=13
2026-08-06T02:57:43.037Z	WARN	high pin count 10
2026-08-06T02:58:13.037Z	WARN	RSS 795MB pinned=11 pool=13
2026-08-06T02:58:13.038Z	WARN	high pin count 11
2026-08-06T02:58:43.037Z	WARN	RSS 796MB pinned=10 pool=13
2026-08-06T02:58:43.038Z	WARN	high pin count 10
2026-08-06T02:59:13.038Z	WARN	RSS 795MB pinned=10 pool=13
2026-08-06T02:59:13.039Z	WARN	high pin count 10
2026-08-06T02:59:43.038Z	WARN	RSS 797MB pinned=11 pool=13
2026-08-06T02:59:43.038Z	WARN	high pin count 11
2026-08-06T03:00:13.038Z	WARN	RSS 795MB pinned=11 pool=12
2026-08-06T03:00:13.039Z	WARN	high pin count 11
2026-08-06T03:00:43.039Z	WARN	RSS 797MB pinned=10 pool=12
2026-08-06T03:00:43.040Z	WARN	high pin count 10
2026-08-06T03:01:13.040Z	WARN	RSS 795MB pinned=9 pool=12
2026-08-06T03:01:13.040Z	WARN	high pin count 9
2026-08-06T03:01:43.041Z	WARN	RSS 794MB pinned=9 pool=12
2026-08-06T03:01:43.042Z	WARN	high pin count 9
2026-08-06T03:02:13.042Z	WARN	RSS 794MB pinned=9 pool=12
2026-08-06T03:02:13.043Z	WARN	high pin count 9
2026-08-06T03:02:43.042Z	WARN	RSS 794MB pinned=9 pool=12
2026-08-06T03:02:43.042Z	WARN	high pin count 9
2026-08-06T03:03:13.042Z	WARN	RSS 794MB pinned=10 pool=12
2026-08-06T03:03:13.043Z	WARN	high pin count 10
2026-08-06T03:03:43.042Z	WARN	RSS 795MB pinned=10 pool=13
2026-08-06T03:03:43.043Z	WARN	high pin count 10
2026-08-06T03:04:13.042Z	WARN	RSS 795MB pinned=10 pool=12
2026-08-06T03:04:13.043Z	WARN	high pin count 10
2026-08-06T03:04:43.043Z	WARN	RSS 795MB pinned=10 pool=12
2026-08-06T03:04:43.043Z	WARN	high pin count 10
2026-08-06T03:05:13.043Z	WARN	RSS 795MB pinned=10 pool=12
2026-08-06T03:05:13.044Z	WARN	high pin count 10
2026-08-06T03:05:43.044Z	WARN	RSS 795MB pinned=10 pool=12
2026-08-06T03:05:43.045Z	WARN	high pin count 10
2026-08-06T03:06:13.044Z	WARN	RSS 795MB pinned=10 pool=12
2026-08-06T03:06:13.044Z	WARN	high pin count 10
2026-08-06T03:06:43.044Z	WARN	RSS 795MB pinned=10 pool=12
2026-08-06T03:06:43.044Z	WARN	high pin count 10
2026-08-06T03:07:13.045Z	WARN	RSS 794MB pinned=10 pool=12
2026-08-06T03:07:13.045Z	WARN	high pin count 10
2026-08-06T03:07:43.045Z	WARN	RSS 795MB pinned=10 pool=12
2026-08-06T03:07:43.045Z	WARN	high pin count 10
2026-08-06T03:08:13.044Z	WARN	RSS 795MB pinned=9 pool=12
2026-08-06T03:08:13.045Z	WARN	high pin count 9
2026-08-06T03:08:43.046Z	WARN	RSS 796MB pinned=9 pool=12
2026-08-06T03:08:43.048Z	WARN	high pin count 9
2026-08-06T03:09:13.047Z	WARN	RSS 794MB pinned=9 pool=12
2026-08-06T03:09:13.048Z	WARN	high pin count 9
2026-08-06T03:09:43.047Z	WARN	RSS 794MB pinned=10 pool=12
2026-08-06T03:09:43.048Z	WARN	high pin count 10
2026-08-06T03:10:13.048Z	WARN	RSS 795MB pinned=10 pool=12
2026-08-06T03:10:13.048Z	WARN	high pin count 10
2026-08-06T03:10:43.048Z	WARN	RSS 795MB pinned=10 pool=12
2026-08-06T03:10:43.048Z	WARN	high pin count 10
2026-08-06T03:11:13.049Z	WARN	RSS 795MB pinned=10 pool=12
2026-08-06T03:11:13.049Z	WARN	high pin count 10
2026-08-06T03:11:43.049Z	WARN	RSS 797MB pinned=10 pool=12
2026-08-06T03:11:43.049Z	WARN	high pin count 10
2026-08-06T03:12:13.049Z	WARN	RSS 795MB pinned=10 pool=12
2026-08-06T03:12:13.049Z	WARN	high pin count 10
2026-08-06T03:12:43.050Z	WARN	RSS 794MB pinned=10 pool=12
2026-08-06T03:12:43.051Z	WARN	high pin count 10
2026-08-06T03:13:13.049Z	WARN	RSS 794MB pinned=10 pool=12
2026-08-06T03:13:13.050Z	WARN	high pin count 10
2026-08-06T03:13:43.050Z	WARN	RSS 794MB pinned=10 pool=12
2026-08-06T03:13:43.050Z	WARN	high pin count 10
2026-08-06T03:14:13.049Z	WARN	RSS 795MB pinned=10 pool=12
2026-08-06T03:14:13.050Z	WARN	high pin count 10
2026-08-06T03:14:43.050Z	WARN	RSS 795MB pinned=10 pool=12
2026-08-06T03:14:43.050Z	WARN	high pin count 10
2026-08-06T03:15:13.050Z	WARN	RSS 794MB pinned=10 pool=12
2026-08-06T03:15:13.051Z	WARN	high pin count 10
2026-08-06T03:15:43.051Z	WARN	RSS 795MB pinned=10 pool=12
2026-08-06T03:15:43.052Z	WARN	high pin count 10
2026-08-06T03:16:13.051Z	WARN	RSS 795MB pinned=10 pool=12
2026-08-06T03:16:13.052Z	WARN	high pin count 10
2026-08-06T03:16:43.052Z	WARN	RSS 795MB pinned=10 pool=12
2026-08-06T03:16:43.052Z	WARN	high pin count 10
2026-08-06T03:17:13.054Z	WARN	RSS 795MB pinned=10 pool=12
2026-08-06T03:17:13.054Z	WARN	high pin count 10
2026-08-06T03:17:43.053Z	WARN	RSS 794MB pinned=10 pool=12
2026-08-06T03:17:43.054Z	WARN	high pin count 10
2026-08-06T03:18:13.055Z	WARN	RSS 795MB pinned=10 pool=11
2026-08-06T03:18:13.055Z	WARN	high pin count 10
2026-08-06T03:18:43.054Z	WARN	RSS 795MB pinned=10 pool=11
2026-08-06T03:18:43.055Z	WARN	high pin count 10
2026-08-06T03:19:13.055Z	WARN	RSS 795MB pinned=10 pool=11
2026-08-06T03:19:13.056Z	WARN	high pin count 10
2026-08-06T03:19:43.056Z	WARN	RSS 795MB pinned=10 pool=11
2026-08-06T03:19:43.061Z	WARN	high pin count 10
2026-08-06T03:20:13.056Z	WARN	RSS 795MB pinned=9 pool=11
2026-08-06T03:20:13.056Z	WARN	high pin count 9
2026-08-06T03:20:43.056Z	WARN	RSS 794MB pinned=9 pool=11
2026-08-06T03:20:43.056Z	WARN	high pin count 9
2026-08-06T03:21:13.056Z	WARN	RSS 794MB pinned=9 pool=11
2026-08-06T03:21:13.056Z	WARN	high pin count 9
2026-08-06T03:21:43.056Z	WARN	RSS 797MB pinned=9 pool=11
2026-08-06T03:21:43.056Z	WARN	high pin count 9
2026-08-06T03:22:13.058Z	WARN	RSS 795MB pinned=9 pool=11
2026-08-06T03:22:13.058Z	WARN	high pin count 9
2026-08-06T03:22:43.057Z	WARN	RSS 795MB pinned=9 pool=11
2026-08-06T03:22:43.058Z	WARN	high pin count 9
2026-08-06T03:23:13.058Z	WARN	RSS 796MB pinned=9 pool=10
2026-08-06T03:23:13.058Z	WARN	high pin count 9
2026-08-06T03:23:43.059Z	WARN	RSS 796MB pinned=9 pool=10
2026-08-06T03:23:43.060Z	WARN	high pin count 9
2026-08-06T03:24:13.059Z	WARN	RSS 796MB pinned=9 pool=9
2026-08-06T03:24:13.059Z	WARN	high pin count 9
2026-08-06T03:24:43.060Z	WARN	RSS 796MB pinned=9 pool=9
2026-08-06T03:24:43.061Z	WARN	high pin count 9
2026-08-06T03:25:13.060Z	WARN	RSS 796MB pinned=9 pool=9
2026-08-06T03:25:13.061Z	WARN	high pin count 9
2026-08-06T03:25:43.061Z	WARN	RSS 796MB pinned=9 pool=9
2026-08-06T03:25:43.061Z	WARN	high pin count 9
2026-08-06T03:26:13.061Z	WARN	RSS 797MB pinned=9 pool=9
2026-08-06T03:26:13.061Z	WARN	high pin count 9
2026-08-06T03:26:43.061Z	WARN	RSS 797MB pinned=9 pool=9
2026-08-06T03:26:43.061Z	WARN	high pin count 9
2026-08-06T03:27:13.062Z	WARN	RSS 796MB pinned=9 pool=9
2026-08-06T03:27:13.062Z	WARN	high pin count 9
2026-08-06T03:27:43.062Z	WARN	RSS 796MB pinned=9 pool=9
2026-08-06T03:27:43.062Z	WARN	high pin count 9
2026-08-06T03:28:13.063Z	WARN	RSS 796MB pinned=9 pool=9
2026-08-06T03:28:13.063Z	WARN	high pin count 9
2026-08-06T03:28:43.064Z	WARN	RSS 798MB pinned=9 pool=10
2026-08-06T03:28:43.064Z	WARN	high pin count 9
2026-08-06T03:29:13.064Z	WARN	RSS 796MB pinned=9 pool=10
2026-08-06T03:29:13.064Z	WARN	high pin count 9
2026-08-06T03:29:43.063Z	WARN	RSS 796MB pinned=9 pool=10
2026-08-06T03:29:43.064Z	WARN	high pin count 9
2026-08-06T03:30:13.064Z	WARN	RSS 796MB pinned=9 pool=11
2026-08-06T03:30:13.065Z	WARN	high pin count 9
2026-08-06T03:30:43.066Z	WARN	RSS 797MB pinned=10 pool=11
2026-08-06T03:30:43.066Z	WARN	high pin count 10
2026-08-06T03:31:13.066Z	WARN	RSS 797MB pinned=10 pool=11
2026-08-06T03:31:13.066Z	WARN	high pin count 10
2026-08-06T03:31:43.067Z	WARN	RSS 797MB pinned=10 pool=11
2026-08-06T03:31:43.067Z	WARN	high pin count 10
2026-08-06T03:32:13.067Z	WARN	RSS 797MB pinned=10 pool=11
2026-08-06T03:32:13.068Z	WARN	high pin count 10
2026-08-06T03:32:43.068Z	WARN	RSS 797MB pinned=10 pool=11
2026-08-06T03:32:43.068Z	WARN	high pin count 10
2026-08-06T03:33:13.068Z	WARN	RSS 797MB pinned=10 pool=11
2026-08-06T03:33:13.068Z	WARN	high pin count 10
2026-08-06T03:33:43.070Z	WARN	RSS 800MB pinned=10 pool=11
2026-08-06T03:33:43.070Z	WARN	high pin count 10
2026-08-06T03:34:13.070Z	WARN	RSS 797MB pinned=10 pool=11
2026-08-06T03:34:13.071Z	WARN	high pin count 10
2026-08-06T03:34:43.070Z	WARN	RSS 797MB pinned=10 pool=11
2026-08-06T03:34:43.070Z	WARN	high pin count 10
2026-08-06T03:35:13.070Z	WARN	RSS 796MB pinned=10 pool=11
2026-08-06T03:35:13.071Z	WARN	high pin count 10
2026-08-06T03:35:43.071Z	WARN	RSS 797MB pinned=9 pool=11
2026-08-06T03:35:43.071Z	WARN	high pin count 9
2026-08-06T03:36:13.071Z	WARN	RSS 797MB pinned=9 pool=11
2026-08-06T03:36:13.071Z	WARN	high pin count 9
2026-08-06T03:36:43.072Z	WARN	RSS 797MB pinned=9 pool=11
2026-08-06T03:36:43.073Z	WARN	high pin count 9
2026-08-06T03:37:13.075Z	WARN	RSS 797MB pinned=9 pool=11
2026-08-06T03:37:13.076Z	WARN	high pin count 9
2026-08-06T03:37:43.073Z	WARN	RSS 797MB pinned=9 pool=12
2026-08-06T03:37:43.074Z	WARN	high pin count 9
2026-08-06T03:38:13.074Z	WARN	RSS 797MB pinned=9 pool=12
2026-08-06T03:38:13.074Z	WARN	high pin count 9
2026-08-06T03:38:43.073Z	WARN	RSS 801MB pinned=9 pool=12
2026-08-06T03:38:43.074Z	WARN	high pin count 9
2026-08-06T03:39:13.074Z	WARN	RSS 797MB pinned=9 pool=11
2026-08-06T03:39:13.074Z	WARN	high pin count 9
2026-08-06T03:39:43.074Z	WARN	RSS 797MB pinned=9 pool=11
2026-08-06T03:39:43.075Z	WARN	high pin count 9
2026-08-06T03:40:13.075Z	WARN	RSS 797MB pinned=9 pool=11
2026-08-06T03:40:13.075Z	WARN	high pin count 9
2026-08-06T03:40:43.075Z	WARN	RSS 797MB pinned=9 pool=11
2026-08-06T03:40:43.075Z	WARN	high pin count 9
2026-08-06T03:41:13.075Z	WARN	RSS 797MB pinned=9 pool=11
2026-08-06T03:41:13.075Z	WARN	high pin count 9
2026-08-06T03:41:43.075Z	WARN	RSS 797MB pinned=9 pool=11
2026-08-06T03:41:43.075Z	WARN	high pin count 9
2026-08-06T03:42:13.076Z	WARN	RSS 797MB pinned=9 pool=11
2026-08-06T03:42:13.077Z	WARN	high pin count 9
2026-08-06T03:42:43.077Z	WARN	RSS 797MB pinned=9 pool=11
2026-08-06T03:42:43.077Z	WARN	high pin count 9
2026-08-06T03:43:13.078Z	WARN	RSS 796MB pinned=9 pool=11
2026-08-06T03:43:13.079Z	WARN	high pin count 9
2026-08-06T03:43:43.079Z	WARN	RSS 796MB pinned=9 pool=11
2026-08-06T03:43:43.079Z	WARN	high pin count 9
2026-08-06T03:44:13.079Z	WARN	RSS 799MB pinned=9 pool=11
2026-08-06T03:44:13.079Z	WARN	high pin count 9
2026-08-06T03:44:43.079Z	WARN	RSS 796MB pinned=9 pool=11
2026-08-06T03:44:43.079Z	WARN	high pin count 9
2026-08-06T03:45:13.078Z	WARN	RSS 796MB pinned=9 pool=11
2026-08-06T03:45:13.079Z	WARN	high pin count 9
2026-08-06T03:45:43.080Z	WARN	RSS 797MB pinned=9 pool=11
2026-08-06T03:45:43.081Z	WARN	high pin count 9
2026-08-06T03:46:13.079Z	WARN	RSS 796MB pinned=9 pool=11
2026-08-06T03:46:13.080Z	WARN	high pin count 9
2026-08-06T03:46:43.080Z	WARN	RSS 799MB pinned=9 pool=11
2026-08-06T03:46:43.080Z	WARN	high pin count 9
2026-08-06T03:47:13.080Z	WARN	RSS 796MB pinned=9 pool=11
2026-08-06T03:47:13.080Z	WARN	high pin count 9
2026-08-06T03:47:43.081Z	WARN	RSS 799MB pinned=9 pool=11
2026-08-06T03:47:43.081Z	WARN	high pin count 9
2026-08-06T03:48:13.081Z	WARN	RSS 799MB pinned=9 pool=11
2026-08-06T03:48:13.082Z	WARN	high pin count 9
2026-08-06T03:48:43.082Z	WARN	RSS 798MB pinned=9 pool=11
2026-08-06T03:48:43.083Z	WARN	high pin count 9
2026-08-06T03:49:13.083Z	WARN	RSS 796MB pinned=9 pool=11
2026-08-06T03:49:13.084Z	WARN	high pin count 9
2026-08-06T03:49:43.084Z	WARN	RSS 796MB pinned=9 pool=11
2026-08-06T03:49:43.085Z	WARN	high pin count 9
2026-08-06T03:50:13.085Z	WARN	RSS 797MB pinned=9 pool=11
2026-08-06T03:50:13.085Z	WARN	high pin count 9
2026-08-06T03:50:43.086Z	WARN	RSS 796MB pinned=9 pool=11
2026-08-06T03:50:43.087Z	WARN	high pin count 9
2026-08-06T03:51:13.086Z	WARN	RSS 796MB pinned=9 pool=10
2026-08-06T03:51:13.087Z	WARN	high pin count 9
2026-08-06T03:51:43.087Z	WARN	RSS 799MB pinned=9 pool=10
2026-08-06T03:51:43.087Z	WARN	high pin count 9
2026-08-06T03:52:13.086Z	WARN	RSS 796MB pinned=9 pool=10
2026-08-06T03:52:13.086Z	WARN	high pin count 9
2026-08-06T03:52:43.087Z	WARN	RSS 796MB pinned=9 pool=10
2026-08-06T03:52:43.087Z	WARN	high pin count 9
2026-08-06T03:53:13.086Z	WARN	RSS 796MB pinned=9 pool=11
2026-08-06T03:53:13.087Z	WARN	high pin count 9
2026-08-06T03:53:43.087Z	WARN	RSS 799MB pinned=9 pool=11
2026-08-06T03:53:43.088Z	WARN	high pin count 9
2026-08-06T03:54:13.087Z	WARN	RSS 796MB pinned=9 pool=11
2026-08-06T03:54:13.088Z	WARN	high pin count 9
2026-08-06T03:54:43.088Z	WARN	RSS 799MB pinned=9 pool=11
2026-08-06T03:54:43.089Z	WARN	high pin count 9
2026-08-06T03:55:13.089Z	WARN	RSS 796MB pinned=9 pool=11
2026-08-06T03:55:13.090Z	WARN	high pin count 9
2026-08-06T03:55:43.096Z	WARN	RSS 796MB pinned=9 pool=11
2026-08-06T03:55:43.096Z	WARN	high pin count 9
2026-08-06T03:56:13.095Z	WARN	RSS 796MB pinned=9 pool=11
2026-08-06T03:56:13.096Z	WARN	high pin count 9
2026-08-06T03:56:43.096Z	WARN	RSS 799MB pinned=9 pool=11
2026-08-06T03:56:43.096Z	WARN	high pin count 9
2026-08-06T03:57:13.095Z	WARN	RSS 796MB pinned=9 pool=11
2026-08-06T03:57:13.096Z	WARN	high pin count 9
2026-08-06T03:57:43.096Z	WARN	RSS 796MB pinned=9 pool=11
2026-08-06T03:57:43.096Z	WARN	high pin count 9
2026-08-06T03:58:13.096Z	WARN	RSS 796MB pinned=9 pool=11
2026-08-06T03:58:13.096Z	WARN	high pin count 9
2026-08-06T03:58:43.097Z	WARN	RSS 797MB pinned=9 pool=11
2026-08-06T03:58:43.098Z	WARN	high pin count 9
2026-08-06T03:59:13.102Z	WARN	RSS 796MB pinned=9 pool=11
2026-08-06T03:59:13.103Z	WARN	high pin count 9
2026-08-06T03:59:43.102Z	WARN	RSS 796MB pinned=9 pool=12
2026-08-06T03:59:43.102Z	WARN	high pin count 9
2026-08-06T04:00:13.105Z	WARN	RSS 797MB pinned=10 pool=12
2026-08-06T04:00:13.105Z	WARN	high pin count 10
2026-08-06T04:00:43.107Z	WARN	RSS 799MB pinned=9 pool=12
2026-08-06T04:00:43.107Z	WARN	high pin count 9
2026-08-06T04:01:13.107Z	WARN	RSS 796MB pinned=9 pool=12
2026-08-06T04:01:13.107Z	WARN	high pin count 9
2026-08-06T04:01:43.107Z	WARN	RSS 796MB pinned=9 pool=12
2026-08-06T04:01:43.107Z	WARN	high pin count 9
2026-08-06T04:02:13.108Z	WARN	RSS 799MB pinned=10 pool=12
2026-08-06T04:02:13.108Z	WARN	high pin count 10
2026-08-06T04:02:43.109Z	WARN	RSS 799MB pinned=9 pool=12
2026-08-06T04:02:43.109Z	WARN	high pin count 9
2026-08-06T04:03:13.109Z	WARN	RSS 796MB pinned=10 pool=11
2026-08-06T04:03:13.109Z	WARN	high pin count 10
2026-08-06T04:03:43.110Z	WARN	RSS 796MB pinned=9 pool=12
2026-08-06T04:03:43.110Z	WARN	high pin count 9
2026-08-06T04:04:13.110Z	WARN	RSS 796MB pinned=9 pool=12
2026-08-06T04:04:13.110Z	WARN	high pin count 9
2026-08-06T04:04:43.110Z	WARN	RSS 796MB pinned=10 pool=12
2026-08-06T04:04:43.111Z	WARN	high pin count 10
2026-08-06T04:05:13.110Z	WARN	RSS 796MB pinned=10 pool=12
2026-08-06T04:05:13.110Z	WARN	high pin count 10
2026-08-06T04:05:43.110Z	WARN	RSS 796MB pinned=9 pool=12
2026-08-06T04:05:43.110Z	WARN	high pin count 9
2026-08-06T04:06:13.111Z	WARN	RSS 796MB pinned=10 pool=12
2026-08-06T04:06:13.111Z	WARN	high pin count 10
2026-08-06T04:06:43.112Z	WARN	RSS 799MB pinned=9 pool=12
2026-08-06T04:06:43.112Z	WARN	high pin count 9
2026-08-06T04:07:13.111Z	WARN	RSS 796MB pinned=10 pool=12
2026-08-06T04:07:13.112Z	WARN	high pin count 10
2026-08-06T04:07:43.112Z	WARN	RSS 796MB pinned=9 pool=12
2026-08-06T04:07:43.112Z	WARN	high pin count 9
2026-08-06T04:08:13.113Z	WARN	RSS 799MB pinned=10 pool=12
2026-08-06T04:08:13.114Z	WARN	high pin count 10
2026-08-06T04:08:43.113Z	WARN	RSS 797MB pinned=10 pool=12
2026-08-06T04:08:43.113Z	WARN	high pin count 10
2026-08-06T04:09:13.113Z	WARN	RSS 797MB pinned=9 pool=11
2026-08-06T04:09:13.113Z	WARN	high pin count 9
2026-08-06T04:09:43.113Z	WARN	RSS 797MB pinned=10 pool=12
2026-08-06T04:09:43.113Z	WARN	high pin count 10
2026-08-06T04:10:13.114Z	WARN	RSS 797MB pinned=9 pool=12
2026-08-06T04:10:13.115Z	WARN	high pin count 9
2026-08-06T04:10:43.116Z	WARN	RSS 797MB pinned=9 pool=12
2026-08-06T04:10:43.116Z	WARN	high pin count 9
2026-08-06T04:11:13.116Z	WARN	RSS 797MB pinned=9 pool=12
2026-08-06T04:11:13.117Z	WARN	high pin count 9
2026-08-06T04:11:43.118Z	WARN	RSS 800MB pinned=10 pool=12
2026-08-06T04:11:43.118Z	WARN	high pin count 10
2026-08-06T04:12:13.118Z	WARN	RSS 797MB pinned=9 pool=12
2026-08-06T04:12:13.119Z	WARN	high pin count 9
2026-08-06T04:12:43.119Z	WARN	RSS 797MB pinned=9 pool=12
2026-08-06T04:12:43.119Z	WARN	high pin count 9
2026-08-06T04:13:13.119Z	WARN	RSS 797MB pinned=9 pool=12
2026-08-06T04:13:13.119Z	WARN	high pin count 9
2026-08-06T04:13:43.118Z	WARN	RSS 797MB pinned=9 pool=12
2026-08-06T04:13:43.119Z	WARN	high pin count 9
2026-08-06T04:14:13.118Z	WARN	RSS 797MB pinned=9 pool=12
2026-08-06T04:14:13.118Z	WARN	high pin count 9
2026-08-06T04:14:43.119Z	WARN	RSS 800MB pinned=9 pool=12
2026-08-06T04:14:43.119Z	WARN	high pin count 9
2026-08-06T04:15:13.120Z	WARN	RSS 797MB pinned=9 pool=11
2026-08-06T04:15:13.121Z	WARN	high pin count 9
2026-08-06T04:15:43.120Z	WARN	RSS 797MB pinned=9 pool=11
2026-08-06T04:15:43.120Z	WARN	high pin count 9
2026-08-06T04:16:13.121Z	WARN	RSS 798MB pinned=9 pool=10
2026-08-06T04:16:13.121Z	WARN	high pin count 9
2026-08-06T04:16:43.121Z	WARN	RSS 797MB pinned=9 pool=10
2026-08-06T04:16:43.121Z	WARN	high pin count 9
2026-08-06T04:17:13.122Z	WARN	RSS 797MB pinned=9 pool=10
2026-08-06T04:17:13.124Z	WARN	high pin count 9
2026-08-06T04:17:43.122Z	WARN	RSS 800MB pinned=9 pool=10
2026-08-06T04:17:43.122Z	WARN	high pin count 9
2026-08-06T04:18:13.127Z	WARN	RSS 797MB pinned=9 pool=10
2026-08-06T04:18:13.128Z	WARN	high pin count 9
2026-08-06T04:18:43.128Z	WARN	RSS 797MB pinned=9 pool=10
2026-08-06T04:18:43.129Z	WARN	high pin count 9
2026-08-06T04:19:13.128Z	WARN	RSS 797MB pinned=9 pool=10
2026-08-06T04:19:13.128Z	WARN	high pin count 9
2026-08-06T04:19:43.128Z	WARN	RSS 797MB pinned=9 pool=10
2026-08-06T04:19:43.128Z	WARN	high pin count 9
2026-08-06T04:20:13.128Z	WARN	RSS 797MB pinned=9 pool=10
2026-08-06T04:20:13.128Z	WARN	high pin count 9
2026-08-06T04:20:43.128Z	WARN	RSS 797MB pinned=9 pool=10
2026-08-06T04:20:43.128Z	WARN	high pin count 9
2026-08-06T04:21:13.128Z	WARN	RSS 796MB pinned=9 pool=10
2026-08-06T04:21:13.128Z	WARN	high pin count 9
2026-08-06T04:21:43.129Z	WARN	RSS 796MB pinned=9 pool=10
2026-08-06T04:21:43.129Z	WARN	high pin count 9
2026-08-06T04:22:13.129Z	WARN	RSS 796MB pinned=9 pool=10
2026-08-06T04:22:13.130Z	WARN	high pin count 9
2026-08-06T04:22:43.130Z	WARN	RSS 796MB pinned=9 pool=10
2026-08-06T04:22:43.131Z	WARN	high pin count 9
2026-08-06T04:23:13.130Z	WARN	RSS 796MB pinned=9 pool=10
2026-08-06T04:23:13.131Z	WARN	high pin count 9
2026-08-06T04:23:43.130Z	WARN	RSS 797MB pinned=9 pool=10
2026-08-06T04:23:43.130Z	WARN	high pin count 9
2026-08-06T04:24:13.131Z	WARN	RSS 797MB pinned=9 pool=12
2026-08-06T04:24:13.131Z	WARN	high pin count 9
2026-08-06T04:24:43.131Z	WARN	RSS 797MB pinned=9 pool=12
2026-08-06T04:24:43.131Z	WARN	high pin count 9
2026-08-06T04:25:13.132Z	WARN	RSS 798MB pinned=11 pool=12
2026-08-06T04:25:13.133Z	WARN	high pin count 11
2026-08-06T04:25:43.133Z	WARN	RSS 798MB pinned=11 pool=12
2026-08-06T04:25:43.134Z	WARN	high pin count 11
2026-08-06T04:26:13.134Z	WARN	RSS 798MB pinned=11 pool=12
2026-08-06T04:26:13.135Z	WARN	high pin count 11
2026-08-06T04:26:43.135Z	WARN	RSS 801MB pinned=10 pool=12
2026-08-06T04:26:43.136Z	WARN	high pin count 10
2026-08-06T04:27:13.135Z	WARN	RSS 798MB pinned=10 pool=12
2026-08-06T04:27:13.136Z	WARN	high pin count 10
2026-08-06T04:27:43.135Z	WARN	RSS 798MB pinned=10 pool=12
2026-08-06T04:27:43.135Z	WARN	high pin count 10
2026-08-06T04:28:13.135Z	WARN	RSS 798MB pinned=11 pool=12
2026-08-06T04:28:13.136Z	WARN	high pin count 11
2026-08-06T04:28:43.136Z	WARN	RSS 799MB pinned=11 pool=12
2026-08-06T04:28:43.136Z	WARN	high pin count 11
2026-08-06T04:29:13.136Z	WARN	RSS 798MB pinned=10 pool=12
2026-08-06T04:29:13.136Z	WARN	high pin count 10
2026-08-06T04:29:43.137Z	WARN	RSS 798MB pinned=10 pool=12
2026-08-06T04:29:43.138Z	WARN	high pin count 10
2026-08-06T04:30:13.146Z	WARN	RSS 798MB pinned=11 pool=12
2026-08-06T04:30:13.146Z	WARN	high pin count 11
2026-08-06T04:30:43.147Z	WARN	RSS 798MB pinned=11 pool=12
2026-08-06T04:30:43.148Z	WARN	high pin count 11
2026-08-06T04:31:13.148Z	WARN	RSS 798MB pinned=10 pool=12
2026-08-06T04:31:13.149Z	WARN	high pin count 10
2026-08-06T04:31:43.148Z	WARN	RSS 798MB pinned=10 pool=12
2026-08-06T04:31:43.149Z	WARN	high pin count 10
2026-08-06T04:32:13.149Z	WARN	RSS 798MB pinned=11 pool=12
2026-08-06T04:32:13.150Z	WARN	high pin count 11
2026-08-06T04:32:43.149Z	WARN	RSS 801MB pinned=11 pool=12
2026-08-06T04:32:43.150Z	WARN	high pin count 11
2026-08-06T04:33:13.150Z	WARN	RSS 798MB pinned=11 pool=12
2026-08-06T04:33:13.150Z	WARN	high pin count 11
2026-08-06T04:33:43.150Z	WARN	RSS 798MB pinned=10 pool=12
2026-08-06T04:33:43.151Z	WARN	high pin count 10
2026-08-06T04:34:13.152Z	WARN	RSS 798MB pinned=9 pool=12
2026-08-06T04:34:13.153Z	WARN	high pin count 9
2026-08-06T04:34:43.151Z	WARN	RSS 799MB pinned=9 pool=12
2026-08-06T04:34:43.151Z	WARN	high pin count 9
2026-08-06T04:35:13.151Z	WARN	RSS 800MB pinned=10 pool=12
2026-08-06T04:35:13.151Z	WARN	high pin count 10
2026-08-06T04:35:43.151Z	WARN	RSS 802MB pinned=11 pool=12
2026-08-06T04:35:43.151Z	WARN	high pin count 11
2026-08-06T04:36:13.151Z	WARN	RSS 799MB pinned=11 pool=12
2026-08-06T04:36:13.151Z	WARN	high pin count 11
2026-08-06T04:36:43.151Z	WARN	RSS 799MB pinned=10 pool=12
2026-08-06T04:36:43.151Z	WARN	high pin count 10
2026-08-06T04:37:13.152Z	WARN	RSS 799MB pinned=9 pool=12
2026-08-06T04:37:13.152Z	WARN	high pin count 9
2026-08-06T04:37:43.152Z	WARN	RSS 799MB pinned=9 pool=12
2026-08-06T04:37:43.152Z	WARN	high pin count 9
2026-08-06T04:38:13.152Z	WARN	RSS 801MB pinned=9 pool=12
2026-08-06T04:38:13.153Z	WARN	high pin count 9
2026-08-06T04:38:43.153Z	WARN	RSS 803MB pinned=9 pool=12
2026-08-06T04:38:43.153Z	WARN	high pin count 9
2026-08-06T04:39:13.153Z	WARN	RSS 798MB pinned=9 pool=12
2026-08-06T04:39:13.154Z	WARN	high pin count 9
2026-08-06T04:39:43.154Z	WARN	RSS 799MB pinned=10 pool=12
2026-08-06T04:39:43.154Z	WARN	high pin count 10
2026-08-06T04:40:13.154Z	WARN	RSS 799MB pinned=10 pool=11
2026-08-06T04:40:13.154Z	WARN	high pin count 10
2026-08-06T04:40:43.155Z	WARN	RSS 799MB pinned=10 pool=11
2026-08-06T04:40:43.155Z	WARN	high pin count 10
2026-08-06T04:41:13.157Z	WARN	RSS 799MB pinned=10 pool=11
2026-08-06T04:41:13.157Z	WARN	high pin count 10
2026-08-06T04:41:43.157Z	WARN	RSS 798MB pinned=9 pool=11
2026-08-06T04:41:43.158Z	WARN	high pin count 9
2026-08-06T04:42:13.157Z	WARN	RSS 799MB pinned=9 pool=12
2026-08-06T04:42:13.160Z	WARN	high pin count 9
2026-08-06T04:42:43.157Z	WARN	RSS 805MB pinned=11 pool=12
2026-08-06T04:42:43.158Z	WARN	high pin count 11
2026-08-06T04:43:13.158Z	WARN	RSS 799MB pinned=11 pool=12
2026-08-06T04:43:13.158Z	WARN	high pin count 11
2026-08-06T04:43:43.158Z	WARN	RSS 799MB pinned=11 pool=12
2026-08-06T04:43:43.158Z	WARN	high pin count 11
2026-08-06T04:44:13.158Z	WARN	RSS 799MB pinned=11 pool=12
2026-08-06T04:44:13.158Z	WARN	high pin count 11
2026-08-06T04:44:43.159Z	WARN	RSS 799MB pinned=10 pool=13
2026-08-06T04:44:43.159Z	WARN	high pin count 10
2026-08-06T04:45:13.162Z	WARN	RSS 799MB pinned=10 pool=12
2026-08-06T04:45:13.163Z	WARN	high pin count 10
2026-08-06T04:45:43.162Z	WARN	RSS 802MB pinned=10 pool=12
2026-08-06T04:45:43.162Z	WARN	high pin count 10
2026-08-06T04:46:13.163Z	WARN	RSS 799MB pinned=11 pool=12
2026-08-06T04:46:13.164Z	WARN	high pin count 11
2026-08-06T04:46:43.164Z	WARN	RSS 802MB pinned=10 pool=12
2026-08-06T04:46:43.164Z	WARN	high pin count 10
2026-08-06T04:47:13.165Z	WARN	RSS 799MB pinned=10 pool=12
2026-08-06T04:47:13.166Z	WARN	high pin count 10
2026-08-06T04:47:43.166Z	WARN	RSS 802MB pinned=10 pool=12
2026-08-06T04:47:43.166Z	WARN	high pin count 10
2026-08-06T04:48:13.166Z	WARN	RSS 799MB pinned=9 pool=12
2026-08-06T04:48:13.167Z	WARN	high pin count 9
2026-08-06T04:48:43.168Z	WARN	RSS 801MB pinned=9 pool=12
2026-08-06T04:48:43.170Z	WARN	high pin count 9
2026-08-06T04:49:13.168Z	WARN	RSS 800MB pinned=9 pool=12
2026-08-06T04:49:13.169Z	WARN	high pin count 9
2026-08-06T04:49:43.167Z	WARN	RSS 802MB pinned=10 pool=12
2026-08-06T04:49:43.168Z	WARN	high pin count 10
2026-08-06T04:50:13.169Z	WARN	RSS 799MB pinned=10 pool=11
2026-08-06T04:50:13.169Z	WARN	high pin count 10
2026-08-06T04:50:43.170Z	WARN	RSS 799MB pinned=10 pool=11
2026-08-06T04:50:43.170Z	WARN	high pin count 10
2026-08-06T04:51:13.170Z	WARN	RSS 800MB pinned=10 pool=11
2026-08-06T04:51:13.170Z	WARN	high pin count 10
2026-08-06T04:51:43.171Z	WARN	RSS 805MB pinned=10 pool=13
2026-08-06T04:51:43.171Z	WARN	high pin count 10
2026-08-06T04:52:13.171Z	WARN	RSS 799MB pinned=10 pool=13
2026-08-06T04:52:13.171Z	WARN	high pin count 10
2026-08-06T04:52:43.173Z	WARN	RSS 802MB pinned=10 pool=13
2026-08-06T04:52:43.174Z	WARN	high pin count 10
2026-08-06T04:53:13.173Z	WARN	RSS 808MB pinned=10 pool=12
2026-08-06T04:53:13.173Z	WARN	high pin count 10
2026-08-06T04:53:43.173Z	WARN	RSS 803MB pinned=11 pool=12
2026-08-06T04:53:43.173Z	WARN	high pin count 11
2026-08-06T04:54:13.173Z	WARN	RSS 800MB pinned=11 pool=12
2026-08-06T04:54:13.173Z	WARN	high pin count 11
2026-08-06T04:54:43.173Z	WARN	RSS 803MB pinned=11 pool=12
2026-08-06T04:54:43.173Z	WARN	high pin count 11
2026-08-06T04:55:13.174Z	WARN	RSS 800MB pinned=11 pool=12
2026-08-06T04:55:13.174Z	WARN	high pin count 11
2026-08-06T04:55:43.174Z	WARN	RSS 801MB pinned=10 pool=13
2026-08-06T04:55:43.175Z	WARN	high pin count 10
2026-08-06T04:56:13.174Z	WARN	RSS 801MB pinned=10 pool=13
2026-08-06T04:56:13.175Z	WARN	high pin count 10
2026-08-06T04:56:43.174Z	WARN	RSS 801MB pinned=10 pool=13
2026-08-06T04:56:43.174Z	WARN	high pin count 10
2026-08-06T04:57:13.179Z	WARN	RSS 801MB pinned=10 pool=13
2026-08-06T04:57:13.179Z	WARN	high pin count 10
2026-08-06T04:57:43.178Z	WARN	RSS 801MB pinned=10 pool=13
2026-08-06T04:57:43.178Z	WARN	high pin count 10
2026-08-06T04:58:13.178Z	WARN	RSS 801MB pinned=11 pool=13
2026-08-06T04:58:13.179Z	WARN	high pin count 11
2026-08-06T04:58:43.179Z	WARN	RSS 803MB pinned=11 pool=13
2026-08-06T04:58:43.179Z	WARN	high pin count 11
2026-08-06T04:59:13.180Z	WARN	RSS 801MB pinned=11 pool=13
2026-08-06T04:59:13.181Z	WARN	high pin count 11
2026-08-06T04:59:43.180Z	WARN	RSS 801MB pinned=11 pool=13
2026-08-06T04:59:43.181Z	WARN	high pin count 11
2026-08-06T05:00:13.182Z	WARN	RSS 802MB pinned=9 pool=13
2026-08-06T05:00:13.183Z	WARN	high pin count 9
2026-08-06T05:00:43.184Z	WARN	RSS 804MB pinned=9 pool=13
2026-08-06T05:00:43.184Z	WARN	high pin count 9
2026-08-06T05:01:13.184Z	WARN	RSS 804MB pinned=10 pool=12
2026-08-06T05:01:13.184Z	WARN	high pin count 10
2026-08-06T05:01:43.184Z	WARN	RSS 801MB pinned=10 pool=12
2026-08-06T05:01:43.185Z	WARN	high pin count 10
2026-08-06T05:02:13.185Z	WARN	RSS 801MB pinned=10 pool=12
2026-08-06T05:02:13.186Z	WARN	high pin count 10
2026-08-06T05:02:43.186Z	WARN	RSS 801MB pinned=10 pool=13
2026-08-06T05:02:43.186Z	WARN	high pin count 10
2026-08-06T05:03:13.190Z	WARN	RSS 801MB pinned=10 pool=12
2026-08-06T05:03:13.191Z	WARN	high pin count 10
2026-08-06T05:03:43.189Z	WARN	RSS 802MB pinned=11 pool=13
2026-08-06T05:03:43.190Z	WARN	high pin count 11
2026-08-06T05:04:13.190Z	WARN	RSS 802MB pinned=11 pool=13
2026-08-06T05:04:13.190Z	WARN	high pin count 11
2026-08-06T05:04:43.191Z	WARN	RSS 803MB pinned=11 pool=13
2026-08-06T05:04:43.192Z	WARN	high pin count 11
2026-08-06T05:05:13.193Z	WARN	RSS 803MB pinned=10 pool=13
2026-08-06T05:05:13.193Z	WARN	high pin count 10
2026-08-06T05:05:43.193Z	WARN	RSS 803MB pinned=9 pool=13
2026-08-06T05:05:43.193Z	WARN	high pin count 9
2026-08-06T05:06:13.195Z	WARN	RSS 803MB pinned=10 pool=12
2026-08-06T05:06:13.196Z	WARN	high pin count 10
2026-08-06T05:06:43.195Z	WARN	RSS 806MB pinned=10 pool=12
2026-08-06T05:06:43.196Z	WARN	high pin count 10
2026-08-06T05:07:13.196Z	WARN	RSS 804MB pinned=10 pool=12
2026-08-06T05:07:13.197Z	WARN	high pin count 10
2026-08-06T05:07:43.197Z	WARN	RSS 803MB pinned=11 pool=12
2026-08-06T05:07:43.197Z	WARN	high pin count 11
2026-08-06T05:08:13.198Z	WARN	RSS 803MB pinned=11 pool=12
2026-08-06T05:08:13.198Z	WARN	high pin count 11
2026-08-06T05:08:43.199Z	WARN	RSS 805MB pinned=11 pool=12
2026-08-06T05:08:43.199Z	WARN	high pin count 11
2026-08-06T05:09:13.199Z	WARN	RSS 804MB pinned=11 pool=12
2026-08-06T05:09:13.200Z	WARN	high pin count 11
2026-08-06T05:09:43.200Z	WARN	RSS 803MB pinned=10 pool=12
2026-08-06T05:09:43.201Z	WARN	high pin count 10
2026-08-06T05:10:13.200Z	WARN	RSS 807MB pinned=9 pool=12
2026-08-06T05:10:13.201Z	WARN	high pin count 9
2026-08-06T05:10:43.201Z	WARN	RSS 803MB pinned=9 pool=12
2026-08-06T05:10:43.202Z	WARN	high pin count 9
2026-08-06T05:11:13.200Z	WARN	RSS 804MB pinned=10 pool=13
2026-08-06T05:11:13.201Z	WARN	high pin count 10
2026-08-06T05:11:43.201Z	WARN	RSS 804MB pinned=10 pool=13
2026-08-06T05:11:43.201Z	WARN	high pin count 10
2026-08-06T05:12:13.201Z	WARN	RSS 807MB pinned=10 pool=13
2026-08-06T05:12:13.201Z	WARN	high pin count 10
2026-08-06T05:12:43.200Z	WARN	RSS 803MB pinned=9 pool=13
2026-08-06T05:12:43.201Z	WARN	high pin count 9
2026-08-06T05:13:13.202Z	WARN	RSS 804MB pinned=11 pool=12
2026-08-06T05:13:13.202Z	WARN	high pin count 11
2026-08-06T05:13:43.203Z	WARN	RSS 804MB pinned=11 pool=12
2026-08-06T05:13:43.203Z	WARN	high pin count 11
2026-08-06T05:14:13.204Z	WARN	RSS 807MB pinned=11 pool=13
2026-08-06T05:14:13.205Z	WARN	high pin count 11
2026-08-06T05:14:43.205Z	WARN	RSS 804MB pinned=11 pool=13
2026-08-06T05:14:43.205Z	WARN	high pin count 11
2026-08-06T05:15:13.205Z	WARN	RSS 804MB pinned=11 pool=12
2026-08-06T05:15:13.205Z	WARN	high pin count 11
2026-08-06T05:15:43.205Z	WARN	RSS 804MB pinned=10 pool=12
2026-08-06T05:15:43.205Z	WARN	high pin count 10
2026-08-06T05:16:13.205Z	WARN	RSS 807MB pinned=10 pool=12
2026-08-06T05:16:13.206Z	WARN	high pin count 10
2026-08-06T05:16:43.206Z	WARN	RSS 804MB pinned=10 pool=12
2026-08-06T05:16:43.206Z	WARN	high pin count 10
2026-08-06T05:17:13.211Z	WARN	RSS 804MB pinned=10 pool=11
2026-08-06T05:17:13.215Z	WARN	high pin count 10
2026-08-06T05:17:43.209Z	WARN	RSS 804MB pinned=11 pool=12
2026-08-06T05:17:43.214Z	WARN	high pin count 11
2026-08-06T05:18:13.209Z	WARN	RSS 804MB pinned=11 pool=12
2026-08-06T05:18:13.210Z	WARN	high pin count 11
2026-08-06T05:18:43.210Z	WARN	RSS 805MB pinned=11 pool=12
2026-08-06T05:18:43.210Z	WARN	high pin count 11
2026-08-06T05:19:13.210Z	WARN	RSS 805MB pinned=10 pool=11
2026-08-06T05:19:13.210Z	WARN	high pin count 10
2026-08-06T05:19:43.210Z	WARN	RSS 808MB pinned=11 pool=11
2026-08-06T05:19:43.211Z	WARN	high pin count 11
2026-08-06T05:20:13.212Z	WARN	RSS 805MB pinned=10 pool=11
2026-08-06T05:20:13.212Z	WARN	high pin count 10
2026-08-06T05:20:43.212Z	WARN	RSS 805MB pinned=10 pool=13
2026-08-06T05:20:43.212Z	WARN	high pin count 10
2026-08-06T05:21:13.212Z	WARN	RSS 805MB pinned=10 pool=13
2026-08-06T05:21:13.213Z	WARN	high pin count 10
2026-08-06T05:21:43.211Z	WARN	RSS 805MB pinned=10 pool=13
2026-08-06T05:21:43.212Z	WARN	high pin count 10
2026-08-06T05:22:13.213Z	WARN	RSS 805MB pinned=10 pool=13
2026-08-06T05:22:13.213Z	WARN	high pin count 10
2026-08-06T05:22:43.213Z	WARN	RSS 805MB pinned=9 pool=13
2026-08-06T05:22:43.213Z	WARN	high pin count 9
2026-08-06T05:23:13.213Z	WARN	RSS 805MB pinned=9 pool=13
2026-08-06T05:23:13.213Z	WARN	high pin count 9
2026-08-06T05:23:43.212Z	WARN	RSS 805MB pinned=9 pool=13
2026-08-06T05:23:43.213Z	WARN	high pin count 9
2026-08-06T05:24:13.213Z	WARN	RSS 805MB pinned=9 pool=11
2026-08-06T05:24:13.214Z	WARN	high pin count 9
2026-08-06T05:24:43.212Z	WARN	RSS 805MB pinned=9 pool=11
2026-08-06T05:24:43.213Z	WARN	high pin count 9
2026-08-06T05:25:13.222Z	WARN	RSS 805MB pinned=9 pool=11
2026-08-06T05:25:13.222Z	WARN	high pin count 9
2026-08-06T05:25:43.222Z	WARN	RSS 805MB pinned=9 pool=11
2026-08-06T05:25:43.223Z	WARN	high pin count 9
2026-08-06T05:26:13.222Z	WARN	RSS 806MB pinned=10 pool=11
2026-08-06T05:26:13.222Z	WARN	high pin count 10
2026-08-06T05:26:43.223Z	WARN	RSS 806MB pinned=10 pool=11
2026-08-06T05:26:43.224Z	WARN	high pin count 10
2026-08-06T05:27:13.232Z	WARN	RSS 806MB pinned=10 pool=11
2026-08-06T05:27:13.233Z	WARN	high pin count 10
2026-08-06T05:27:43.253Z	WARN	RSS 806MB pinned=10 pool=11
2026-08-06T05:27:43.263Z	WARN	high pin count 10
2026-08-06T05:28:13.245Z	WARN	RSS 806MB pinned=12 pool=12
2026-08-06T05:28:13.245Z	WARN	high pin count 12
2026-08-06T05:28:43.251Z	WARN	RSS 810MB pinned=11 pool=12
2026-08-06T05:28:43.252Z	WARN	high pin count 11
2026-08-06T05:29:13.253Z	WARN	RSS 809MB pinned=10 pool=12
2026-08-06T05:29:13.254Z	WARN	high pin count 10
2026-08-06T05:29:43.254Z	WARN	RSS 806MB pinned=11 pool=12
2026-08-06T05:29:43.254Z	WARN	high pin count 11
2026-08-06T05:30:13.255Z	WARN	RSS 807MB pinned=11 pool=13
2026-08-06T05:30:13.256Z	WARN	high pin count 11
2026-08-06T05:30:43.255Z	WARN	RSS 806MB pinned=10 pool=13
2026-08-06T05:30:43.256Z	WARN	high pin count 10
2026-08-06T05:31:13.255Z	WARN	RSS 807MB pinned=10 pool=14
2026-08-06T05:31:13.270Z	WARN	high pin count 10
2026-08-06T05:31:43.258Z	WARN	RSS 806MB pinned=10 pool=14
2026-08-06T05:31:43.258Z	WARN	high pin count 10
2026-08-06T05:32:13.257Z	WARN	RSS 807MB pinned=10 pool=14
2026-08-06T05:32:13.257Z	WARN	high pin count 10
2026-08-06T05:32:43.257Z	WARN	RSS 809MB pinned=11 pool=14
2026-08-06T05:32:43.258Z	WARN	high pin count 11
2026-08-06T05:33:13.257Z	WARN	RSS 807MB pinned=11 pool=14
2026-08-06T05:33:13.258Z	WARN	high pin count 11
2026-08-06T05:33:43.257Z	WARN	RSS 810MB pinned=11 pool=14
2026-08-06T05:33:43.257Z	WARN	high pin count 11
2026-08-06T05:34:13.257Z	WARN	RSS 807MB pinned=12 pool=14
2026-08-06T05:34:13.257Z	WARN	high pin count 12
2026-08-06T05:34:43.258Z	WARN	RSS 807MB pinned=12 pool=14
2026-08-06T05:34:43.259Z	WARN	high pin count 12
2026-08-06T05:35:13.260Z	WARN	RSS 808MB pinned=10 pool=14
2026-08-06T05:35:13.261Z	WARN	high pin count 10
2026-08-06T05:35:43.261Z	WARN	RSS 807MB pinned=11 pool=14
2026-08-06T05:35:43.270Z	WARN	high pin count 11
2026-08-06T05:36:13.262Z	WARN	RSS 808MB pinned=10 pool=14
2026-08-06T05:36:13.262Z	WARN	high pin count 10
2026-08-06T05:36:43.262Z	WARN	RSS 807MB pinned=12 pool=14
2026-08-06T05:36:43.262Z	WARN	high pin count 12
2026-08-06T05:37:13.262Z	WARN	RSS 807MB pinned=11 pool=14
2026-08-06T05:37:13.263Z	WARN	high pin count 11
2026-08-06T05:37:43.263Z	WARN	RSS 807MB pinned=10 pool=14
2026-08-06T05:37:43.264Z	WARN	high pin count 10
2026-08-06T05:38:13.265Z	WARN	RSS 807MB pinned=10 pool=14
2026-08-06T05:38:13.265Z	WARN	high pin count 10
2026-08-06T05:38:43.265Z	WARN	RSS 810MB pinned=11 pool=14
2026-08-06T05:38:43.266Z	WARN	high pin count 11
2026-08-06T05:39:13.266Z	WARN	RSS 809MB pinned=11 pool=14
2026-08-06T05:39:13.266Z	WARN	high pin count 11
2026-08-06T05:39:43.271Z	WARN	RSS 808MB pinned=11 pool=15
2026-08-06T05:39:43.273Z	WARN	high pin count 11
2026-08-06T05:40:13.273Z	WARN	RSS 808MB pinned=11 pool=14
2026-08-06T05:40:13.274Z	WARN	high pin count 11
2026-08-06T05:40:43.272Z	WARN	RSS 808MB pinned=11 pool=14
2026-08-06T05:40:43.272Z	WARN	high pin count 11
2026-08-06T05:41:13.274Z	WARN	RSS 812MB pinned=11 pool=14
2026-08-06T05:41:13.274Z	WARN	high pin count 11
2026-08-06T05:41:43.274Z	WARN	RSS 808MB pinned=11 pool=14
2026-08-06T05:41:43.275Z	WARN	high pin count 11
2026-08-06T05:42:13.275Z	WARN	RSS 811MB pinned=11 pool=14
2026-08-06T05:42:13.276Z	WARN	high pin count 11
2026-08-06T05:42:43.275Z	WARN	RSS 813MB pinned=11 pool=14
2026-08-06T05:42:43.276Z	WARN	high pin count 11
2026-08-06T05:43:13.276Z	WARN	RSS 815MB pinned=11 pool=12
2026-08-06T05:43:13.276Z	WARN	high pin count 11
2026-08-06T05:43:43.277Z	WARN	RSS 808MB pinned=10 pool=12
2026-08-06T05:43:43.277Z	WARN	high pin count 10
2026-08-06T05:44:13.278Z	WARN	RSS 808MB pinned=10 pool=11
2026-08-06T05:44:13.278Z	WARN	high pin count 10
2026-08-06T05:44:43.278Z	WARN	RSS 808MB pinned=11 pool=11
2026-08-06T05:44:43.278Z	WARN	high pin count 11
2026-08-06T05:45:13.278Z	WARN	RSS 808MB pinned=10 pool=11
2026-08-06T05:45:13.278Z	WARN	high pin count 10
2026-08-06T05:45:43.279Z	WARN	RSS 808MB pinned=10 pool=11
2026-08-06T05:45:43.281Z	WARN	high pin count 10
2026-08-06T05:46:13.280Z	WARN	RSS 809MB pinned=11 pool=11
2026-08-06T05:46:13.280Z	WARN	high pin count 11
2026-08-06T05:46:43.280Z	WARN	RSS 808MB pinned=11 pool=11
2026-08-06T05:46:43.281Z	WARN	high pin count 11
2026-08-06T05:47:13.280Z	WARN	RSS 807MB pinned=10 pool=11
2026-08-06T05:47:13.281Z	WARN	high pin count 10
2026-08-06T05:47:43.281Z	WARN	RSS 808MB pinned=10 pool=11
2026-08-06T05:47:43.281Z	WARN	high pin count 10
2026-08-06T05:48:13.282Z	WARN	RSS 810MB pinned=11 pool=12
2026-08-06T05:48:13.282Z	WARN	high pin count 11
2026-08-06T05:48:43.283Z	WARN	RSS 809MB pinned=11 pool=12
2026-08-06T05:48:43.284Z	WARN	high pin count 11
2026-08-06T05:49:13.285Z	WARN	RSS 808MB pinned=11 pool=12
2026-08-06T05:49:13.289Z	WARN	high pin count 11
2026-08-06T05:49:43.285Z	WARN	RSS 810MB pinned=11 pool=12
2026-08-06T05:49:43.286Z	WARN	high pin count 11
2026-08-06T05:50:13.286Z	WARN	RSS 807MB pinned=10 pool=12
2026-08-06T05:50:13.287Z	WARN	high pin count 10
2026-08-06T05:50:43.287Z	WARN	RSS 807MB pinned=10 pool=12
2026-08-06T05:50:43.288Z	WARN	high pin count 10
2026-08-06T05:51:13.287Z	WARN	RSS 808MB pinned=11 pool=12
2026-08-06T05:51:13.288Z	WARN	high pin count 11
2026-08-06T05:51:43.288Z	WARN	RSS 810MB pinned=11 pool=12
2026-08-06T05:51:43.289Z	WARN	high pin count 11
2026-08-06T05:52:13.289Z	WARN	RSS 810MB pinned=9 pool=12
2026-08-06T05:52:13.289Z	WARN	high pin count 9
2026-08-06T05:52:43.291Z	WARN	RSS 809MB pinned=10 pool=12
2026-08-06T05:52:43.297Z	WARN	high pin count 10
2026-08-06T05:53:13.291Z	WARN	RSS 808MB pinned=10 pool=12
2026-08-06T05:53:13.291Z	WARN	high pin count 10
2026-08-06T05:53:43.291Z	WARN	RSS 807MB pinned=10 pool=12
2026-08-06T05:53:43.291Z	WARN	high pin count 10
2026-08-06T05:54:13.292Z	WARN	RSS 808MB pinned=10 pool=13
2026-08-06T05:54:13.293Z	WARN	high pin count 10
2026-08-06T05:54:43.293Z	WARN	RSS 808MB pinned=10 pool=13
2026-08-06T05:54:43.294Z	WARN	high pin count 10
2026-08-06T05:55:13.297Z	WARN	RSS 808MB pinned=11 pool=14
2026-08-06T05:55:13.297Z	WARN	high pin count 11
2026-08-06T05:55:43.297Z	WARN	RSS 808MB pinned=10 pool=14
2026-08-06T05:55:43.298Z	WARN	high pin count 10
2026-08-06T05:56:13.298Z	WARN	RSS 809MB pinned=10 pool=14
2026-08-06T05:56:13.298Z	WARN	high pin count 10
2026-08-06T05:56:43.298Z	WARN	RSS 808MB pinned=10 pool=14
2026-08-06T05:56:43.300Z	WARN	high pin count 10
2026-08-06T05:57:13.299Z	WARN	RSS 808MB pinned=10 pool=14
2026-08-06T05:57:13.299Z	WARN	high pin count 10
2026-08-06T05:57:43.300Z	WARN	RSS 808MB pinned=9 pool=14
2026-08-06T05:57:43.301Z	WARN	high pin count 9
2026-08-06T05:58:13.301Z	WARN	RSS 808MB pinned=9 pool=14
2026-08-06T05:58:13.301Z	WARN	high pin count 9
2026-08-06T05:58:43.301Z	WARN	RSS 813MB pinned=10 pool=14
2026-08-06T05:58:43.301Z	WARN	high pin count 10
2026-08-06T05:59:13.301Z	WARN	RSS 808MB pinned=10 pool=13
2026-08-06T05:59:13.301Z	WARN	high pin count 10
2026-08-06T05:59:43.301Z	WARN	RSS 808MB pinned=10 pool=13
2026-08-06T05:59:43.302Z	WARN	high pin count 10
2026-08-06T06:00:13.322Z	WARN	RSS 808MB pinned=10 pool=12
2026-08-06T06:00:13.322Z	WARN	high pin count 10
2026-08-06T06:00:43.309Z	WARN	RSS 808MB pinned=10 pool=12
2026-08-06T06:00:43.309Z	WARN	high pin count 10
2026-08-06T06:01:13.310Z	WARN	RSS 808MB pinned=10 pool=12
2026-08-06T06:01:13.311Z	WARN	high pin count 10
2026-08-06T06:01:43.311Z	WARN	RSS 811MB pinned=10 pool=12
2026-08-06T06:01:43.311Z	WARN	high pin count 10
2026-08-06T06:02:13.311Z	WARN	RSS 808MB pinned=10 pool=12
2026-08-06T06:02:13.311Z	WARN	high pin count 10
2026-08-06T06:02:43.312Z	WARN	RSS 811MB pinned=10 pool=13
2026-08-06T06:02:43.313Z	WARN	high pin count 10
2026-08-06T06:03:13.313Z	WARN	RSS 811MB pinned=10 pool=13
2026-08-06T06:03:13.313Z	WARN	high pin count 10
2026-08-06T06:03:43.314Z	WARN	RSS 808MB pinned=9 pool=13
2026-08-06T06:03:43.314Z	WARN	high pin count 9
2026-08-06T06:04:13.315Z	WARN	RSS 808MB pinned=9 pool=13
2026-08-06T06:04:13.315Z	WARN	high pin count 9
2026-08-06T06:04:43.316Z	WARN	RSS 808MB pinned=9 pool=13
2026-08-06T06:04:43.318Z	WARN	high pin count 9
2026-08-06T06:05:13.317Z	WARN	RSS 808MB pinned=9 pool=13
2026-08-06T06:05:13.318Z	WARN	high pin count 9
2026-08-06T06:05:43.316Z	WARN	RSS 808MB pinned=9 pool=13
2026-08-06T06:05:43.317Z	WARN	high pin count 9
2026-08-06T06:06:13.318Z	WARN	RSS 808MB pinned=9 pool=11
2026-08-06T06:06:13.318Z	WARN	high pin count 9
2026-08-06T06:06:43.318Z	WARN	RSS 808MB pinned=9 pool=12
2026-08-06T06:06:43.318Z	WARN	high pin count 9
2026-08-06T06:07:13.318Z	WARN	RSS 808MB pinned=10 pool=12
2026-08-06T06:07:13.320Z	WARN	high pin count 10
2026-08-06T06:07:43.318Z	WARN	RSS 808MB pinned=10 pool=12
2026-08-06T06:07:43.319Z	WARN	high pin count 10
2026-08-06T06:08:13.319Z	WARN	RSS 808MB pinned=10 pool=12
2026-08-06T06:08:13.320Z	WARN	high pin count 10
2026-08-06T06:08:43.320Z	WARN	RSS 809MB pinned=10 pool=12
2026-08-06T06:08:43.321Z	WARN	high pin count 10
2026-08-06T06:09:13.319Z	WARN	RSS 811MB pinned=10 pool=12
2026-08-06T06:09:13.320Z	WARN	high pin count 10
2026-08-06T06:09:43.320Z	WARN	RSS 810MB pinned=10 pool=12
2026-08-06T06:09:43.321Z	WARN	high pin count 10
2026-08-06T06:10:13.321Z	WARN	RSS 810MB pinned=10 pool=11
2026-08-06T06:10:13.321Z	WARN	high pin count 10
2026-08-06T06:10:43.322Z	WARN	RSS 807MB pinned=10 pool=11
2026-08-06T06:10:43.323Z	WARN	high pin count 10
2026-08-06T06:11:13.322Z	WARN	RSS 807MB pinned=10 pool=11
2026-08-06T06:11:13.323Z	WARN	high pin count 10
2026-08-06T06:11:43.323Z	WARN	RSS 807MB pinned=10 pool=13
2026-08-06T06:11:43.323Z	WARN	high pin count 10
2026-08-06T06:12:13.325Z	WARN	RSS 807MB pinned=9 pool=12
2026-08-06T06:12:13.325Z	WARN	high pin count 9
2026-08-06T06:12:43.326Z	WARN	RSS 808MB pinned=10 pool=13
2026-08-06T06:12:43.327Z	WARN	high pin count 10
2026-08-06T06:13:13.327Z	WARN	RSS 808MB pinned=10 pool=13
2026-08-06T06:13:13.328Z	WARN	high pin count 10
2026-08-06T06:13:43.326Z	WARN	RSS 808MB pinned=10 pool=13
2026-08-06T06:13:43.326Z	WARN	high pin count 10
2026-08-06T06:14:13.328Z	WARN	RSS 808MB pinned=10 pool=13
2026-08-06T06:14:13.328Z	WARN	high pin count 10
2026-08-06T06:14:43.329Z	WARN	RSS 808MB pinned=10 pool=13
2026-08-06T06:14:43.329Z	WARN	high pin count 10
2026-08-06T06:15:13.330Z	WARN	RSS 807MB pinned=10 pool=12
2026-08-06T06:15:13.331Z	WARN	high pin count 10
2026-08-06T06:15:43.331Z	WARN	RSS 807MB pinned=10 pool=12
2026-08-06T06:15:43.331Z	WARN	high pin count 10
2026-08-06T06:16:13.331Z	WARN	RSS 808MB pinned=10 pool=13
2026-08-06T06:16:13.332Z	WARN	high pin count 10
2026-08-06T06:16:43.334Z	WARN	RSS 807MB pinned=10 pool=13
2026-08-06T06:16:43.334Z	WARN	high pin count 10
2026-08-06T06:17:13.336Z	WARN	RSS 807MB pinned=10 pool=12
2026-08-06T06:17:13.336Z	WARN	high pin count 10
2026-08-06T06:17:43.333Z	WARN	RSS 807MB pinned=9 pool=12
2026-08-06T06:17:43.334Z	WARN	high pin count 9
2026-08-06T06:18:13.338Z	WARN	RSS 810MB pinned=9 pool=12
2026-08-06T06:18:13.341Z	WARN	high pin count 9
2026-08-06T06:18:43.338Z	WARN	RSS 814MB pinned=9 pool=12
2026-08-06T06:18:43.338Z	WARN	high pin count 9
2026-08-06T06:19:13.339Z	WARN	RSS 809MB pinned=9 pool=11
2026-08-06T06:19:13.340Z	WARN	high pin count 9
2026-08-06T06:19:43.339Z	WARN	RSS 807MB pinned=9 pool=11
2026-08-06T06:19:43.340Z	WARN	high pin count 9
2026-08-06T06:20:13.339Z	WARN	RSS 807MB pinned=9 pool=11
2026-08-06T06:20:13.339Z	WARN	high pin count 9
2026-08-06T06:20:43.340Z	WARN	RSS 807MB pinned=9 pool=11
2026-08-06T06:20:43.341Z	WARN	high pin count 9
2026-08-06T06:21:13.342Z	WARN	RSS 806MB pinned=9 pool=10
2026-08-06T06:21:13.343Z	WARN	high pin count 9
2026-08-06T06:21:43.342Z	WARN	RSS 806MB pinned=9 pool=10
2026-08-06T06:21:43.343Z	WARN	high pin count 9
2026-08-06T06:22:13.344Z	WARN	RSS 806MB pinned=9 pool=11
2026-08-06T06:22:13.344Z	WARN	high pin count 9
2026-08-06T06:22:43.349Z	WARN	RSS 806MB pinned=9 pool=11
2026-08-06T06:22:43.351Z	WARN	high pin count 9
2026-08-06T06:23:13.347Z	WARN	RSS 806MB pinned=9 pool=11
2026-08-06T06:23:13.348Z	WARN	high pin count 9
2026-08-06T06:23:43.348Z	WARN	RSS 809MB pinned=9 pool=11
2026-08-06T06:23:43.348Z	WARN	high pin count 9
2026-08-06T06:24:13.348Z	WARN	RSS 806MB pinned=9 pool=10
2026-08-06T06:24:13.349Z	WARN	high pin count 9
2026-08-06T06:24:43.348Z	WARN	RSS 806MB pinned=9 pool=10
2026-08-06T06:24:43.348Z	WARN	high pin count 9
2026-08-06T06:25:13.348Z	WARN	RSS 807MB pinned=9 pool=9
2026-08-06T06:25:13.348Z	WARN	high pin count 9
2026-08-06T06:25:43.354Z	WARN	RSS 807MB pinned=9 pool=9
2026-08-06T06:25:43.354Z	WARN	high pin count 9
2026-08-06T06:26:13.355Z	WARN	RSS 807MB pinned=9 pool=9
2026-08-06T06:26:13.355Z	WARN	high pin count 9
2026-08-06T06:26:43.356Z	WARN	RSS 807MB pinned=9 pool=10
2026-08-06T06:26:43.357Z	WARN	high pin count 9
2026-08-06T06:27:13.356Z	WARN	RSS 808MB pinned=9 pool=10
2026-08-06T06:27:13.357Z	WARN	high pin count 9
2026-08-06T06:27:43.358Z	WARN	RSS 807MB pinned=9 pool=10
2026-08-06T06:27:43.358Z	WARN	high pin count 9
2026-08-06T06:28:13.358Z	WARN	RSS 807MB pinned=9 pool=10
2026-08-06T06:28:13.359Z	WARN	high pin count 9
2026-08-06T06:28:43.358Z	WARN	RSS 809MB pinned=9 pool=10
2026-08-06T06:28:43.358Z	WARN	high pin count 9
2026-08-06T06:29:13.359Z	WARN	RSS 809MB pinned=9 pool=10
2026-08-06T06:29:13.359Z	WARN	high pin count 9
2026-08-06T06:29:43.359Z	WARN	RSS 807MB pinned=9 pool=10
2026-08-06T06:29:43.360Z	WARN	high pin count 9
2026-08-06T06:30:13.387Z	WARN	RSS 807MB pinned=9 pool=9
2026-08-06T06:30:13.387Z	WARN	high pin count 9
2026-08-06T06:30:43.389Z	WARN	RSS 807MB pinned=9 pool=9
2026-08-06T06:30:43.389Z	WARN	high pin count 9
2026-08-06T06:31:13.390Z	WARN	RSS 807MB pinned=9 pool=9
2026-08-06T06:31:13.391Z	WARN	high pin count 9
2026-08-06T06:31:43.390Z	WARN	RSS 807MB pinned=9 pool=9
2026-08-06T06:31:43.391Z	WARN	high pin count 9
2026-08-06T06:32:13.396Z	WARN	RSS 807MB pinned=9 pool=9
2026-08-06T06:32:13.396Z	WARN	high pin count 9
2026-08-06T06:32:43.396Z	WARN	RSS 807MB pinned=10 pool=10
2026-08-06T06:32:43.396Z	WARN	high pin count 10
2026-08-06T06:33:13.396Z	WARN	RSS 808MB pinned=10 pool=11
2026-08-06T06:33:13.397Z	WARN	high pin count 10
2026-08-06T06:33:43.396Z	WARN	RSS 813MB pinned=11 pool=11
2026-08-06T06:33:43.396Z	WARN	high pin count 11
2026-08-06T06:34:13.396Z	WARN	RSS 808MB pinned=10 pool=11
2026-08-06T06:34:13.397Z	WARN	high pin count 10
2026-08-06T06:34:43.398Z	WARN	RSS 808MB pinned=11 pool=11
2026-08-06T06:34:43.399Z	WARN	high pin count 11
2026-08-06T06:35:13.398Z	WARN	RSS 808MB pinned=11 pool=11
2026-08-06T06:35:13.399Z	WARN	high pin count 11
2026-08-06T06:35:43.399Z	WARN	RSS 808MB pinned=11 pool=11
2026-08-06T06:35:43.399Z	WARN	high pin count 11
2026-08-06T06:36:13.401Z	WARN	RSS 808MB pinned=11 pool=12
2026-08-06T06:36:13.401Z	WARN	high pin count 11
2026-08-06T06:36:43.401Z	WARN	RSS 810MB pinned=11 pool=12
2026-08-06T06:36:43.402Z	WARN	high pin count 11
2026-08-06T06:37:13.403Z	WARN	RSS 813MB pinned=10 pool=12
2026-08-06T06:37:13.403Z	WARN	high pin count 10
2026-08-06T06:37:43.403Z	WARN	RSS 809MB pinned=11 pool=12
2026-08-06T06:37:43.404Z	WARN	high pin count 11
2026-08-06T06:38:13.404Z	WARN	RSS 810MB pinned=11 pool=13
2026-08-06T06:38:13.405Z	WARN	high pin count 11
2026-08-06T06:38:43.404Z	WARN	RSS 811MB pinned=11 pool=13
2026-08-06T06:38:43.404Z	WARN	high pin count 11
2026-08-06T06:39:13.405Z	WARN	RSS 813MB pinned=10 pool=14
2026-08-06T06:39:13.406Z	WARN	high pin count 10
2026-08-06T06:39:43.406Z	WARN	RSS 810MB pinned=11 pool=14
2026-08-06T06:39:43.406Z	WARN	high pin count 11
2026-08-06T06:40:13.406Z	WARN	RSS 810MB pinned=10 pool=14
2026-08-06T06:40:13.406Z	WARN	high pin count 10
2026-08-06T06:40:43.405Z	WARN	RSS 810MB pinned=10 pool=14
2026-08-06T06:40:43.405Z	WARN	high pin count 10
2026-08-06T06:41:13.407Z	WARN	RSS 809MB pinned=10 pool=14
2026-08-06T06:41:13.407Z	WARN	high pin count 10
2026-08-06T06:41:43.407Z	WARN	RSS 815MB pinned=10 pool=14
2026-08-06T06:41:43.408Z	WARN	high pin count 10
2026-08-06T06:42:13.406Z	WARN	RSS 809MB pinned=10 pool=12
2026-08-06T06:42:13.407Z	WARN	high pin count 10
2026-08-06T06:42:43.408Z	WARN	RSS 810MB pinned=10 pool=12
2026-08-06T06:42:43.409Z	WARN	high pin count 10
2026-08-06T06:43:13.408Z	WARN	RSS 810MB pinned=10 pool=12
2026-08-06T06:43:13.409Z	WARN	high pin count 10
2026-08-06T06:43:43.409Z	WARN	RSS 810MB pinned=10 pool=12
2026-08-06T06:43:43.409Z	WARN	high pin count 10
2026-08-06T06:44:13.410Z	WARN	RSS 810MB pinned=10 pool=11
2026-08-06T06:44:13.410Z	WARN	high pin count 10
2026-08-06T06:44:43.410Z	WARN	RSS 810MB pinned=10 pool=13
2026-08-06T06:44:43.411Z	WARN	high pin count 10
2026-08-06T06:45:13.457Z	WARN	RSS 810MB pinned=9 pool=13
2026-08-06T06:45:13.492Z	WARN	high pin count 9
2026-08-06T06:45:43.457Z	WARN	RSS 811MB pinned=10 pool=13
2026-08-06T06:45:43.458Z	WARN	high pin count 10
2026-08-06T06:46:13.457Z	WARN	RSS 814MB pinned=9 pool=13
2026-08-06T06:46:13.458Z	WARN	high pin count 9
2026-08-06T06:46:43.457Z	WARN	RSS 811MB pinned=9 pool=13
2026-08-06T06:46:43.457Z	WARN	high pin count 9
2026-08-06T06:47:13.458Z	WARN	RSS 811MB pinned=9 pool=13
2026-08-06T06:47:13.459Z	WARN	high pin count 9
2026-08-06T06:47:43.459Z	WARN	RSS 811MB pinned=9 pool=13
2026-08-06T06:47:43.459Z	WARN	high pin count 9
2026-08-06T06:48:13.460Z	WARN	RSS 811MB pinned=9 pool=11
2026-08-06T06:48:13.460Z	WARN	high pin count 9
2026-08-06T06:48:43.460Z	WARN	RSS 812MB pinned=9 pool=11
2026-08-06T06:48:43.460Z	WARN	high pin count 9
2026-08-06T06:49:13.460Z	WARN	RSS 813MB pinned=9 pool=10
2026-08-06T06:49:13.461Z	WARN	high pin count 9
2026-08-06T06:49:43.461Z	WARN	RSS 811MB pinned=9 pool=11
2026-08-06T06:49:43.462Z	WARN	high pin count 9
2026-08-06T06:50:13.464Z	WARN	RSS 811MB pinned=9 pool=11
2026-08-06T06:50:13.473Z	WARN	high pin count 9
2026-08-06T06:50:43.463Z	WARN	RSS 811MB pinned=9 pool=11
2026-08-06T06:50:43.464Z	WARN	high pin count 9
2026-08-06T06:51:13.467Z	WARN	RSS 812MB pinned=10 pool=12
2026-08-06T06:51:13.467Z	WARN	high pin count 10
2026-08-06T06:51:43.468Z	WARN	RSS 812MB pinned=9 pool=12
2026-08-06T06:51:43.468Z	WARN	high pin count 9
2026-08-06T06:52:13.468Z	WARN	RSS 811MB pinned=9 pool=12
2026-08-06T06:52:13.469Z	WARN	high pin count 9
2026-08-06T06:52:43.469Z	WARN	RSS 812MB pinned=9 pool=12
2026-08-06T06:52:43.469Z	WARN	high pin count 9
2026-08-06T06:53:13.473Z	WARN	RSS 812MB pinned=9 pool=11
2026-08-06T06:53:13.474Z	WARN	high pin count 9
2026-08-06T06:53:43.472Z	WARN	RSS 812MB pinned=9 pool=11
2026-08-06T06:53:43.472Z	WARN	high pin count 9
2026-08-06T06:54:13.473Z	WARN	RSS 814MB pinned=9 pool=11
2026-08-06T06:54:13.473Z	WARN	high pin count 9
2026-08-06T06:54:43.474Z	WARN	RSS 812MB pinned=9 pool=12
2026-08-06T06:54:43.474Z	WARN	high pin count 9
2026-08-06T06:55:13.487Z	WARN	RSS 812MB pinned=9 pool=11
2026-08-06T06:55:13.487Z	WARN	high pin count 9
2026-08-06T06:55:43.486Z	WARN	RSS 811MB pinned=9 pool=11
2026-08-06T06:55:43.487Z	WARN	high pin count 9
2026-08-06T06:56:13.488Z	WARN	RSS 812MB pinned=9 pool=11
2026-08-06T06:56:13.501Z	WARN	high pin count 9
2026-08-06T06:56:43.490Z	WARN	RSS 812MB pinned=9 pool=11
2026-08-06T06:56:43.491Z	WARN	high pin count 9
2026-08-06T06:57:13.490Z	WARN	RSS 811MB pinned=9 pool=11
2026-08-06T06:57:13.491Z	WARN	high pin count 9
2026-08-06T06:57:43.491Z	WARN	RSS 811MB pinned=9 pool=11
2026-08-06T06:57:43.491Z	WARN	high pin count 9
2026-08-06T06:58:13.491Z	WARN	RSS 811MB pinned=9 pool=10
2026-08-06T06:58:13.491Z	WARN	high pin count 9
2026-08-06T06:58:43.492Z	WARN	RSS 813MB pinned=9 pool=10
2026-08-06T06:58:43.493Z	WARN	high pin count 9
2026-08-06T06:59:13.493Z	WARN	RSS 814MB pinned=9 pool=10
2026-08-06T06:59:13.493Z	WARN	high pin count 9
2026-08-06T06:59:43.494Z	WARN	RSS 811MB pinned=9 pool=10
2026-08-06T06:59:43.494Z	WARN	high pin count 9
2026-08-06T07:00:13.495Z	WARN	RSS 812MB pinned=9 pool=10
2026-08-06T07:00:13.495Z	WARN	high pin count 9
2026-08-06T07:00:43.495Z	WARN	RSS 811MB pinned=9 pool=11
2026-08-06T07:00:43.496Z	WARN	high pin count 9
2026-08-06T07:01:13.497Z	WARN	RSS 811MB pinned=9 pool=11
2026-08-06T07:01:13.499Z	WARN	high pin count 9
2026-08-06T07:01:43.498Z	WARN	RSS 811MB pinned=9 pool=11
2026-08-06T07:01:43.500Z	WARN	high pin count 9
2026-08-06T07:02:13.498Z	WARN	RSS 815MB pinned=10 pool=11
2026-08-06T07:02:13.499Z	WARN	high pin count 10
2026-08-06T07:02:43.499Z	WARN	RSS 812MB pinned=10 pool=11
2026-08-06T07:02:43.500Z	WARN	high pin count 10
2026-08-06T07:03:13.501Z	WARN	RSS 812MB pinned=10 pool=11
2026-08-06T07:03:13.501Z	WARN	high pin count 10
2026-08-06T07:03:43.501Z	WARN	RSS 815MB pinned=9 pool=11
2026-08-06T07:03:43.501Z	WARN	high pin count 9
2026-08-06T07:04:13.501Z	WARN	RSS 812MB pinned=9 pool=12
2026-08-06T07:04:13.501Z	WARN	high pin count 9
2026-08-06T07:04:43.501Z	WARN	RSS 812MB pinned=9 pool=12
2026-08-06T07:04:43.501Z	WARN	high pin count 9
2026-08-06T07:05:13.501Z	WARN	RSS 812MB pinned=9 pool=12
2026-08-06T07:05:13.501Z	WARN	high pin count 9
2026-08-06T07:05:43.501Z	WARN	RSS 812MB pinned=9 pool=12
2026-08-06T07:05:43.501Z	WARN	high pin count 9
2026-08-06T07:06:13.503Z	WARN	RSS 813MB pinned=10 pool=13
2026-08-06T07:06:13.503Z	WARN	high pin count 10
2026-08-06T07:06:43.503Z	WARN	RSS 813MB pinned=9 pool=13
2026-08-06T07:06:43.503Z	WARN	high pin count 9
2026-08-06T07:07:13.504Z	WARN	RSS 812MB pinned=9 pool=12
2026-08-06T07:07:13.512Z	WARN	high pin count 9
2026-08-06T07:07:43.504Z	WARN	RSS 812MB pinned=10 pool=12
2026-08-06T07:07:43.505Z	WARN	high pin count 10
2026-08-06T07:08:13.505Z	WARN	RSS 812MB pinned=10 pool=12
2026-08-06T07:08:13.505Z	WARN	high pin count 10
2026-08-06T07:08:43.505Z	WARN	RSS 813MB pinned=9 pool=12
2026-08-06T07:08:43.505Z	WARN	high pin count 9
2026-08-06T07:09:13.506Z	WARN	RSS 815MB pinned=10 pool=12
2026-08-06T07:09:13.507Z	WARN	high pin count 10
2026-08-06T07:09:43.507Z	WARN	RSS 812MB pinned=10 pool=12
2026-08-06T07:09:43.507Z	WARN	high pin count 10
2026-08-06T07:10:13.507Z	WARN	RSS 812MB pinned=9 pool=12
2026-08-06T07:10:13.507Z	WARN	high pin count 9
2026-08-06T07:10:43.508Z	WARN	RSS 812MB pinned=10 pool=12
2026-08-06T07:10:43.509Z	WARN	high pin count 10
2026-08-06T07:11:13.509Z	WARN	RSS 812MB pinned=10 pool=12
2026-08-06T07:11:13.511Z	WARN	high pin count 10
2026-08-06T07:11:43.509Z	WARN	RSS 815MB pinned=11 pool=13
2026-08-06T07:11:43.510Z	WARN	high pin count 11
2026-08-06T07:12:13.510Z	WARN	RSS 812MB pinned=11 pool=12
2026-08-06T07:12:13.510Z	WARN	high pin count 11
2026-08-06T07:12:43.510Z	WARN	RSS 812MB pinned=10 pool=13
2026-08-06T07:12:43.510Z	WARN	high pin count 10
2026-08-06T07:13:13.511Z	WARN	RSS 812MB pinned=9 pool=13
2026-08-06T07:13:13.511Z	WARN	high pin count 9
2026-08-06T07:13:43.511Z	WARN	RSS 813MB pinned=10 pool=13
2026-08-06T07:13:43.511Z	WARN	high pin count 10
2026-08-06T07:14:13.511Z	WARN	RSS 812MB pinned=10 pool=13
2026-08-06T07:14:13.511Z	WARN	high pin count 10
2026-08-06T07:14:43.512Z	WARN	RSS 812MB pinned=10 pool=13
2026-08-06T07:14:43.513Z	WARN	high pin count 10
2026-08-06T07:15:13.512Z	WARN	RSS 812MB pinned=10 pool=14
2026-08-06T07:15:13.512Z	WARN	high pin count 10
2026-08-06T07:15:43.514Z	WARN	RSS 815MB pinned=10 pool=14
2026-08-06T07:15:43.515Z	WARN	high pin count 10
2026-08-06T07:16:13.518Z	WARN	RSS 813MB pinned=10 pool=13
2026-08-06T07:16:13.530Z	WARN	high pin count 10
2026-08-06T07:16:43.519Z	WARN	RSS 813MB pinned=10 pool=13
2026-08-06T07:16:43.520Z	WARN	high pin count 10
2026-08-06T07:17:13.554Z	WARN	RSS 813MB pinned=11 pool=14
2026-08-06T07:17:13.601Z	WARN	high pin count 11
2026-08-06T07:17:43.520Z	WARN	RSS 813MB pinned=11 pool=14
2026-08-06T07:17:43.520Z	WARN	high pin count 11
2026-08-06T07:18:13.524Z	WARN	RSS 813MB pinned=11 pool=14
2026-08-06T07:18:13.531Z	WARN	high pin count 11
2026-08-06T07:18:43.525Z	WARN	RSS 814MB pinned=11 pool=14
2026-08-06T07:18:43.526Z	WARN	high pin count 11
2026-08-06T07:19:13.526Z	WARN	RSS 816MB pinned=11 pool=13
2026-08-06T07:19:13.526Z	WARN	high pin count 11
2026-08-06T07:19:43.526Z	WARN	RSS 813MB pinned=11 pool=13
2026-08-06T07:19:43.526Z	WARN	high pin count 11
2026-08-06T07:20:13.528Z	WARN	RSS 813MB pinned=12 pool=14
2026-08-06T07:20:13.528Z	WARN	high pin count 12
2026-08-06T07:20:43.528Z	WARN	RSS 813MB pinned=12 pool=14
2026-08-06T07:20:43.528Z	WARN	high pin count 12
2026-08-06T07:21:13.528Z	WARN	RSS 813MB pinned=11 pool=14
2026-08-06T07:21:13.529Z	WARN	high pin count 11
2026-08-06T07:21:43.530Z	WARN	RSS 813MB pinned=11 pool=14
2026-08-06T07:21:43.531Z	WARN	high pin count 11
2026-08-06T07:22:13.530Z	WARN	RSS 813MB pinned=10 pool=14
2026-08-06T07:22:13.531Z	WARN	high pin count 10
2026-08-06T07:22:43.531Z	WARN	RSS 813MB pinned=11 pool=14
2026-08-06T07:22:43.532Z	WARN	high pin count 11
2026-08-06T07:23:13.533Z	WARN	RSS 816MB pinned=11 pool=13
2026-08-06T07:23:13.533Z	WARN	high pin count 11
2026-08-06T07:23:43.533Z	WARN	RSS 813MB pinned=11 pool=13
2026-08-06T07:23:43.533Z	WARN	high pin count 11
2026-08-06T07:24:13.532Z	WARN	RSS 813MB pinned=11 pool=13
2026-08-06T07:24:13.533Z	WARN	high pin count 11
2026-08-06T07:24:43.533Z	WARN	RSS 813MB pinned=12 pool=13
2026-08-06T07:24:43.534Z	WARN	high pin count 12
2026-08-06T07:25:13.534Z	WARN	RSS 813MB pinned=11 pool=12
2026-08-06T07:25:13.535Z	WARN	high pin count 11
2026-08-06T07:25:43.536Z	WARN	RSS 813MB pinned=11 pool=13
2026-08-06T07:25:43.538Z	WARN	high pin count 11
2026-08-06T07:26:13.536Z	WARN	RSS 813MB pinned=11 pool=14
2026-08-06T07:26:13.537Z	WARN	high pin count 11
2026-08-06T07:26:43.537Z	WARN	RSS 813MB pinned=11 pool=14
2026-08-06T07:26:43.538Z	WARN	high pin count 11
2026-08-06T07:27:13.539Z	WARN	RSS 814MB pinned=10 pool=14
2026-08-06T07:27:13.539Z	WARN	high pin count 10
2026-08-06T07:27:43.541Z	WARN	RSS 813MB pinned=10 pool=14
2026-08-06T07:27:43.541Z	WARN	high pin count 10
2026-08-06T07:28:13.541Z	WARN	RSS 816MB pinned=11 pool=14
2026-08-06T07:28:13.542Z	WARN	high pin count 11
2026-08-06T07:28:43.541Z	WARN	RSS 814MB pinned=11 pool=14
2026-08-06T07:28:43.541Z	WARN	high pin count 11
2026-08-06T07:29:13.541Z	WARN	RSS 816MB pinned=11 pool=12
2026-08-06T07:29:13.541Z	WARN	high pin count 11
2026-08-06T07:29:43.542Z	WARN	RSS 813MB pinned=10 pool=13
2026-08-06T07:29:43.543Z	WARN	high pin count 10
2026-08-06T07:30:13.548Z	WARN	RSS 816MB pinned=10 pool=13
2026-08-06T07:30:13.549Z	WARN	high pin count 10
2026-08-06T07:30:43.547Z	WARN	RSS 813MB pinned=11 pool=13
2026-08-06T07:30:43.548Z	WARN	high pin count 11
2026-08-06T07:31:13.548Z	WARN	RSS 813MB pinned=11 pool=12
2026-08-06T07:31:13.549Z	WARN	high pin count 11
2026-08-06T07:31:43.549Z	WARN	RSS 816MB pinned=11 pool=12
2026-08-06T07:31:43.551Z	WARN	high pin count 11
2026-08-06T07:32:13.613Z	WARN	RSS 819MB pinned=10 pool=12
2026-08-06T07:32:13.617Z	WARN	high pin count 10
2026-08-06T07:32:43.588Z	WARN	RSS 813MB pinned=10 pool=12
2026-08-06T07:32:43.589Z	WARN	high pin count 10
2026-08-06T07:33:13.605Z	WARN	RSS 813MB pinned=10 pool=11
2026-08-06T07:33:13.606Z	WARN	high pin count 10
2026-08-06T07:33:43.596Z	WARN	RSS 813MB pinned=10 pool=11
2026-08-06T07:33:43.597Z	WARN	high pin count 10
2026-08-06T07:34:13.596Z	WARN	RSS 813MB pinned=10 pool=11
2026-08-06T07:34:13.597Z	WARN	high pin count 10
2026-08-06T07:34:43.597Z	WARN	RSS 813MB pinned=10 pool=11
2026-08-06T07:34:43.598Z	WARN	high pin count 10
2026-08-06T07:35:13.597Z	WARN	RSS 816MB pinned=10 pool=11
2026-08-06T07:35:13.597Z	WARN	high pin count 10
2026-08-06T07:35:43.598Z	WARN	RSS 813MB pinned=9 pool=12
2026-08-06T07:35:43.598Z	WARN	high pin count 9
2026-08-06T07:36:13.597Z	WARN	RSS 816MB pinned=9 pool=11
2026-08-06T07:36:13.598Z	WARN	high pin count 9
2026-08-06T07:36:43.599Z	WARN	RSS 813MB pinned=9 pool=11
2026-08-06T07:36:43.600Z	WARN	high pin count 9
2026-08-06T07:37:13.600Z	WARN	RSS 816MB pinned=9 pool=11
2026-08-06T07:37:13.600Z	WARN	high pin count 9
2026-08-06T07:37:43.599Z	WARN	RSS 813MB pinned=9 pool=11
2026-08-06T07:37:43.600Z	WARN	high pin count 9
2026-08-06T07:38:13.600Z	WARN	RSS 813MB pinned=9 pool=12
2026-08-06T07:38:13.601Z	WARN	high pin count 9
2026-08-06T07:38:43.600Z	WARN	RSS 814MB pinned=9 pool=12
2026-08-06T07:38:43.601Z	WARN	high pin count 9
2026-08-06T07:39:13.601Z	WARN	RSS 816MB pinned=9 pool=10
2026-08-06T07:39:13.601Z	WARN	high pin count 9
2026-08-06T07:39:43.602Z	WARN	RSS 815MB pinned=9 pool=10
2026-08-06T07:39:43.602Z	WARN	high pin count 9
2026-08-06T07:40:13.602Z	WARN	RSS 813MB pinned=9 pool=10
2026-08-06T07:40:13.602Z	WARN	high pin count 9
2026-08-06T07:40:43.602Z	WARN	RSS 812MB pinned=9 pool=10
2026-08-06T07:40:43.603Z	WARN	high pin count 9
2026-08-06T07:41:13.602Z	WARN	RSS 812MB pinned=9 pool=10
2026-08-06T07:41:13.602Z	WARN	high pin count 9
2026-08-06T07:41:43.604Z	WARN	RSS 813MB pinned=9 pool=11
2026-08-06T07:41:43.604Z	WARN	high pin count 9
2026-08-06T07:42:13.604Z	WARN	RSS 813MB pinned=10 pool=12
2026-08-06T07:42:13.605Z	WARN	high pin count 10
2026-08-06T07:42:43.604Z	WARN	RSS 813MB pinned=10 pool=12
2026-08-06T07:42:43.604Z	WARN	high pin count 10
2026-08-06T07:43:13.606Z	WARN	RSS 813MB pinned=10 pool=12
2026-08-06T07:43:13.606Z	WARN	high pin count 10
2026-08-06T07:43:43.606Z	WARN	RSS 813MB pinned=10 pool=13
2026-08-06T07:43:43.609Z	WARN	high pin count 10
2026-08-06T07:44:13.607Z	WARN	RSS 813MB pinned=10 pool=13
2026-08-06T07:44:13.607Z	WARN	high pin count 10
2026-08-06T07:44:43.608Z	WARN	RSS 813MB pinned=9 pool=14
2026-08-06T07:44:43.608Z	WARN	high pin count 9
2026-08-06T07:45:13.622Z	WARN	RSS 813MB pinned=9 pool=13
2026-08-06T07:45:13.638Z	WARN	high pin count 9
2026-08-06T07:45:43.620Z	WARN	RSS 812MB pinned=9 pool=13
2026-08-06T07:45:43.621Z	WARN	high pin count 9
2026-08-06T07:46:13.621Z	WARN	RSS 813MB pinned=9 pool=12
2026-08-06T07:46:13.621Z	WARN	high pin count 9
2026-08-06T07:46:43.622Z	WARN	RSS 816MB pinned=9 pool=12
2026-08-06T07:46:43.622Z	WARN	high pin count 9
2026-08-06T07:47:13.622Z	WARN	RSS 812MB pinned=9 pool=12
2026-08-06T07:47:13.623Z	WARN	high pin count 9
2026-08-06T07:47:43.622Z	WARN	RSS 813MB pinned=10 pool=14
2026-08-06T07:47:43.623Z	WARN	high pin count 10
2026-08-06T07:48:13.623Z	WARN	RSS 813MB pinned=10 pool=12
2026-08-06T07:48:13.624Z	WARN	high pin count 10
2026-08-06T07:48:43.624Z	WARN	RSS 813MB pinned=9 pool=12
2026-08-06T07:48:43.624Z	WARN	high pin count 9
2026-08-06T07:49:13.625Z	WARN	RSS 813MB pinned=9 pool=12
2026-08-06T07:49:13.625Z	WARN	high pin count 9
2026-08-06T07:49:43.625Z	WARN	RSS 813MB pinned=9 pool=12
2026-08-06T07:49:43.626Z	WARN	high pin count 9
2026-08-06T07:50:13.626Z	WARN	RSS 812MB pinned=9 pool=13
2026-08-06T07:50:13.626Z	WARN	high pin count 9
2026-08-06T07:50:43.626Z	WARN	RSS 812MB pinned=9 pool=14
2026-08-06T07:50:43.626Z	WARN	high pin count 9
2026-08-06T07:51:13.626Z	WARN	RSS 812MB pinned=9 pool=13
2026-08-06T07:51:13.627Z	WARN	high pin count 9
2026-08-06T07:51:43.628Z	WARN	RSS 815MB pinned=9 pool=14
2026-08-06T07:51:43.628Z	WARN	high pin count 9
2026-08-06T07:52:13.629Z	WARN	RSS 813MB pinned=10 pool=13
2026-08-06T07:52:13.630Z	WARN	high pin count 10
2026-08-06T07:52:43.629Z	WARN	RSS 815MB pinned=10 pool=13
2026-08-06T07:52:43.629Z	WARN	high pin count 10
2026-08-06T07:53:13.629Z	WARN	RSS 813MB pinned=10 pool=14
2026-08-06T07:53:13.629Z	WARN	high pin count 10
2026-08-06T07:53:43.628Z	WARN	RSS 813MB pinned=10 pool=15
2026-08-06T07:53:43.628Z	WARN	high pin count 10
2026-08-06T07:54:13.630Z	WARN	RSS 813MB pinned=11 pool=14
2026-08-06T07:54:13.630Z	WARN	high pin count 11
2026-08-06T07:54:43.630Z	WARN	RSS 813MB pinned=9 pool=14
2026-08-06T07:54:43.631Z	WARN	high pin count 9
2026-08-06T07:55:13.638Z	WARN	RSS 813MB pinned=10 pool=14
2026-08-06T07:55:13.639Z	WARN	high pin count 10
2026-08-06T07:55:43.639Z	WARN	RSS 813MB pinned=10 pool=14
2026-08-06T07:55:43.640Z	WARN	high pin count 10
2026-08-06T07:56:13.640Z	WARN	RSS 813MB pinned=9 pool=15
2026-08-06T07:56:13.640Z	WARN	high pin count 9
2026-08-06T07:56:43.640Z	WARN	RSS 819MB pinned=9 pool=15
2026-08-06T07:56:43.640Z	WARN	high pin count 9
2026-08-06T07:57:13.640Z	WARN	RSS 813MB pinned=10 pool=14
2026-08-06T07:57:13.640Z	WARN	high pin count 10
2026-08-06T07:57:43.641Z	WARN	RSS 813MB pinned=9 pool=14
2026-08-06T07:57:43.641Z	WARN	high pin count 9
2026-08-06T07:58:13.641Z	WARN	RSS 813MB pinned=10 pool=13
2026-08-06T07:58:13.641Z	WARN	high pin count 10
2026-08-06T07:58:43.641Z	WARN	RSS 815MB pinned=9 pool=14
2026-08-06T07:58:43.641Z	WARN	high pin count 9
2026-08-06T07:59:13.642Z	WARN	RSS 815MB pinned=10 pool=12
2026-08-06T07:59:13.643Z	WARN	high pin count 10
2026-08-06T07:59:43.642Z	WARN	RSS 816MB pinned=9 pool=12
2026-08-06T07:59:43.643Z	WARN	high pin count 9
2026-08-06T08:00:13.642Z	WARN	RSS 813MB pinned=10 pool=12
2026-08-06T08:00:13.643Z	WARN	high pin count 10
2026-08-06T08:00:43.642Z	WARN	RSS 815MB pinned=9 pool=12
2026-08-06T08:00:43.642Z	WARN	high pin count 9
2026-08-06T08:01:13.645Z	WARN	RSS 813MB pinned=9 pool=14
2026-08-06T08:01:13.645Z	WARN	high pin count 9
2026-08-06T08:01:43.644Z	WARN	RSS 813MB pinned=9 pool=14
2026-08-06T08:01:43.645Z	WARN	high pin count 9
2026-08-06T08:02:13.645Z	WARN	RSS 815MB pinned=9 pool=14
2026-08-06T08:02:13.646Z	WARN	high pin count 9
2026-08-06T08:02:43.646Z	WARN	RSS 813MB pinned=10 pool=14
2026-08-06T08:02:43.647Z	WARN	high pin count 10
2026-08-06T08:03:13.647Z	WARN	RSS 813MB pinned=9 pool=14
2026-08-06T08:03:13.648Z	WARN	high pin count 9
2026-08-06T08:03:43.648Z	WARN	RSS 813MB pinned=11 pool=15
2026-08-06T08:03:43.649Z	WARN	high pin count 11
2026-08-06T08:04:13.648Z	WARN	RSS 816MB pinned=10 pool=14
2026-08-06T08:04:13.648Z	WARN	high pin count 10
2026-08-06T08:04:43.650Z	WARN	RSS 816MB pinned=10 pool=14
2026-08-06T08:04:43.650Z	WARN	high pin count 10
2026-08-06T08:05:13.651Z	WARN	RSS 813MB pinned=10 pool=12
2026-08-06T08:05:13.652Z	WARN	high pin count 10
2026-08-06T08:05:43.653Z	WARN	RSS 813MB pinned=11 pool=12
2026-08-06T08:05:43.653Z	WARN	high pin count 11
2026-08-06T08:06:13.652Z	WARN	RSS 812MB pinned=9 pool=13
2026-08-06T08:06:13.653Z	WARN	high pin count 9
2026-08-06T08:06:43.653Z	WARN	RSS 813MB pinned=9 pool=13
2026-08-06T08:06:43.654Z	WARN	high pin count 9
2026-08-06T08:07:13.653Z	WARN	RSS 812MB pinned=9 pool=14
2026-08-06T08:07:13.653Z	WARN	high pin count 9
2026-08-06T08:07:43.654Z	WARN	RSS 813MB pinned=10 pool=15
2026-08-06T08:07:43.654Z	WARN	high pin count 10
2026-08-06T08:08:13.655Z	WARN	RSS 816MB pinned=10 pool=15
2026-08-06T08:08:13.655Z	WARN	high pin count 10
2026-08-06T08:08:43.655Z	WARN	RSS 819MB pinned=9 pool=15
2026-08-06T08:08:43.655Z	WARN	high pin count 9
2026-08-06T08:09:13.656Z	WARN	RSS 815MB pinned=10 pool=14
2026-08-06T08:09:13.656Z	WARN	high pin count 10
2026-08-06T08:09:43.656Z	WARN	RSS 813MB pinned=9 pool=13
2026-08-06T08:09:43.656Z	WARN	high pin count 9
2026-08-06T08:10:13.674Z	WARN	RSS 813MB pinned=10 pool=13
2026-08-06T08:10:13.675Z	WARN	high pin count 10
2026-08-06T08:10:43.675Z	WARN	RSS 819MB pinned=9 pool=13
2026-08-06T08:10:43.675Z	WARN	high pin count 9
2026-08-06T08:11:13.675Z	WARN	RSS 813MB pinned=10 pool=13
2026-08-06T08:11:13.675Z	WARN	high pin count 10
2026-08-06T08:11:43.673Z	WARN	RSS 814MB pinned=10 pool=13
2026-08-06T08:11:43.673Z	WARN	high pin count 10
2026-08-06T08:12:13.675Z	WARN	RSS 814MB pinned=9 pool=13
2026-08-06T08:12:13.676Z	WARN	high pin count 9
2026-08-06T08:12:43.674Z	WARN	RSS 814MB pinned=10 pool=13
2026-08-06T08:12:43.675Z	WARN	high pin count 10
2026-08-06T08:13:13.677Z	WARN	RSS 814MB pinned=10 pool=11
2026-08-06T08:13:13.677Z	WARN	high pin count 10
2026-08-06T08:13:43.678Z	WARN	RSS 813MB pinned=11 pool=12
2026-08-06T08:13:43.679Z	WARN	high pin count 11
2026-08-06T08:14:13.679Z	WARN	RSS 814MB pinned=11 pool=12
2026-08-06T08:14:13.679Z	WARN	high pin count 11
2026-08-06T08:14:43.679Z	WARN	RSS 813MB pinned=10 pool=12
2026-08-06T08:14:43.680Z	WARN	high pin count 10
2026-08-06T08:15:13.679Z	WARN	RSS 813MB pinned=10 pool=12
2026-08-06T08:15:13.680Z	WARN	high pin count 10
2026-08-06T08:15:43.680Z	WARN	RSS 813MB pinned=9 pool=12
2026-08-06T08:15:43.681Z	WARN	high pin count 9
2026-08-06T08:16:13.681Z	WARN	RSS 820MB pinned=9 pool=13
2026-08-06T08:16:13.681Z	WARN	high pin count 9
2026-08-06T08:16:43.681Z	WARN	RSS 813MB pinned=10 pool=13
2026-08-06T08:16:43.682Z	WARN	high pin count 10
2026-08-06T08:17:13.683Z	WARN	RSS 814MB pinned=10 pool=13
2026-08-06T08:17:13.685Z	WARN	high pin count 10
2026-08-06T08:17:43.681Z	WARN	RSS 813MB pinned=10 pool=13
2026-08-06T08:17:43.682Z	WARN	high pin count 10
2026-08-06T08:18:13.684Z	WARN	RSS 813MB pinned=11 pool=12
2026-08-06T08:18:13.684Z	WARN	high pin count 11
2026-08-06T08:18:43.683Z	WARN	RSS 814MB pinned=11 pool=12
2026-08-06T08:18:43.684Z	WARN	high pin count 11
2026-08-06T08:19:13.684Z	WARN	RSS 816MB pinned=11 pool=11
2026-08-06T08:19:13.684Z	WARN	high pin count 11
2026-08-06T08:19:43.686Z	WARN	RSS 814MB pinned=10 pool=11
2026-08-06T08:19:43.686Z	WARN	high pin count 10
2026-08-06T08:20:13.692Z	WARN	RSS 814MB pinned=11 pool=11
2026-08-06T08:20:13.692Z	WARN	high pin count 11
2026-08-06T08:20:43.692Z	WARN	RSS 816MB pinned=10 pool=11
2026-08-06T08:20:43.692Z	WARN	high pin count 10
2026-08-06T08:21:13.692Z	WARN	RSS 816MB pinned=10 pool=13
2026-08-06T08:21:13.692Z	WARN	high pin count 10
2026-08-06T08:21:43.693Z	WARN	RSS 816MB pinned=11 pool=13
2026-08-06T08:21:43.696Z	WARN	high pin count 11
2026-08-06T08:22:13.694Z	WARN	RSS 816MB pinned=10 pool=13
2026-08-06T08:22:13.694Z	WARN	high pin count 10
2026-08-06T08:22:43.695Z	WARN	RSS 813MB pinned=11 pool=14
2026-08-06T08:22:43.695Z	WARN	high pin count 11
2026-08-06T08:23:13.695Z	WARN	RSS 814MB pinned=12 pool=15
2026-08-06T08:23:13.696Z	WARN	high pin count 12
2026-08-06T08:23:43.695Z	WARN	RSS 814MB pinned=11 pool=15
2026-08-06T08:23:43.696Z	WARN	high pin count 11
2026-08-06T08:24:13.695Z	WARN	RSS 814MB pinned=11 pool=13
2026-08-06T08:24:13.696Z	WARN	high pin count 11
2026-08-06T08:24:43.696Z	WARN	RSS 814MB pinned=11 pool=13
2026-08-06T08:24:43.697Z	WARN	high pin count 11
2026-08-06T08:25:13.697Z	WARN	RSS 814MB pinned=10 pool=13
2026-08-06T08:25:13.698Z	WARN	high pin count 10
2026-08-06T08:25:43.698Z	WARN	RSS 814MB pinned=10 pool=13
2026-08-06T08:25:43.698Z	WARN	high pin count 10
2026-08-06T08:26:13.698Z	WARN	RSS 814MB pinned=10 pool=13
2026-08-06T08:26:13.698Z	WARN	high pin count 10
2026-08-06T08:26:43.699Z	WARN	RSS 814MB pinned=9 pool=13
2026-08-06T08:26:43.699Z	WARN	high pin count 9
2026-08-06T08:27:13.699Z	WARN	RSS 814MB pinned=9 pool=13
2026-08-06T08:27:13.700Z	WARN	high pin count 9
2026-08-06T08:27:43.700Z	WARN	RSS 814MB pinned=9 pool=13
2026-08-06T08:27:43.701Z	WARN	high pin count 9
2026-08-06T08:28:13.700Z	WARN	RSS 814MB pinned=9 pool=12
2026-08-06T08:28:13.700Z	WARN	high pin count 9
2026-08-06T08:28:43.700Z	WARN	RSS 814MB pinned=9 pool=12
2026-08-06T08:28:43.700Z	WARN	high pin count 9
2026-08-06T08:29:13.701Z	WARN	RSS 814MB pinned=9 pool=13
2026-08-06T08:29:13.701Z	WARN	high pin count 9
2026-08-06T08:29:43.701Z	WARN	RSS 814MB pinned=10 pool=13
2026-08-06T08:29:43.701Z	WARN	high pin count 10
2026-08-06T08:30:13.701Z	WARN	RSS 814MB pinned=10 pool=14
2026-08-06T08:30:13.701Z	WARN	high pin count 10
2026-08-06T08:30:43.702Z	WARN	RSS 814MB pinned=11 pool=14
2026-08-06T08:30:43.703Z	WARN	high pin count 11
2026-08-06T08:31:13.702Z	WARN	RSS 814MB pinned=10 pool=14
2026-08-06T08:31:13.703Z	WARN	high pin count 10
2026-08-06T08:31:43.702Z	WARN	RSS 814MB pinned=11 pool=15
2026-08-06T08:31:43.703Z	WARN	high pin count 11
2026-08-06T08:32:13.703Z	WARN	RSS 815MB pinned=11 pool=16
2026-08-06T08:32:13.704Z	WARN	high pin count 11
2026-08-06T08:32:43.704Z	WARN	RSS 815MB pinned=11 pool=16
2026-08-06T08:32:43.704Z	WARN	high pin count 11
2026-08-06T08:33:13.704Z	WARN	RSS 815MB pinned=10 pool=15
2026-08-06T08:33:13.705Z	WARN	high pin count 10
2026-08-06T08:33:43.705Z	WARN	RSS 815MB pinned=10 pool=16
2026-08-06T08:33:43.706Z	WARN	high pin count 10
2026-08-06T08:34:13.707Z	WARN	RSS 817MB pinned=10 pool=16
2026-08-06T08:34:13.707Z	WARN	high pin count 10
2026-08-06T08:34:43.708Z	WARN	RSS 817MB pinned=10 pool=16
2026-08-06T08:34:43.709Z	WARN	high pin count 10
2026-08-06T08:35:13.708Z	WARN	RSS 814MB pinned=11 pool=15
2026-08-06T08:35:13.708Z	WARN	high pin count 11
2026-08-06T08:35:43.708Z	WARN	RSS 814MB pinned=11 pool=15
2026-08-06T08:35:43.709Z	WARN	high pin count 11
2026-08-06T08:36:13.710Z	WARN	RSS 815MB pinned=10 pool=14
2026-08-06T08:36:13.711Z	WARN	high pin count 10
2026-08-06T08:36:43.710Z	WARN	RSS 814MB pinned=11 pool=14
2026-08-06T08:36:43.711Z	WARN	high pin count 11
2026-08-06T08:37:13.711Z	WARN	RSS 817MB pinned=11 pool=15
2026-08-06T08:37:13.711Z	WARN	high pin count 11
2026-08-06T08:37:43.712Z	WARN	RSS 817MB pinned=11 pool=15
2026-08-06T08:37:43.712Z	WARN	high pin count 11
2026-08-06T08:38:13.712Z	WARN	RSS 817MB pinned=11 pool=14
2026-08-06T08:38:13.712Z	WARN	high pin count 11
2026-08-06T08:38:43.712Z	WARN	RSS 816MB pinned=12 pool=15
2026-08-06T08:38:43.712Z	WARN	high pin count 12
2026-08-06T08:39:13.712Z	WARN	RSS 816MB pinned=11 pool=14
2026-08-06T08:39:13.713Z	WARN	high pin count 11
2026-08-06T08:39:43.713Z	WARN	RSS 815MB pinned=11 pool=15
2026-08-06T08:39:43.714Z	WARN	high pin count 11
2026-08-06T08:40:13.714Z	WARN	RSS 815MB pinned=11 pool=16
2026-08-06T08:40:13.714Z	WARN	high pin count 11
2026-08-06T08:40:43.714Z	WARN	RSS 818MB pinned=11 pool=16
2026-08-06T08:40:43.714Z	WARN	high pin count 11
2026-08-06T08:41:13.715Z	WARN	RSS 815MB pinned=11 pool=16
2026-08-06T08:41:13.716Z	WARN	high pin count 11
2026-08-06T08:41:43.716Z	WARN	RSS 818MB pinned=10 pool=16
2026-08-06T08:41:43.716Z	WARN	high pin count 10
2026-08-06T08:42:13.716Z	WARN	RSS 815MB pinned=10 pool=16
2026-08-06T08:42:13.716Z	WARN	high pin count 10
2026-08-06T08:42:43.717Z	WARN	RSS 818MB pinned=10 pool=16
2026-08-06T08:42:43.718Z	WARN	high pin count 10
2026-08-06T08:43:13.717Z	WARN	RSS 815MB pinned=10 pool=15
2026-08-06T08:43:13.718Z	WARN	high pin count 10
2026-08-06T08:43:43.718Z	WARN	RSS 818MB pinned=11 pool=15
2026-08-06T08:43:43.718Z	WARN	high pin count 11
2026-08-06T08:44:13.717Z	WARN	RSS 818MB pinned=10 pool=14
2026-08-06T08:44:13.718Z	WARN	high pin count 10
2026-08-06T08:44:43.719Z	WARN	RSS 818MB pinned=10 pool=14
2026-08-06T08:44:43.719Z	WARN	high pin count 10
2026-08-06T08:45:13.718Z	WARN	RSS 815MB pinned=9 pool=14
2026-08-06T08:45:13.719Z	WARN	high pin count 9
2026-08-06T08:45:43.719Z	WARN	RSS 815MB pinned=9 pool=15
2026-08-06T08:45:43.719Z	WARN	high pin count 9
2026-08-06T08:46:13.720Z	WARN	RSS 815MB pinned=10 pool=15
2026-08-06T08:46:13.720Z	WARN	high pin count 10
2026-08-06T08:46:43.720Z	WARN	RSS 816MB pinned=10 pool=15
2026-08-06T08:46:43.720Z	WARN	high pin count 10
2026-08-06T08:47:13.720Z	WARN	RSS 815MB pinned=10 pool=15
2026-08-06T08:47:13.721Z	WARN	high pin count 10
2026-08-06T08:47:43.721Z	WARN	RSS 818MB pinned=10 pool=15
2026-08-06T08:47:43.721Z	WARN	high pin count 10
2026-08-06T08:48:13.721Z	WARN	RSS 818MB pinned=10 pool=16
2026-08-06T08:48:13.721Z	WARN	high pin count 10
2026-08-06T08:48:43.721Z	WARN	RSS 816MB pinned=10 pool=16
2026-08-06T08:48:43.721Z	WARN	high pin count 10
2026-08-06T08:49:13.723Z	WARN	RSS 819MB pinned=10 pool=14
2026-08-06T08:49:13.723Z	WARN	high pin count 10
2026-08-06T08:49:43.724Z	WARN	RSS 815MB pinned=9 pool=15
2026-08-06T08:49:43.725Z	WARN	high pin count 9
2026-08-06T08:50:13.724Z	WARN	RSS 818MB pinned=10 pool=14
2026-08-06T08:50:13.725Z	WARN	high pin count 10
2026-08-06T08:50:43.726Z	WARN	RSS 819MB pinned=9 pool=14
2026-08-06T08:50:43.726Z	WARN	high pin count 9
2026-08-06T08:51:13.726Z	WARN	RSS 815MB pinned=9 pool=16
2026-08-06T08:51:13.727Z	WARN	high pin count 9
2026-08-06T08:51:43.727Z	WARN	RSS 815MB pinned=9 pool=16
2026-08-06T08:51:43.727Z	WARN	high pin count 9
2026-08-06T08:52:13.727Z	WARN	RSS 815MB pinned=10 pool=15
2026-08-06T08:52:13.728Z	WARN	high pin count 10
2026-08-06T08:52:43.728Z	WARN	RSS 816MB pinned=11 pool=17
2026-08-06T08:52:43.729Z	WARN	high pin count 11
2026-08-06T08:53:13.729Z	WARN	RSS 819MB pinned=10 pool=15
2026-08-06T08:53:13.729Z	WARN	high pin count 10
2026-08-06T08:53:43.729Z	WARN	RSS 819MB pinned=10 pool=16
2026-08-06T08:53:43.729Z	WARN	high pin count 10
2026-08-06T08:54:13.729Z	WARN	RSS 817MB pinned=10 pool=16
2026-08-06T08:54:13.729Z	WARN	high pin count 10
2026-08-06T08:54:43.730Z	WARN	RSS 816MB pinned=10 pool=16
2026-08-06T08:54:43.730Z	WARN	high pin count 10
2026-08-06T08:55:13.730Z	WARN	RSS 816MB pinned=11 pool=15
2026-08-06T08:55:13.730Z	WARN	high pin count 11
2026-08-06T08:55:43.729Z	WARN	RSS 816MB pinned=10 pool=15
2026-08-06T08:55:43.730Z	WARN	high pin count 10
2026-08-06T08:56:13.730Z	WARN	RSS 822MB pinned=10 pool=15
2026-08-06T08:56:13.730Z	WARN	high pin count 10
2026-08-06T08:56:43.730Z	WARN	RSS 819MB pinned=10 pool=16
2026-08-06T08:56:43.731Z	WARN	high pin count 10
2026-08-06T08:57:13.729Z	WARN	RSS 816MB pinned=9 pool=14
2026-08-06T08:57:13.729Z	WARN	high pin count 9
2026-08-06T08:57:43.731Z	WARN	RSS 816MB pinned=9 pool=14
2026-08-06T08:57:43.732Z	WARN	high pin count 9
2026-08-06T08:58:13.730Z	WARN	RSS 816MB pinned=10 pool=13
2026-08-06T08:58:13.731Z	WARN	high pin count 10
2026-08-06T08:58:43.731Z	WARN	RSS 820MB pinned=9 pool=13
2026-08-06T08:58:43.731Z	WARN	high pin count 9
2026-08-06T08:59:13.731Z	WARN	RSS 822MB pinned=9 pool=13
2026-08-06T08:59:13.731Z	WARN	high pin count 9
2026-08-06T08:59:43.732Z	WARN	RSS 816MB pinned=10 pool=13
2026-08-06T08:59:43.732Z	WARN	high pin count 10
2026-08-06T09:00:13.761Z	WARN	RSS 816MB pinned=10 pool=12
2026-08-06T09:00:13.762Z	WARN	high pin count 10
2026-08-06T09:00:43.761Z	WARN	RSS 816MB pinned=9 pool=12
2026-08-06T09:00:43.762Z	WARN	high pin count 9
2026-08-06T09:01:13.764Z	WARN	RSS 816MB pinned=9 pool=12
2026-08-06T09:01:13.765Z	WARN	high pin count 9
2026-08-06T09:01:43.767Z	WARN	RSS 816MB pinned=9 pool=13
2026-08-06T09:01:43.767Z	WARN	high pin count 9
2026-08-06T09:02:13.767Z	WARN	RSS 816MB pinned=9 pool=12
2026-08-06T09:02:13.767Z	WARN	high pin count 9
2026-08-06T09:02:43.768Z	WARN	RSS 816MB pinned=9 pool=12
2026-08-06T09:02:43.768Z	WARN	high pin count 9
2026-08-06T09:03:13.768Z	WARN	RSS 816MB pinned=9 pool=13
2026-08-06T09:03:13.768Z	WARN	high pin count 9
2026-08-06T09:03:43.768Z	WARN	RSS 818MB pinned=9 pool=15
2026-08-06T09:03:43.768Z	WARN	high pin count 9
2026-08-06T09:04:13.770Z	WARN	RSS 817MB pinned=10 pool=14
2026-08-06T09:04:13.770Z	WARN	high pin count 10
2026-08-06T09:04:43.769Z	WARN	RSS 817MB pinned=10 pool=14
2026-08-06T09:04:43.770Z	WARN	high pin count 10
2026-08-06T09:05:13.773Z	WARN	RSS 817MB pinned=10 pool=13
2026-08-06T09:05:13.773Z	WARN	high pin count 10
2026-08-06T09:05:43.773Z	WARN	RSS 819MB pinned=10 pool=13
2026-08-06T09:05:43.774Z	WARN	high pin count 10
2026-08-06T09:06:13.776Z	WARN	RSS 828MB pinned=10 pool=14
2026-08-06T09:06:13.779Z	WARN	high pin count 10
2026-08-06T09:06:43.775Z	WARN	RSS 816MB pinned=10 pool=14
2026-08-06T09:06:43.775Z	WARN	high pin count 10
2026-08-06T09:07:13.776Z	WARN	RSS 816MB pinned=10 pool=13
2026-08-06T09:07:13.777Z	WARN	high pin count 10
2026-08-06T09:07:43.777Z	WARN	RSS 816MB pinned=10 pool=13
2026-08-06T09:07:43.778Z	WARN	high pin count 10
2026-08-06T09:08:13.778Z	WARN	RSS 816MB pinned=10 pool=12
2026-08-06T09:08:13.779Z	WARN	high pin count 10
2026-08-06T09:08:43.781Z	WARN	RSS 816MB pinned=10 pool=12
2026-08-06T09:08:43.781Z	WARN	high pin count 10
2026-08-06T09:09:13.781Z	WARN	RSS 818MB pinned=10 pool=12
2026-08-06T09:09:13.781Z	WARN	high pin count 10
2026-08-06T09:09:43.781Z	WARN	RSS 816MB pinned=10 pool=12
2026-08-06T09:09:43.781Z	WARN	high pin count 10
2026-08-06T09:10:13.782Z	WARN	RSS 816MB pinned=11 pool=12
2026-08-06T09:10:13.783Z	WARN	high pin count 11
2026-08-06T09:10:43.783Z	WARN	RSS 816MB pinned=11 pool=12
2026-08-06T09:10:43.784Z	WARN	high pin count 11
2026-08-06T09:11:13.784Z	WARN	RSS 816MB pinned=11 pool=12
2026-08-06T09:11:13.784Z	WARN	high pin count 11
2026-08-06T09:11:43.786Z	WARN	RSS 816MB pinned=11 pool=12
2026-08-06T09:11:43.787Z	WARN	high pin count 11
2026-08-06T09:12:13.786Z	WARN	RSS 816MB pinned=9 pool=12
2026-08-06T09:12:13.787Z	WARN	high pin count 9
2026-08-06T09:12:43.789Z	WARN	RSS 819MB pinned=9 pool=14
2026-08-06T09:12:43.790Z	WARN	high pin count 9
2026-08-06T09:13:13.788Z	WARN	RSS 819MB pinned=9 pool=14
2026-08-06T09:13:13.788Z	WARN	high pin count 9
2026-08-06T09:13:43.789Z	WARN	RSS 816MB pinned=9 pool=14
2026-08-06T09:13:43.790Z	WARN	high pin count 9
2026-08-06T09:14:13.802Z	WARN	RSS 817MB pinned=9 pool=15
2026-08-06T09:14:13.805Z	WARN	high pin count 9
2026-08-06T09:14:43.802Z	WARN	RSS 816MB pinned=9 pool=15
2026-08-06T09:14:43.803Z	WARN	high pin count 9
2026-08-06T09:15:13.801Z	WARN	RSS 816MB pinned=9 pool=15
2026-08-06T09:15:13.802Z	WARN	high pin count 9
2026-08-06T09:15:43.801Z	WARN	RSS 816MB pinned=9 pool=15
2026-08-06T09:15:43.802Z	WARN	high pin count 9
2026-08-06T09:16:13.803Z	WARN	RSS 816MB pinned=9 pool=13
2026-08-06T09:16:13.804Z	WARN	high pin count 9
2026-08-06T09:16:43.803Z	WARN	RSS 817MB pinned=9 pool=13
2026-08-06T09:16:43.804Z	WARN	high pin count 9
2026-08-06T09:17:13.823Z	WARN	RSS 817MB pinned=9 pool=13
2026-08-06T09:17:13.824Z	WARN	high pin count 9
2026-08-06T09:17:43.806Z	WARN	RSS 816MB pinned=10 pool=15
2026-08-06T09:17:43.807Z	WARN	high pin count 10
2026-08-06T09:18:13.807Z	WARN	RSS 816MB pinned=10 pool=15
2026-08-06T09:18:13.808Z	WARN	high pin count 10
2026-08-06T09:18:43.809Z	WARN	RSS 817MB pinned=10 pool=15
2026-08-06T09:18:43.809Z	WARN	high pin count 10
2026-08-06T09:19:13.809Z	WARN	RSS 817MB pinned=10 pool=15
2026-08-06T09:19:13.809Z	WARN	high pin count 10
2026-08-06T09:19:43.810Z	WARN	RSS 817MB pinned=9 pool=15
2026-08-06T09:19:43.811Z	WARN	high pin count 9
2026-08-06T09:20:13.810Z	WARN	RSS 817MB pinned=9 pool=15
2026-08-06T09:20:13.810Z	WARN	high pin count 9
2026-08-06T09:20:43.811Z	WARN	RSS 817MB pinned=9 pool=15
2026-08-06T09:20:43.812Z	WARN	high pin count 9
2026-08-06T09:21:13.811Z	WARN	RSS 817MB pinned=9 pool=14
2026-08-06T09:21:13.812Z	WARN	high pin count 9
2026-08-06T09:21:43.812Z	WARN	RSS 817MB pinned=10 pool=14
2026-08-06T09:21:43.812Z	WARN	high pin count 10
2026-08-06T09:22:13.812Z	WARN	RSS 817MB pinned=10 pool=14
2026-08-06T09:22:13.812Z	WARN	high pin count 10
2026-08-06T09:22:43.812Z	WARN	RSS 818MB pinned=11 pool=16
2026-08-06T09:22:43.813Z	WARN	high pin count 11
2026-08-06T09:23:13.813Z	WARN	RSS 818MB pinned=11 pool=17
2026-08-06T09:23:13.813Z	WARN	high pin count 11
2026-08-06T09:23:43.814Z	WARN	RSS 818MB pinned=11 pool=18
2026-08-06T09:23:43.815Z	WARN	high pin count 11
2026-08-06T09:24:13.816Z	WARN	RSS 818MB pinned=11 pool=18
2026-08-06T09:24:13.817Z	WARN	high pin count 11
2026-08-06T09:24:43.817Z	WARN	RSS 819MB pinned=10 pool=18
2026-08-06T09:24:43.817Z	WARN	high pin count 10
2026-08-06T09:25:13.817Z	WARN	RSS 818MB pinned=10 pool=17
2026-08-06T09:25:13.817Z	WARN	high pin count 10
2026-08-06T09:25:43.819Z	WARN	RSS 819MB pinned=11 pool=19
2026-08-06T09:25:43.819Z	WARN	high pin count 11
2026-08-06T09:26:13.819Z	WARN	RSS 819MB pinned=11 pool=17
2026-08-06T09:26:13.820Z	WARN	high pin count 11
2026-08-06T09:26:43.818Z	WARN	RSS 819MB pinned=11 pool=17
2026-08-06T09:26:43.818Z	WARN	high pin count 11
2026-08-06T09:27:13.821Z	WARN	RSS 819MB pinned=11 pool=16
2026-08-06T09:27:13.824Z	WARN	high pin count 11
2026-08-06T09:27:43.820Z	WARN	RSS 819MB pinned=9 pool=16
2026-08-06T09:27:43.821Z	WARN	high pin count 9
2026-08-06T09:28:13.821Z	WARN	RSS 822MB pinned=10 pool=17
2026-08-06T09:28:13.822Z	WARN	high pin count 10
2026-08-06T09:28:43.822Z	WARN	RSS 819MB pinned=10 pool=17
2026-08-06T09:28:43.823Z	WARN	high pin count 10
2026-08-06T09:29:13.822Z	WARN	RSS 821MB pinned=10 pool=18
2026-08-06T09:29:13.823Z	WARN	high pin count 10
2026-08-06T09:29:43.823Z	WARN	RSS 819MB pinned=11 pool=18
2026-08-06T09:29:43.824Z	WARN	high pin count 11
2026-08-06T09:30:13.824Z	WARN	RSS 819MB pinned=10 pool=15
2026-08-06T09:30:13.825Z	WARN	high pin count 10
2026-08-06T09:30:43.824Z	WARN	RSS 820MB pinned=10 pool=15
2026-08-06T09:30:43.825Z	WARN	high pin count 10
2026-08-06T09:31:13.826Z	WARN	RSS 819MB pinned=11 pool=12
2026-08-06T09:31:13.826Z	WARN	high pin count 11
2026-08-06T09:31:43.826Z	WARN	RSS 819MB pinned=11 pool=12
2026-08-06T09:31:43.826Z	WARN	high pin count 11
2026-08-06T09:32:13.826Z	WARN	RSS 819MB pinned=11 pool=12
2026-08-06T09:32:13.827Z	WARN	high pin count 11
2026-08-06T09:32:43.827Z	WARN	RSS 819MB pinned=11 pool=12
2026-08-06T09:32:43.827Z	WARN	high pin count 11
2026-08-06T09:33:13.826Z	WARN	RSS 819MB pinned=10 pool=12
2026-08-06T09:33:13.827Z	WARN	high pin count 10
2026-08-06T09:33:43.827Z	WARN	RSS 819MB pinned=10 pool=13
2026-08-06T09:33:43.827Z	WARN	high pin count 10
2026-08-06T09:34:13.827Z	WARN	RSS 819MB pinned=12 pool=15
2026-08-06T09:34:13.828Z	WARN	high pin count 12
2026-08-06T09:34:43.828Z	WARN	RSS 822MB pinned=13 pool=15
2026-08-06T09:34:43.829Z	WARN	high pin count 13
2026-08-06T09:35:13.833Z	WARN	RSS 819MB pinned=13 pool=15
2026-08-06T09:35:13.838Z	WARN	high pin count 13
2026-08-06T09:35:43.833Z	WARN	RSS 822MB pinned=13 pool=15
2026-08-06T09:35:43.833Z	WARN	high pin count 13
2026-08-06T09:36:13.834Z	WARN	RSS 822MB pinned=12 pool=15
2026-08-06T09:36:13.834Z	WARN	high pin count 12
2026-08-06T09:36:43.835Z	WARN	RSS 819MB pinned=12 pool=15
2026-08-06T09:36:43.836Z	WARN	high pin count 12
2026-08-06T09:37:13.838Z	WARN	RSS 822MB pinned=11 pool=14
2026-08-06T09:37:13.842Z	WARN	high pin count 11
2026-08-06T09:37:43.838Z	WARN	RSS 822MB pinned=10 pool=14
2026-08-06T09:37:43.838Z	WARN	high pin count 10
2026-08-06T09:38:13.838Z	WARN	RSS 826MB pinned=10 pool=14
2026-08-06T09:38:13.839Z	WARN	high pin count 10
2026-08-06T09:38:43.838Z	WARN	RSS 820MB pinned=10 pool=14
2026-08-06T09:38:43.839Z	WARN	high pin count 10
2026-08-06T09:39:13.839Z	WARN	RSS 822MB pinned=11 pool=14
2026-08-06T09:39:13.839Z	WARN	high pin count 11
2026-08-06T09:39:43.840Z	WARN	RSS 819MB pinned=11 pool=14
2026-08-06T09:39:43.841Z	WARN	high pin count 11
2026-08-06T09:40:13.840Z	WARN	RSS 819MB pinned=11 pool=14
2026-08-06T09:40:13.841Z	WARN	high pin count 11
2026-08-06T09:40:43.844Z	WARN	RSS 819MB pinned=11 pool=15
2026-08-06T09:40:43.844Z	WARN	high pin count 11
2026-08-06T09:41:13.843Z	WARN	RSS 822MB pinned=12 pool=15
2026-08-06T09:41:13.843Z	WARN	high pin count 12
2026-08-06T09:41:43.844Z	WARN	RSS 819MB pinned=13 pool=15
2026-08-06T09:41:43.845Z	WARN	high pin count 13
2026-08-06T09:42:13.845Z	WARN	RSS 819MB pinned=13 pool=14
2026-08-06T09:42:13.845Z	WARN	high pin count 13
2026-08-06T09:42:43.845Z	WARN	RSS 820MB pinned=12 pool=14
2026-08-06T09:42:43.846Z	WARN	high pin count 12
2026-08-06T09:43:13.845Z	WARN	RSS 820MB pinned=12 pool=14
2026-08-06T09:43:13.846Z	WARN	high pin count 12
2026-08-06T09:43:43.846Z	WARN	RSS 822MB pinned=11 pool=14
2026-08-06T09:43:43.847Z	WARN	high pin count 11
2026-08-06T09:44:13.847Z	WARN	RSS 826MB pinned=10 pool=17
2026-08-06T09:44:13.847Z	WARN	high pin count 10
2026-08-06T09:44:43.848Z	WARN	RSS 822MB pinned=10 pool=17
2026-08-06T09:44:43.849Z	WARN	high pin count 10
2026-08-06T09:45:13.849Z	WARN	RSS 819MB pinned=10 pool=18
2026-08-06T09:45:13.850Z	WARN	high pin count 10
2026-08-06T09:45:43.848Z	WARN	RSS 824MB pinned=10 pool=18
2026-08-06T09:45:43.849Z	WARN	high pin count 10
2026-08-06T09:46:13.850Z	WARN	RSS 822MB pinned=11 pool=18
2026-08-06T09:46:13.850Z	WARN	high pin count 11
2026-08-06T09:46:43.851Z	WARN	RSS 823MB pinned=11 pool=18
2026-08-06T09:46:43.852Z	WARN	high pin count 11
2026-08-06T09:47:13.852Z	WARN	RSS 823MB pinned=10 pool=14
2026-08-06T09:47:13.852Z	WARN	high pin count 10
2026-08-06T09:47:43.852Z	WARN	RSS 820MB pinned=10 pool=14
2026-08-06T09:47:43.852Z	WARN	high pin count 10
2026-08-06T09:48:13.852Z	WARN	RSS 820MB pinned=10 pool=14
2026-08-06T09:48:13.853Z	WARN	high pin count 10
2026-08-06T09:48:43.853Z	WARN	RSS 820MB pinned=10 pool=15
2026-08-06T09:48:43.853Z	WARN	high pin count 10
2026-08-06T09:49:13.854Z	WARN	RSS 820MB pinned=10 pool=15
2026-08-06T09:49:13.854Z	WARN	high pin count 10
2026-08-06T09:49:43.854Z	WARN	RSS 819MB pinned=10 pool=17
2026-08-06T09:49:43.855Z	WARN	high pin count 10
2026-08-06T09:50:13.854Z	WARN	RSS 825MB pinned=9 pool=16
2026-08-06T09:50:13.855Z	WARN	high pin count 9
2026-08-06T09:50:43.856Z	WARN	RSS 828MB pinned=9 pool=16
2026-08-06T09:50:43.857Z	WARN	high pin count 9
2026-08-06T09:51:13.857Z	WARN	RSS 828MB pinned=9 pool=16
2026-08-06T09:51:13.858Z	WARN	high pin count 9
2026-08-06T09:51:43.858Z	WARN	RSS 819MB pinned=9 pool=17
2026-08-06T09:51:43.859Z	WARN	high pin count 9
2026-08-06T09:52:13.859Z	WARN	RSS 819MB pinned=9 pool=16
2026-08-06T09:52:13.859Z	WARN	high pin count 9
2026-08-06T09:52:43.860Z	WARN	RSS 820MB pinned=9 pool=16
2026-08-06T09:52:43.861Z	WARN	high pin count 9
2026-08-06T09:53:13.861Z	WARN	RSS 823MB pinned=9 pool=14
2026-08-06T09:53:13.861Z	WARN	high pin count 9
2026-08-06T09:53:43.862Z	WARN	RSS 819MB pinned=9 pool=15
2026-08-06T09:53:43.863Z	WARN	high pin count 9
2026-08-06T09:54:13.862Z	WARN	RSS 820MB pinned=9 pool=15
2026-08-06T09:54:13.862Z	WARN	high pin count 9
2026-08-06T09:54:43.863Z	WARN	RSS 819MB pinned=9 pool=16
2026-08-06T09:54:43.863Z	WARN	high pin count 9
2026-08-06T09:55:13.862Z	WARN	RSS 819MB pinned=9 pool=13
2026-08-06T09:55:13.863Z	WARN	high pin count 9
2026-08-06T09:55:43.863Z	WARN	RSS 819MB pinned=10 pool=14
2026-08-06T09:55:43.864Z	WARN	high pin count 10
2026-08-06T09:56:13.863Z	WARN	RSS 820MB pinned=9 pool=15
2026-08-06T09:56:13.864Z	WARN	high pin count 9
2026-08-06T09:56:43.864Z	WARN	RSS 819MB pinned=9 pool=15
2026-08-06T09:56:43.864Z	WARN	high pin count 9
2026-08-06T09:57:13.864Z	WARN	RSS 819MB pinned=10 pool=15
2026-08-06T09:57:13.864Z	WARN	high pin count 10
2026-08-06T09:57:43.864Z	WARN	RSS 819MB pinned=10 pool=15
2026-08-06T09:57:43.865Z	WARN	high pin count 10
2026-08-06T09:58:13.865Z	WARN	RSS 819MB pinned=10 pool=14
2026-08-06T09:58:13.865Z	WARN	high pin count 10
2026-08-06T09:58:43.866Z	WARN	RSS 823MB pinned=11 pool=15
2026-08-06T09:58:43.866Z	WARN	high pin count 11
2026-08-06T09:59:13.866Z	WARN	RSS 820MB pinned=11 pool=14
2026-08-06T09:59:13.867Z	WARN	high pin count 11
2026-08-06T09:59:43.867Z	WARN	RSS 820MB pinned=12 pool=17
2026-08-06T09:59:43.867Z	WARN	high pin count 12
2026-08-06T10:00:13.867Z	WARN	RSS 820MB pinned=13 pool=17
2026-08-06T10:00:13.867Z	WARN	high pin count 13
2026-08-06T10:00:43.868Z	WARN	RSS 820MB pinned=13 pool=17
2026-08-06T10:00:43.868Z	WARN	high pin count 13
2026-08-06T10:01:13.869Z	WARN	RSS 820MB pinned=13 pool=17
2026-08-06T10:01:13.869Z	WARN	high pin count 13
2026-08-06T10:01:43.869Z	WARN	RSS 823MB pinned=12 pool=17
2026-08-06T10:01:43.869Z	WARN	high pin count 12
2026-08-06T10:02:13.879Z	WARN	RSS 823MB pinned=13 pool=16
2026-08-06T10:02:13.880Z	WARN	high pin count 13
2026-08-06T10:02:43.880Z	WARN	RSS 826MB pinned=12 pool=16
2026-08-06T10:02:43.881Z	WARN	high pin count 12
2026-08-06T10:03:13.880Z	WARN	RSS 820MB pinned=11 pool=16
2026-08-06T10:03:13.880Z	WARN	high pin count 11
2026-08-06T10:03:43.882Z	WARN	RSS 820MB pinned=10 pool=17
2026-08-06T10:03:43.882Z	WARN	high pin count 10
2026-08-06T10:04:13.881Z	WARN	RSS 820MB pinned=11 pool=19
2026-08-06T10:04:13.882Z	WARN	high pin count 11
2026-08-06T10:04:43.882Z	WARN	RSS 820MB pinned=11 pool=19
2026-08-06T10:04:43.883Z	WARN	high pin count 11
2026-08-06T10:05:13.884Z	WARN	RSS 820MB pinned=11 pool=19
2026-08-06T10:05:13.885Z	WARN	high pin count 11
2026-08-06T10:05:43.884Z	WARN	RSS 820MB pinned=11 pool=20
2026-08-06T10:05:43.885Z	WARN	high pin count 11
2026-08-06T10:06:13.884Z	WARN	RSS 821MB pinned=11 pool=18
2026-08-06T10:06:13.885Z	WARN	high pin count 11
2026-08-06T10:06:43.884Z	WARN	RSS 822MB pinned=12 pool=20
2026-08-06T10:06:43.885Z	WARN	high pin count 12
2026-08-06T10:07:13.885Z	WARN	RSS 821MB pinned=11 pool=18
2026-08-06T10:07:13.886Z	WARN	high pin count 11
2026-08-06T10:07:43.886Z	WARN	RSS 820MB pinned=12 pool=19
2026-08-06T10:07:43.886Z	WARN	high pin count 12
2026-08-06T10:08:13.887Z	WARN	RSS 821MB pinned=11 pool=19
2026-08-06T10:08:13.887Z	WARN	high pin count 11
2026-08-06T10:08:43.889Z	WARN	RSS 822MB pinned=11 pool=19
2026-08-06T10:08:43.889Z	WARN	high pin count 11
2026-08-06T10:09:13.889Z	WARN	RSS 822MB pinned=11 pool=18
2026-08-06T10:09:13.889Z	WARN	high pin count 11
2026-08-06T10:09:43.889Z	WARN	RSS 821MB pinned=11 pool=19
2026-08-06T10:09:43.889Z	WARN	high pin count 11
2026-08-06T10:10:13.888Z	WARN	RSS 824MB pinned=11 pool=18
2026-08-06T10:10:13.889Z	WARN	high pin count 11
2026-08-06T10:10:43.889Z	WARN	RSS 827MB pinned=11 pool=20
2026-08-06T10:10:43.889Z	WARN	high pin count 11
2026-08-06T10:11:13.890Z	WARN	RSS 821MB pinned=11 pool=19
2026-08-06T10:11:13.891Z	WARN	high pin count 11
2026-08-06T10:11:43.892Z	WARN	RSS 820MB pinned=11 pool=19
2026-08-06T10:11:43.893Z	WARN	high pin count 11
2026-08-06T10:12:13.892Z	WARN	RSS 820MB pinned=12 pool=19
2026-08-06T10:12:13.893Z	WARN	high pin count 12
2026-08-06T10:12:43.892Z	WARN	RSS 820MB pinned=11 pool=20
2026-08-06T10:12:43.892Z	WARN	high pin count 11
2026-08-06T10:13:13.893Z	WARN	RSS 823MB pinned=12 pool=18
2026-08-06T10:13:13.893Z	WARN	high pin count 12
2026-08-06T10:13:43.894Z	WARN	RSS 820MB pinned=11 pool=19
2026-08-06T10:13:43.895Z	WARN	high pin count 11
2026-08-06T10:14:13.895Z	WARN	RSS 821MB pinned=11 pool=17
2026-08-06T10:14:13.897Z	WARN	high pin count 11
2026-08-06T10:14:43.895Z	WARN	RSS 820MB pinned=11 pool=17
2026-08-06T10:14:43.896Z	WARN	high pin count 11
2026-08-06T10:15:13.896Z	WARN	RSS 820MB pinned=11 pool=17
2026-08-06T10:15:13.896Z	WARN	high pin count 11
2026-08-06T10:15:43.896Z	WARN	RSS 820MB pinned=11 pool=17
2026-08-06T10:15:43.897Z	WARN	high pin count 11
2026-08-06T10:16:13.897Z	WARN	RSS 821MB pinned=11 pool=19
2026-08-06T10:16:13.897Z	WARN	high pin count 11
2026-08-06T10:16:43.896Z	WARN	RSS 821MB pinned=12 pool=21
2026-08-06T10:16:43.898Z	WARN	high pin count 12
2026-08-06T10:17:13.906Z	WARN	RSS 822MB pinned=11 pool=18
2026-08-06T10:17:13.908Z	WARN	high pin count 11
2026-08-06T10:17:43.898Z	WARN	RSS 823MB pinned=10 pool=19
2026-08-06T10:17:43.898Z	WARN	high pin count 10
2026-08-06T10:18:13.898Z	WARN	RSS 826MB pinned=10 pool=19
2026-08-06T10:18:13.898Z	WARN	high pin count 10
2026-08-06T10:18:43.900Z	WARN	RSS 824MB pinned=10 pool=19
2026-08-06T10:18:43.900Z	WARN	high pin count 10
2026-08-06T10:19:13.900Z	WARN	RSS 824MB pinned=10 pool=18
2026-08-06T10:19:13.901Z	WARN	high pin count 10
2026-08-06T10:19:43.901Z	WARN	RSS 824MB pinned=11 pool=20
2026-08-06T10:19:43.901Z	WARN	high pin count 11
2026-08-06T10:20:13.903Z	WARN	RSS 821MB pinned=11 pool=17
2026-08-06T10:20:13.904Z	WARN	high pin count 11
2026-08-06T10:20:43.904Z	WARN	RSS 822MB pinned=11 pool=17
2026-08-06T10:20:43.904Z	WARN	high pin count 11
2026-08-06T10:21:13.905Z	WARN	RSS 822MB pinned=11 pool=17
2026-08-06T10:21:13.906Z	WARN	high pin count 11
2026-08-06T10:21:43.906Z	WARN	RSS 822MB pinned=11 pool=18
2026-08-06T10:21:43.907Z	WARN	high pin count 11
2026-08-06T10:22:13.906Z	WARN	RSS 822MB pinned=10 pool=18
2026-08-06T10:22:13.906Z	WARN	high pin count 10
2026-08-06T10:22:43.908Z	WARN	RSS 822MB pinned=10 pool=18
2026-08-06T10:22:43.908Z	WARN	high pin count 10
2026-08-06T10:23:13.908Z	WARN	RSS 822MB pinned=10 pool=17
2026-08-06T10:23:13.908Z	WARN	high pin count 10
2026-08-06T10:23:43.909Z	WARN	RSS 828MB pinned=10 pool=17
2026-08-06T10:23:43.909Z	WARN	high pin count 10
2026-08-06T10:24:13.909Z	WARN	RSS 822MB pinned=10 pool=17
2026-08-06T10:24:13.909Z	WARN	high pin count 10
2026-08-06T10:24:43.909Z	WARN	RSS 822MB pinned=9 pool=17
2026-08-06T10:24:43.910Z	WARN	high pin count 9
2026-08-06T10:25:13.910Z	WARN	RSS 822MB pinned=9 pool=15
2026-08-06T10:25:13.910Z	WARN	high pin count 9
2026-08-06T10:25:43.910Z	WARN	RSS 822MB pinned=9 pool=17
2026-08-06T10:25:43.910Z	WARN	high pin count 9
2026-08-06T10:26:13.910Z	WARN	RSS 821MB pinned=9 pool=17
2026-08-06T10:26:13.910Z	WARN	high pin count 9
2026-08-06T10:26:43.911Z	WARN	RSS 827MB pinned=9 pool=17
2026-08-06T10:26:43.911Z	WARN	high pin count 9
2026-08-06T10:27:13.912Z	WARN	RSS 821MB pinned=9 pool=17
2026-08-06T10:27:13.912Z	WARN	high pin count 9
2026-08-06T10:27:43.913Z	WARN	RSS 824MB pinned=9 pool=17
2026-08-06T10:27:43.913Z	WARN	high pin count 9
2026-08-06T10:28:13.913Z	WARN	RSS 824MB pinned=9 pool=16
2026-08-06T10:28:13.914Z	WARN	high pin count 9
2026-08-06T10:28:43.916Z	WARN	RSS 821MB pinned=9 pool=16
2026-08-06T10:28:43.916Z	WARN	high pin count 9
2026-08-06T10:29:13.916Z	WARN	RSS 822MB pinned=9 pool=14
2026-08-06T10:29:13.916Z	WARN	high pin count 9
2026-08-06T10:29:43.917Z	WARN	RSS 821MB pinned=10 pool=14
2026-08-06T10:29:43.917Z	WARN	high pin count 10
2026-08-06T10:30:13.918Z	WARN	RSS 821MB pinned=10 pool=15
2026-08-06T10:30:13.918Z	WARN	high pin count 10
2026-08-06T10:30:43.919Z	WARN	RSS 822MB pinned=10 pool=16
2026-08-06T10:30:43.919Z	WARN	high pin count 10
2026-08-06T10:31:13.919Z	WARN	RSS 822MB pinned=10 pool=15
2026-08-06T10:31:13.920Z	WARN	high pin count 10
2026-08-06T10:31:43.919Z	WARN	RSS 825MB pinned=10 pool=15
2026-08-06T10:31:43.920Z	WARN	high pin count 10
2026-08-06T10:32:13.919Z	WARN	RSS 824MB pinned=10 pool=14
2026-08-06T10:32:13.920Z	WARN	high pin count 10
2026-08-06T10:32:43.920Z	WARN	RSS 827MB pinned=11 pool=14
2026-08-06T10:32:43.920Z	WARN	high pin count 11
2026-08-06T10:33:13.922Z	WARN	RSS 827MB pinned=9 pool=14
2026-08-06T10:33:13.923Z	WARN	high pin count 9
2026-08-06T10:33:43.924Z	WARN	RSS 822MB pinned=9 pool=14
2026-08-06T10:33:43.925Z	WARN	high pin count 9
2026-08-06T10:34:13.924Z	WARN	RSS 825MB pinned=9 pool=13
2026-08-06T10:34:13.925Z	WARN	high pin count 9
2026-08-06T10:34:43.924Z	WARN	RSS 822MB pinned=9 pool=15
2026-08-06T10:34:43.925Z	WARN	high pin count 9
2026-08-06T10:35:13.924Z	WARN	RSS 822MB pinned=10 pool=15
2026-08-06T10:35:13.926Z	WARN	high pin count 10
2026-08-06T10:35:43.925Z	WARN	RSS 822MB pinned=10 pool=15
2026-08-06T10:35:43.925Z	WARN	high pin count 10
2026-08-06T10:36:13.924Z	WARN	RSS 822MB pinned=9 pool=15
2026-08-06T10:36:13.925Z	WARN	high pin count 9
2026-08-06T10:36:43.927Z	WARN	RSS 825MB pinned=9 pool=15
2026-08-06T10:36:43.927Z	WARN	high pin count 9
2026-08-06T10:37:13.927Z	WARN	RSS 821MB pinned=9 pool=15
2026-08-06T10:37:13.927Z	WARN	high pin count 9
2026-08-06T10:37:43.928Z	WARN	RSS 825MB pinned=10 pool=16
2026-08-06T10:37:43.929Z	WARN	high pin count 10
2026-08-06T10:38:13.929Z	WARN	RSS 822MB pinned=11 pool=16
2026-08-06T10:38:13.929Z	WARN	high pin count 11
2026-08-06T10:38:43.929Z	WARN	RSS 822MB pinned=12 pool=17
2026-08-06T10:38:43.929Z	WARN	high pin count 12
2026-08-06T10:39:13.930Z	WARN	RSS 824MB pinned=12 pool=14
2026-08-06T10:39:13.931Z	WARN	high pin count 12
2026-08-06T10:39:43.931Z	WARN	RSS 823MB pinned=12 pool=15
2026-08-06T10:39:43.932Z	WARN	high pin count 12
2026-08-06T10:40:13.935Z	WARN	RSS 823MB pinned=13 pool=17
2026-08-06T10:40:13.936Z	WARN	high pin count 13
2026-08-06T10:40:43.935Z	WARN	RSS 823MB pinned=12 pool=18
2026-08-06T10:40:43.935Z	WARN	high pin count 12
2026-08-06T10:41:13.935Z	WARN	RSS 823MB pinned=12 pool=19
2026-08-06T10:41:13.935Z	WARN	high pin count 12
2026-08-06T10:41:43.935Z	WARN	RSS 826MB pinned=12 pool=20
2026-08-06T10:41:43.936Z	WARN	high pin count 12
2026-08-06T10:42:13.936Z	WARN	RSS 829MB pinned=11 pool=20
2026-08-06T10:42:13.937Z	WARN	high pin count 11
2026-08-06T10:42:43.938Z	WARN	RSS 824MB pinned=12 pool=20
2026-08-06T10:42:43.938Z	WARN	high pin count 12
2026-08-06T10:43:13.938Z	WARN	RSS 824MB pinned=12 pool=19
2026-08-06T10:43:13.939Z	WARN	high pin count 12
2026-08-06T10:43:43.939Z	WARN	RSS 823MB pinned=12 pool=19
2026-08-06T10:43:43.939Z	WARN	high pin count 12
2026-08-06T10:44:13.939Z	WARN	RSS 829MB pinned=13 pool=17
2026-08-06T10:44:13.939Z	WARN	high pin count 13
2026-08-06T10:44:43.939Z	WARN	RSS 826MB pinned=13 pool=17
2026-08-06T10:44:43.940Z	WARN	high pin count 13
2026-08-06T10:45:13.940Z	WARN	RSS 829MB pinned=12 pool=17
2026-08-06T10:45:13.941Z	WARN	high pin count 12
2026-08-06T10:45:43.941Z	WARN	RSS 823MB pinned=11 pool=17
2026-08-06T10:45:43.941Z	WARN	high pin count 11
2026-08-06T10:46:13.943Z	WARN	RSS 823MB pinned=10 pool=16
2026-08-06T10:46:13.944Z	WARN	high pin count 10
2026-08-06T10:46:43.944Z	WARN	RSS 824MB pinned=9 pool=17
2026-08-06T10:46:43.944Z	WARN	high pin count 9
2026-08-06T10:47:13.944Z	WARN	RSS 826MB pinned=9 pool=18
2026-08-06T10:47:13.945Z	WARN	high pin count 9
2026-08-06T10:47:43.946Z	WARN	RSS 823MB pinned=9 pool=19
2026-08-06T10:47:43.947Z	WARN	high pin count 9
2026-08-06T10:48:13.947Z	WARN	RSS 823MB pinned=9 pool=19
2026-08-06T10:48:13.947Z	WARN	high pin count 9
2026-08-06T10:48:43.947Z	WARN	RSS 823MB pinned=9 pool=19
2026-08-06T10:48:43.947Z	WARN	high pin count 9
2026-08-06T10:49:13.946Z	WARN	RSS 826MB pinned=10 pool=17
2026-08-06T10:49:13.947Z	WARN	high pin count 10
2026-08-06T10:49:43.946Z	WARN	RSS 823MB pinned=10 pool=17
2026-08-06T10:49:43.946Z	WARN	high pin count 10
2026-08-06T10:50:13.947Z	WARN	RSS 823MB pinned=10 pool=15
2026-08-06T10:50:13.947Z	WARN	high pin count 10
2026-08-06T10:50:43.947Z	WARN	RSS 826MB pinned=9 pool=16
2026-08-06T10:50:43.948Z	WARN	high pin count 9
2026-08-06T10:51:13.948Z	WARN	RSS 826MB pinned=10 pool=17
2026-08-06T10:51:13.949Z	WARN	high pin count 10
2026-08-06T10:51:43.948Z	WARN	RSS 826MB pinned=11 pool=18
2026-08-06T10:51:43.948Z	WARN	high pin count 11
2026-08-06T10:52:13.948Z	WARN	RSS 829MB pinned=11 pool=17
2026-08-06T10:52:13.948Z	WARN	high pin count 11
2026-08-06T10:52:43.949Z	WARN	RSS 824MB pinned=11 pool=18
2026-08-06T10:52:43.950Z	WARN	high pin count 11
2026-08-06T10:53:13.950Z	WARN	RSS 827MB pinned=10 pool=18
2026-08-06T10:53:13.951Z	WARN	high pin count 10
2026-08-06T10:53:43.952Z	WARN	RSS 826MB pinned=9 pool=19
2026-08-06T10:53:43.952Z	WARN	high pin count 9
2026-08-06T10:54:13.953Z	WARN	RSS 824MB pinned=9 pool=18
2026-08-06T10:54:13.954Z	WARN	high pin count 9
2026-08-06T10:54:43.953Z	WARN	RSS 827MB pinned=9 pool=18
2026-08-06T10:54:43.954Z	WARN	high pin count 9
2026-08-06T10:55:13.959Z	WARN	RSS 827MB pinned=10 pool=18
2026-08-06T10:55:13.961Z	WARN	high pin count 10
2026-08-06T10:55:43.958Z	WARN	RSS 827MB pinned=10 pool=18
2026-08-06T10:55:43.959Z	WARN	high pin count 10
2026-08-06T10:56:13.959Z	WARN	RSS 824MB pinned=9 pool=16
2026-08-06T10:56:13.959Z	WARN	high pin count 9
2026-08-06T10:56:43.960Z	WARN	RSS 824MB pinned=9 pool=16
2026-08-06T10:56:43.961Z	WARN	high pin count 9
2026-08-06T10:57:13.962Z	WARN	RSS 824MB pinned=9 pool=15
2026-08-06T10:57:13.962Z	WARN	high pin count 9
2026-08-06T10:57:43.963Z	WARN	RSS 827MB pinned=9 pool=15
2026-08-06T10:57:43.964Z	WARN	high pin count 9
2026-08-06T10:58:13.962Z	WARN	RSS 827MB pinned=10 pool=15
2026-08-06T10:58:13.962Z	WARN	high pin count 10
2026-08-06T10:58:43.966Z	WARN	RSS 825MB pinned=9 pool=15
2026-08-06T10:58:43.968Z	WARN	high pin count 9
2026-08-06T10:59:13.966Z	WARN	RSS 826MB pinned=9 pool=15
2026-08-06T10:59:13.966Z	WARN	high pin count 9
2026-08-06T10:59:43.965Z	WARN	RSS 824MB pinned=10 pool=15
2026-08-06T10:59:43.966Z	WARN	high pin count 10
2026-08-06T11:00:14.035Z	WARN	RSS 833MB pinned=11 pool=14
2026-08-06T11:00:14.081Z	WARN	high pin count 11
2026-08-06T11:00:44.035Z	WARN	RSS 824MB pinned=11 pool=14
2026-08-06T11:00:44.035Z	WARN	high pin count 11
2026-08-06T11:01:14.051Z	WARN	RSS 825MB pinned=10 pool=15
2026-08-06T11:01:14.052Z	WARN	high pin count 10
2026-08-06T11:01:44.054Z	WARN	RSS 825MB pinned=11 pool=15
2026-08-06T11:01:44.055Z	WARN	high pin count 11
2026-08-06T11:02:14.053Z	WARN	RSS 825MB pinned=11 pool=14
2026-08-06T11:02:14.053Z	WARN	high pin count 11
2026-08-06T11:02:44.054Z	WARN	RSS 827MB pinned=10 pool=15
2026-08-06T11:02:44.054Z	WARN	high pin count 10
2026-08-06T11:03:14.054Z	WARN	RSS 827MB pinned=9 pool=15
2026-08-06T11:03:14.054Z	WARN	high pin count 9
2026-08-06T11:03:44.055Z	WARN	RSS 825MB pinned=10 pool=17
2026-08-06T11:03:44.056Z	WARN	high pin count 10
2026-08-06T11:04:14.055Z	WARN	RSS 828MB pinned=10 pool=16
2026-08-06T11:04:14.056Z	WARN	high pin count 10
2026-08-06T11:04:44.055Z	WARN	RSS 831MB pinned=10 pool=17
2026-08-06T11:04:44.056Z	WARN	high pin count 10
2026-08-06T11:05:14.055Z	WARN	RSS 826MB pinned=10 pool=17
2026-08-06T11:05:14.055Z	WARN	high pin count 10
2026-08-06T11:05:44.056Z	WARN	RSS 828MB pinned=10 pool=17
2026-08-06T11:05:44.056Z	WARN	high pin count 10
2026-08-06T11:06:14.056Z	WARN	RSS 829MB pinned=10 pool=15
2026-08-06T11:06:14.057Z	WARN	high pin count 10
2026-08-06T11:06:44.057Z	WARN	RSS 829MB pinned=11 pool=16
2026-08-06T11:06:44.057Z	WARN	high pin count 11
2026-08-06T11:07:14.058Z	WARN	RSS 829MB pinned=10 pool=16
2026-08-06T11:07:14.059Z	WARN	high pin count 10
2026-08-06T11:07:44.068Z	WARN	RSS 829MB pinned=9 pool=16
2026-08-06T11:07:44.069Z	WARN	high pin count 9
2026-08-06T11:08:14.061Z	WARN	RSS 829MB pinned=9 pool=15
2026-08-06T11:08:14.061Z	WARN	high pin count 9
2026-08-06T11:08:44.062Z	WARN	RSS 826MB pinned=9 pool=15
2026-08-06T11:08:44.062Z	WARN	high pin count 9
2026-08-06T11:09:14.063Z	WARN	RSS 830MB pinned=10 pool=16
2026-08-06T11:09:14.063Z	WARN	high pin count 10
2026-08-06T11:09:44.064Z	WARN	RSS 826MB pinned=10 pool=16
2026-08-06T11:09:44.064Z	WARN	high pin count 10
2026-08-06T11:10:14.070Z	WARN	RSS 826MB pinned=9 pool=16
2026-08-06T11:10:14.073Z	WARN	high pin count 9
2026-08-06T11:10:44.071Z	WARN	RSS 826MB pinned=11 pool=16
2026-08-06T11:10:44.072Z	WARN	high pin count 11
2026-08-06T11:11:14.071Z	WARN	RSS 826MB pinned=11 pool=16
2026-08-06T11:11:14.071Z	WARN	high pin count 11
2026-08-06T11:11:44.071Z	WARN	RSS 826MB pinned=10 pool=16
2026-08-06T11:11:44.072Z	WARN	high pin count 10
2026-08-06T11:12:14.071Z	WARN	RSS 826MB pinned=11 pool=15
2026-08-06T11:12:14.072Z	WARN	high pin count 11
2026-08-06T11:12:44.083Z	WARN	RSS 826MB pinned=10 pool=15
2026-08-06T11:12:44.084Z	WARN	high pin count 10
2026-08-06T11:13:14.072Z	WARN	RSS 826MB pinned=10 pool=14
2026-08-06T11:13:14.072Z	WARN	high pin count 10
2026-08-06T11:13:44.073Z	WARN	RSS 827MB pinned=11 pool=15
2026-08-06T11:13:44.073Z	WARN	high pin count 11
2026-08-06T11:14:14.073Z	WARN	RSS 826MB pinned=10 pool=15
2026-08-06T11:14:14.074Z	WARN	high pin count 10
2026-08-06T11:14:44.074Z	WARN	RSS 827MB pinned=9 pool=16
2026-08-06T11:14:44.074Z	WARN	high pin count 9
2026-08-06T11:15:14.078Z	WARN	RSS 827MB pinned=10 pool=16
2026-08-06T11:15:14.078Z	WARN	high pin count 10
2026-08-06T11:15:44.083Z	WARN	RSS 826MB pinned=10 pool=16
2026-08-06T11:15:44.084Z	WARN	high pin count 10
2026-08-06T11:16:14.083Z	WARN	RSS 829MB pinned=9 pool=14
2026-08-06T11:16:14.084Z	WARN	high pin count 9
2026-08-06T11:16:44.084Z	WARN	RSS 830MB pinned=9 pool=14
2026-08-06T11:16:44.084Z	WARN	high pin count 9
2026-08-06T11:17:14.123Z	WARN	RSS 832MB pinned=9 pool=14
2026-08-06T11:17:14.129Z	WARN	high pin count 9
2026-08-06T11:17:44.101Z	WARN	RSS 825MB pinned=10 pool=15
2026-08-06T11:17:44.101Z	WARN	high pin count 10
2026-08-06T11:18:14.100Z	WARN	RSS 828MB pinned=10 pool=14
2026-08-06T11:18:14.101Z	WARN	high pin count 10
2026-08-06T11:18:44.100Z	WARN	RSS 826MB pinned=9 pool=14
2026-08-06T11:18:44.101Z	WARN	high pin count 9
2026-08-06T11:19:14.101Z	WARN	RSS 827MB pinned=9 pool=15
2026-08-06T11:19:14.103Z	WARN	high pin count 9
2026-08-06T11:19:44.101Z	WARN	RSS 825MB pinned=9 pool=16
2026-08-06T11:19:44.102Z	WARN	high pin count 9
2026-08-06T11:20:14.101Z	WARN	RSS 825MB pinned=9 pool=17
2026-08-06T11:20:14.104Z	WARN	high pin count 9
2026-08-06T11:20:44.102Z	WARN	RSS 825MB pinned=10 pool=17
2026-08-06T11:20:44.105Z	WARN	high pin count 10
2026-08-06T11:21:14.100Z	WARN	RSS 825MB pinned=10 pool=17
2026-08-06T11:21:14.101Z	WARN	high pin count 10
2026-08-06T11:21:44.100Z	WARN	RSS 825MB pinned=9 pool=17
2026-08-06T11:21:44.101Z	WARN	high pin count 9
2026-08-06T11:22:14.101Z	WARN	RSS 825MB pinned=9 pool=17
2026-08-06T11:22:14.101Z	WARN	high pin count 9
2026-08-06T11:22:44.102Z	WARN	RSS 825MB pinned=9 pool=17
2026-08-06T11:22:44.103Z	WARN	high pin count 9
2026-08-06T11:23:14.103Z	WARN	RSS 825MB pinned=9 pool=15
2026-08-06T11:23:14.103Z	WARN	high pin count 9
2026-08-06T11:23:44.103Z	WARN	RSS 825MB pinned=9 pool=15
2026-08-06T11:23:44.103Z	WARN	high pin count 9
2026-08-06T11:24:14.103Z	WARN	RSS 826MB pinned=9 pool=13
2026-08-06T11:24:14.104Z	WARN	high pin count 9
2026-08-06T11:24:44.103Z	WARN	RSS 826MB pinned=9 pool=13
2026-08-06T11:24:44.104Z	WARN	high pin count 9
2026-08-06T11:25:14.106Z	WARN	RSS 826MB pinned=9 pool=10
2026-08-06T11:25:14.106Z	WARN	high pin count 9
2026-08-06T11:25:44.105Z	WARN	RSS 824MB pinned=9 pool=11
2026-08-06T11:25:44.106Z	WARN	high pin count 9
2026-08-06T11:26:14.105Z	WARN	RSS 824MB pinned=9 pool=11
2026-08-06T11:26:14.107Z	WARN	high pin count 9
2026-08-06T11:26:44.107Z	WARN	RSS 828MB pinned=9 pool=12
2026-08-06T11:26:44.107Z	WARN	high pin count 9
2026-08-06T11:27:14.111Z	WARN	RSS 827MB pinned=10 pool=12
2026-08-06T11:27:14.116Z	WARN	high pin count 10
2026-08-06T11:27:44.109Z	WARN	RSS 825MB pinned=11 pool=14
2026-08-06T11:27:44.109Z	WARN	high pin count 11
2026-08-06T11:28:14.110Z	WARN	RSS 825MB pinned=11 pool=14
2026-08-06T11:28:14.111Z	WARN	high pin count 11
2026-08-06T11:28:44.112Z	WARN	RSS 825MB pinned=10 pool=14
2026-08-06T11:28:44.113Z	WARN	high pin count 10
2026-08-06T11:29:14.114Z	WARN	RSS 826MB pinned=11 pool=13
2026-08-06T11:29:14.114Z	WARN	high pin count 11
2026-08-06T11:29:44.116Z	WARN	RSS 825MB pinned=11 pool=13
2026-08-06T11:29:44.121Z	WARN	high pin count 11
2026-08-06T11:30:14.115Z	WARN	RSS 825MB pinned=10 pool=13
2026-08-06T11:30:14.116Z	WARN	high pin count 10
2026-08-06T11:30:44.122Z	WARN	RSS 826MB pinned=10 pool=13
2026-08-06T11:30:44.123Z	WARN	high pin count 10
2026-08-06T11:31:14.147Z	WARN	RSS 825MB pinned=11 pool=13
2026-08-06T11:31:14.162Z	WARN	high pin count 11
2026-08-06T11:31:44.135Z	WARN	RSS 825MB pinned=11 pool=13
2026-08-06T11:31:44.136Z	WARN	high pin count 11
2026-08-06T11:32:14.136Z	WARN	RSS 825MB pinned=9 pool=13
2026-08-06T11:32:14.137Z	WARN	high pin count 9
2026-08-06T11:32:44.138Z	WARN	RSS 825MB pinned=10 pool=13
2026-08-06T11:32:44.143Z	WARN	high pin count 10
2026-08-06T11:33:14.138Z	WARN	RSS 825MB pinned=9 pool=12
2026-08-06T11:33:14.139Z	WARN	high pin count 9
2026-08-06T11:33:44.139Z	WARN	RSS 828MB pinned=11 pool=14
2026-08-06T11:33:44.140Z	WARN	high pin count 11
2026-08-06T11:34:14.141Z	WARN	RSS 828MB pinned=9 pool=14
2026-08-06T11:34:14.141Z	WARN	high pin count 9
2026-08-06T11:34:44.143Z	WARN	RSS 829MB pinned=10 pool=14
2026-08-06T11:34:44.143Z	WARN	high pin count 10
2026-08-06T11:35:14.143Z	WARN	RSS 829MB pinned=9 pool=14
2026-08-06T11:35:14.143Z	WARN	high pin count 9
2026-08-06T11:35:44.144Z	WARN	RSS 825MB pinned=10 pool=14
2026-08-06T11:35:44.145Z	WARN	high pin count 10
2026-08-06T11:36:14.146Z	WARN	RSS 825MB pinned=9 pool=13
2026-08-06T11:36:14.147Z	WARN	high pin count 9
2026-08-06T11:36:44.147Z	WARN	RSS 825MB pinned=10 pool=13
2026-08-06T11:36:44.148Z	WARN	high pin count 10
2026-08-06T11:37:14.147Z	WARN	RSS 825MB pinned=9 pool=12
2026-08-06T11:37:14.147Z	WARN	high pin count 9
2026-08-06T11:37:44.147Z	WARN	RSS 831MB pinned=10 pool=12
2026-08-06T11:37:44.147Z	WARN	high pin count 10
2026-08-06T11:38:14.147Z	WARN	RSS 824MB pinned=9 pool=12
2026-08-06T11:38:14.147Z	WARN	high pin count 9
2026-08-06T11:38:44.148Z	WARN	RSS 825MB pinned=10 pool=12
2026-08-06T11:38:44.148Z	WARN	high pin count 10
2026-08-06T11:39:14.149Z	WARN	RSS 826MB pinned=10 pool=13
2026-08-06T11:39:14.150Z	WARN	high pin count 10
2026-08-06T11:39:44.149Z	WARN	RSS 825MB pinned=11 pool=13
2026-08-06T11:39:44.150Z	WARN	high pin count 11
2026-08-06T11:40:14.150Z	WARN	RSS 825MB pinned=10 pool=13
2026-08-06T11:40:14.150Z	WARN	high pin count 10
2026-08-06T11:40:44.150Z	WARN	RSS 824MB pinned=12 pool=14
2026-08-06T11:40:44.150Z	WARN	high pin count 12
2026-08-06T11:41:14.151Z	WARN	RSS 824MB pinned=11 pool=14
2026-08-06T11:41:14.151Z	WARN	high pin count 11
2026-08-06T11:41:44.150Z	WARN	RSS 825MB pinned=12 pool=14
2026-08-06T11:41:44.151Z	WARN	high pin count 12
2026-08-06T11:42:14.152Z	WARN	RSS 825MB pinned=11 pool=13
2026-08-06T11:42:14.153Z	WARN	high pin count 11
2026-08-06T11:42:44.151Z	WARN	RSS 825MB pinned=11 pool=13
2026-08-06T11:42:44.153Z	WARN	high pin count 11
2026-08-06T11:43:14.151Z	WARN	RSS 825MB pinned=10 pool=13
2026-08-06T11:43:14.152Z	WARN	high pin count 10
2026-08-06T11:43:44.152Z	WARN	RSS 825MB pinned=10 pool=14
2026-08-06T11:43:44.153Z	WARN	high pin count 10
2026-08-06T11:44:14.153Z	WARN	RSS 825MB pinned=9 pool=14
2026-08-06T11:44:14.154Z	WARN	high pin count 9
2026-08-06T11:44:44.163Z	WARN	RSS 824MB pinned=9 pool=14
2026-08-06T11:44:44.163Z	WARN	high pin count 9
2026-08-06T11:45:14.165Z	WARN	RSS 827MB pinned=9 pool=14
2026-08-06T11:45:14.165Z	WARN	high pin count 9
2026-08-06T11:45:44.165Z	WARN	RSS 827MB pinned=9 pool=14
2026-08-06T11:45:44.166Z	WARN	high pin count 9
2026-08-06T11:46:14.165Z	WARN	RSS 830MB pinned=9 pool=13
2026-08-06T11:46:14.166Z	WARN	high pin count 9
2026-08-06T11:46:44.167Z	WARN	RSS 823MB pinned=9 pool=13
2026-08-06T11:46:44.168Z	WARN	high pin count 9
2026-08-06T11:47:14.168Z	WARN	RSS 822MB pinned=9 pool=11
2026-08-06T11:47:14.168Z	WARN	high pin count 9
2026-08-06T11:47:44.168Z	WARN	RSS 822MB pinned=9 pool=11
2026-08-06T11:47:44.168Z	WARN	high pin count 9
2026-08-06T11:48:14.168Z	WARN	RSS 823MB pinned=11 pool=12
2026-08-06T11:48:14.168Z	WARN	high pin count 11
2026-08-06T11:48:44.169Z	WARN	RSS 827MB pinned=12 pool=13
2026-08-06T11:48:44.169Z	WARN	high pin count 12
2026-08-06T11:49:14.170Z	WARN	RSS 827MB pinned=11 pool=13
2026-08-06T11:49:14.171Z	WARN	high pin count 11
2026-08-06T11:49:44.169Z	WARN	RSS 823MB pinned=12 pool=13
2026-08-06T11:49:44.170Z	WARN	high pin count 12
2026-08-06T11:50:14.170Z	WARN	RSS 824MB pinned=10 pool=13
2026-08-06T11:50:14.170Z	WARN	high pin count 10
2026-08-06T11:50:44.170Z	WARN	RSS 826MB pinned=10 pool=13
2026-08-06T11:50:44.170Z	WARN	high pin count 10
2026-08-06T11:51:14.170Z	WARN	RSS 823MB pinned=10 pool=13
2026-08-06T11:51:14.171Z	WARN	high pin count 10
2026-08-06T11:51:44.171Z	WARN	RSS 824MB pinned=10 pool=15
2026-08-06T11:51:44.172Z	WARN	high pin count 10
2026-08-06T11:52:14.171Z	WARN	RSS 827MB pinned=11 pool=17
2026-08-06T11:52:14.172Z	WARN	high pin count 11
2026-08-06T11:52:44.170Z	WARN	RSS 828MB pinned=14 pool=20
2026-08-06T11:52:44.170Z	WARN	high pin count 14
2026-08-06T11:53:14.172Z	WARN	RSS 825MB pinned=13 pool=19
2026-08-06T11:53:14.174Z	WARN	high pin count 13
2026-08-06T11:53:44.173Z	WARN	RSS 828MB pinned=15 pool=22
2026-08-06T11:53:44.174Z	WARN	high pin count 15
2026-08-06T11:54:14.173Z	WARN	RSS 825MB pinned=15 pool=21
2026-08-06T11:54:14.174Z	WARN	high pin count 15
2026-08-06T11:54:44.174Z	WARN	RSS 825MB pinned=15 pool=21
2026-08-06T11:54:44.175Z	WARN	high pin count 15
2026-08-06T11:55:14.203Z	WARN	RSS 828MB pinned=14 pool=19
2026-08-06T11:55:14.203Z	WARN	high pin count 14
2026-08-06T11:55:44.202Z	WARN	RSS 828MB pinned=15 pool=20
2026-08-06T11:55:44.202Z	WARN	high pin count 15
2026-08-06T11:56:14.204Z	WARN	RSS 831MB pinned=15 pool=20
2026-08-06T11:56:14.205Z	WARN	high pin count 15
2026-08-06T11:56:44.204Z	WARN	RSS 825MB pinned=13 pool=20
2026-08-06T11:56:44.205Z	WARN	high pin count 13
2026-08-06T11:57:14.204Z	WARN	RSS 825MB pinned=13 pool=18
2026-08-06T11:57:14.205Z	WARN	high pin count 13
2026-08-06T11:57:44.204Z	WARN	RSS 825MB pinned=13 pool=18
2026-08-06T11:57:44.205Z	WARN	high pin count 13
2026-08-06T11:58:14.205Z	WARN	RSS 825MB pinned=12 pool=19
2026-08-06T11:58:14.205Z	WARN	high pin count 12
2026-08-06T11:58:44.207Z	WARN	RSS 825MB pinned=13 pool=20
2026-08-06T11:58:44.207Z	WARN	high pin count 13
2026-08-06T11:59:14.226Z	WARN	RSS 827MB pinned=13 pool=19
2026-08-06T11:59:14.227Z	WARN	high pin count 13
2026-08-06T11:59:44.232Z	WARN	RSS 825MB pinned=13 pool=19
2026-08-06T11:59:44.236Z	WARN	high pin count 13
2026-08-06T12:00:14.476Z	WARN	RSS 826MB pinned=15 pool=16
2026-08-06T12:00:14.477Z	WARN	high pin count 15
2026-08-06T12:00:44.473Z	WARN	RSS 826MB pinned=14 pool=17
2026-08-06T12:00:44.476Z	WARN	high pin count 14
2026-08-06T12:01:14.482Z	WARN	RSS 826MB pinned=14 pool=17
2026-08-06T12:01:14.483Z	WARN	high pin count 14
2026-08-06T12:01:44.483Z	WARN	RSS 829MB pinned=14 pool=17
2026-08-06T12:01:44.484Z	WARN	high pin count 14
2026-08-06T12:02:14.484Z	WARN	RSS 826MB pinned=15 pool=17
2026-08-06T12:02:14.485Z	WARN	high pin count 15
2026-08-06T12:02:44.485Z	WARN	RSS 826MB pinned=15 pool=18
2026-08-06T12:02:44.485Z	WARN	high pin count 15
2026-08-06T12:03:14.485Z	WARN	RSS 829MB pinned=15 pool=19
2026-08-06T12:03:14.487Z	WARN	high pin count 15
2026-08-06T12:03:44.485Z	WARN	RSS 825MB pinned=14 pool=20
2026-08-06T12:03:44.486Z	WARN	high pin count 14
2026-08-06T12:04:14.485Z	WARN	RSS 826MB pinned=14 pool=20
2026-08-06T12:04:14.486Z	WARN	high pin count 14
2026-08-06T12:04:44.486Z	WARN	RSS 825MB pinned=14 pool=20
2026-08-06T12:04:44.487Z	WARN	high pin count 14
2026-08-06T12:05:14.486Z	WARN	RSS 831MB pinned=13 pool=19
2026-08-06T12:05:14.487Z	WARN	high pin count 13
2026-08-06T12:05:44.486Z	WARN	RSS 825MB pinned=13 pool=20
2026-08-06T12:05:44.487Z	WARN	high pin count 13
2026-08-06T12:06:14.487Z	WARN	RSS 826MB pinned=13 pool=18
2026-08-06T12:06:14.488Z	WARN	high pin count 13
2026-08-06T12:06:44.487Z	WARN	RSS 832MB pinned=13 pool=18
2026-08-06T12:06:44.488Z	WARN	high pin count 13
2026-08-06T12:07:14.489Z	WARN	RSS 825MB pinned=14 pool=17
2026-08-06T12:07:14.490Z	WARN	high pin count 14
2026-08-06T12:07:44.489Z	WARN	RSS 828MB pinned=14 pool=17
2026-08-06T12:07:44.489Z	WARN	high pin count 14
2026-08-06T12:08:14.489Z	WARN	RSS 825MB pinned=13 pool=16
2026-08-06T12:08:14.489Z	WARN	high pin count 13
2026-08-06T12:08:44.489Z	WARN	RSS 826MB pinned=12 pool=16
2026-08-06T12:08:44.490Z	WARN	high pin count 12
2026-08-06T12:09:14.490Z	WARN	RSS 826MB pinned=12 pool=16
2026-08-06T12:09:14.490Z	WARN	high pin count 12
2026-08-06T12:09:44.490Z	WARN	RSS 826MB pinned=12 pool=16
2026-08-06T12:09:44.491Z	WARN	high pin count 12
2026-08-06T12:10:14.491Z	WARN	RSS 826MB pinned=12 pool=15
2026-08-06T12:10:14.491Z	WARN	high pin count 12
2026-08-06T12:10:44.492Z	WARN	RSS 825MB pinned=12 pool=15
2026-08-06T12:10:44.492Z	WARN	high pin count 12
2026-08-06T12:11:14.491Z	WARN	RSS 826MB pinned=13 pool=16
2026-08-06T12:11:14.492Z	WARN	high pin count 13
2026-08-06T12:11:44.492Z	WARN	RSS 826MB pinned=13 pool=16
2026-08-06T12:11:44.493Z	WARN	high pin count 13
2026-08-06T12:12:14.493Z	WARN	RSS 826MB pinned=13 pool=14
2026-08-06T12:12:14.493Z	WARN	high pin count 13
2026-08-06T12:12:44.493Z	WARN	RSS 829MB pinned=11 pool=15
2026-08-06T12:12:44.494Z	WARN	high pin count 11
2026-08-06T12:13:14.494Z	WARN	RSS 829MB pinned=11 pool=16
2026-08-06T12:13:14.494Z	WARN	high pin count 11
2026-08-06T12:13:44.496Z	WARN	RSS 826MB pinned=10 pool=16
2026-08-06T12:13:44.496Z	WARN	high pin count 10
2026-08-06T12:14:14.495Z	WARN	RSS 829MB pinned=11 pool=17
2026-08-06T12:14:14.496Z	WARN	high pin count 11
2026-08-06T12:14:44.496Z	WARN	RSS 831MB pinned=11 pool=17
2026-08-06T12:14:44.496Z	WARN	high pin count 11
2026-08-06T12:15:14.497Z	WARN	RSS 835MB pinned=13 pool=18
2026-08-06T12:15:14.498Z	WARN	high pin count 13
2026-08-06T12:15:44.497Z	WARN	RSS 829MB pinned=13 pool=18
2026-08-06T12:15:44.497Z	WARN	high pin count 13
2026-08-06T12:16:14.498Z	WARN	RSS 827MB pinned=14 pool=18
2026-08-06T12:16:14.498Z	WARN	high pin count 14
2026-08-06T12:16:44.499Z	WARN	RSS 827MB pinned=14 pool=18
2026-08-06T12:16:44.500Z	WARN	high pin count 14
2026-08-06T12:17:14.503Z	WARN	RSS 826MB pinned=11 pool=17
2026-08-06T12:17:14.511Z	WARN	high pin count 11
2026-08-06T12:17:44.501Z	WARN	RSS 826MB pinned=11 pool=17
2026-08-06T12:17:44.501Z	WARN	high pin count 11
2026-08-06T12:18:14.501Z	WARN	RSS 827MB pinned=12 pool=17
2026-08-06T12:18:14.502Z	WARN	high pin count 12
2026-08-06T12:18:44.502Z	WARN	RSS 827MB pinned=12 pool=17
2026-08-06T12:18:44.503Z	WARN	high pin count 12
2026-08-06T12:19:14.503Z	WARN	RSS 831MB pinned=11 pool=16
2026-08-06T12:19:14.504Z	WARN	high pin count 11
2026-08-06T12:19:44.504Z	WARN	RSS 835MB pinned=11 pool=16
2026-08-06T12:19:44.504Z	WARN	high pin count 11
2026-08-06T12:20:14.532Z	WARN	RSS 827MB pinned=11 pool=16
2026-08-06T12:20:14.533Z	WARN	high pin count 11
2026-08-06T12:20:44.535Z	WARN	RSS 827MB pinned=10 pool=16
2026-08-06T12:20:44.535Z	WARN	high pin count 10
2026-08-06T12:21:14.535Z	WARN	RSS 827MB pinned=10 pool=14
2026-08-06T12:21:14.535Z	WARN	high pin count 10
2026-08-06T12:21:44.536Z	WARN	RSS 830MB pinned=10 pool=14
2026-08-06T12:21:44.537Z	WARN	high pin count 10
2026-08-06T12:22:14.535Z	WARN	RSS 829MB pinned=10 pool=14
2026-08-06T12:22:14.536Z	WARN	high pin count 10
2026-08-06T12:22:44.536Z	WARN	RSS 826MB pinned=9 pool=14
2026-08-06T12:22:44.536Z	WARN	high pin count 9
2026-08-06T12:23:14.536Z	WARN	RSS 827MB pinned=9 pool=13
2026-08-06T12:23:14.536Z	WARN	high pin count 9
2026-08-06T12:23:44.537Z	WARN	RSS 827MB pinned=9 pool=13
2026-08-06T12:23:44.537Z	WARN	high pin count 9
2026-08-06T12:24:14.538Z	WARN	RSS 827MB pinned=9 pool=12
2026-08-06T12:24:14.538Z	WARN	high pin count 9
2026-08-06T12:24:44.538Z	WARN	RSS 827MB pinned=9 pool=12
2026-08-06T12:24:44.538Z	WARN	high pin count 9
2026-08-06T12:25:14.539Z	WARN	RSS 827MB pinned=10 pool=13
2026-08-06T12:25:14.541Z	WARN	high pin count 10
2026-08-06T12:25:44.539Z	WARN	RSS 827MB pinned=10 pool=13
2026-08-06T12:25:44.540Z	WARN	high pin count 10
2026-08-06T12:26:14.541Z	WARN	RSS 828MB pinned=10 pool=11
2026-08-06T12:26:14.541Z	WARN	high pin count 10
2026-08-06T12:26:44.541Z	WARN	RSS 828MB pinned=10 pool=11
2026-08-06T12:26:44.541Z	WARN	high pin count 10
2026-08-06T12:27:14.541Z	WARN	RSS 827MB pinned=11 pool=12
2026-08-06T12:27:14.541Z	WARN	high pin count 11
2026-08-06T12:27:44.541Z	WARN	RSS 830MB pinned=11 pool=12
2026-08-06T12:27:44.542Z	WARN	high pin count 11
2026-08-06T12:28:14.544Z	WARN	RSS 830MB pinned=11 pool=11
2026-08-06T12:28:14.545Z	WARN	high pin count 11
2026-08-06T12:28:44.545Z	WARN	RSS 834MB pinned=11 pool=11
2026-08-06T12:28:44.546Z	WARN	high pin count 11
2026-08-06T12:29:14.546Z	WARN	RSS 828MB pinned=11 pool=12
2026-08-06T12:29:14.547Z	WARN	high pin count 11
2026-08-06T12:29:44.547Z	WARN	RSS 831MB pinned=11 pool=12
2026-08-06T12:29:44.548Z	WARN	high pin count 11
2026-08-06T12:30:14.549Z	WARN	RSS 831MB pinned=11 pool=12
2026-08-06T12:30:14.549Z	WARN	high pin count 11
2026-08-06T12:30:44.549Z	WARN	RSS 827MB pinned=11 pool=13
2026-08-06T12:30:44.550Z	WARN	high pin count 11
2026-08-06T12:31:14.554Z	WARN	RSS 828MB pinned=12 pool=13
2026-08-06T12:31:14.554Z	WARN	high pin count 12
2026-08-06T12:31:44.555Z	WARN	RSS 828MB pinned=11 pool=13
2026-08-06T12:31:44.558Z	WARN	high pin count 11
2026-08-06T12:32:14.554Z	WARN	RSS 828MB pinned=10 pool=13
2026-08-06T12:32:14.555Z	WARN	high pin count 10
2026-08-06T12:32:44.554Z	WARN	RSS 828MB pinned=11 pool=13
2026-08-06T12:32:44.555Z	WARN	high pin count 11
2026-08-06T12:33:14.555Z	WARN	RSS 828MB pinned=11 pool=13
2026-08-06T12:33:14.556Z	WARN	high pin count 11
2026-08-06T12:33:44.556Z	WARN	RSS 830MB pinned=10 pool=13
2026-08-06T12:33:44.557Z	WARN	high pin count 10
2026-08-06T12:34:14.556Z	WARN	RSS 828MB pinned=12 pool=15
2026-08-06T12:34:14.556Z	WARN	high pin count 12
2026-08-06T12:34:44.556Z	WARN	RSS 828MB pinned=11 pool=15
2026-08-06T12:34:44.556Z	WARN	high pin count 11
2026-08-06T12:35:14.557Z	WARN	RSS 828MB pinned=12 pool=14
2026-08-06T12:35:14.557Z	WARN	high pin count 12
2026-08-06T12:35:44.556Z	WARN	RSS 828MB pinned=13 pool=14
2026-08-06T12:35:44.557Z	WARN	high pin count 13
2026-08-06T12:36:14.556Z	WARN	RSS 834MB pinned=12 pool=14
2026-08-06T12:36:14.558Z	WARN	high pin count 12
2026-08-06T12:36:44.557Z	WARN	RSS 828MB pinned=12 pool=15
2026-08-06T12:36:44.557Z	WARN	high pin count 12
2026-08-06T12:37:14.557Z	WARN	RSS 831MB pinned=12 pool=16
2026-08-06T12:37:14.557Z	WARN	high pin count 12
2026-08-06T12:37:44.557Z	WARN	RSS 832MB pinned=10 pool=17
2026-08-06T12:37:44.558Z	WARN	high pin count 10
2026-08-06T12:38:14.558Z	WARN	RSS 831MB pinned=12 pool=17
2026-08-06T12:38:14.558Z	WARN	high pin count 12
2026-08-06T12:38:44.558Z	WARN	RSS 831MB pinned=12 pool=18
2026-08-06T12:38:44.558Z	WARN	high pin count 12
2026-08-06T12:39:14.558Z	WARN	RSS 831MB pinned=12 pool=16
2026-08-06T12:39:14.558Z	WARN	high pin count 12
2026-08-06T12:39:44.557Z	WARN	RSS 828MB pinned=12 pool=16
2026-08-06T12:39:44.557Z	WARN	high pin count 12
2026-08-06T12:40:14.558Z	WARN	RSS 828MB pinned=11 pool=16
2026-08-06T12:40:14.560Z	WARN	high pin count 11
2026-08-06T12:40:44.560Z	WARN	RSS 830MB pinned=11 pool=17
2026-08-06T12:40:44.561Z	WARN	high pin count 11
2026-08-06T12:41:14.561Z	WARN	RSS 830MB pinned=12 pool=17
2026-08-06T12:41:14.562Z	WARN	high pin count 12
2026-08-06T12:41:44.561Z	WARN	RSS 830MB pinned=12 pool=18
2026-08-06T12:41:44.562Z	WARN	high pin count 12
2026-08-06T12:42:14.562Z	WARN	RSS 833MB pinned=12 pool=18
2026-08-06T12:42:14.566Z	WARN	high pin count 12
2026-08-06T12:42:44.562Z	WARN	RSS 833MB pinned=11 pool=18
2026-08-06T12:42:44.562Z	WARN	high pin count 11
2026-08-06T12:43:14.563Z	WARN	RSS 833MB pinned=11 pool=20
2026-08-06T12:43:14.564Z	WARN	high pin count 11
2026-08-06T12:43:44.563Z	WARN	RSS 835MB pinned=12 pool=20
2026-08-06T12:43:44.564Z	WARN	high pin count 12
2026-08-06T12:44:14.564Z	WARN	RSS 832MB pinned=11 pool=18
2026-08-06T12:44:14.565Z	WARN	high pin count 11
2026-08-06T12:44:44.566Z	WARN	RSS 832MB pinned=11 pool=20
2026-08-06T12:44:44.567Z	WARN	high pin count 11
2026-08-06T12:45:14.565Z	WARN	RSS 832MB pinned=11 pool=18
2026-08-06T12:45:14.565Z	WARN	high pin count 11
2026-08-06T12:45:44.566Z	WARN	RSS 832MB pinned=11 pool=19
2026-08-06T12:45:44.566Z	WARN	high pin count 11
2026-08-06T12:46:14.567Z	WARN	RSS 833MB pinned=11 pool=17
2026-08-06T12:46:14.568Z	WARN	high pin count 11
2026-08-06T12:46:44.567Z	WARN	RSS 833MB pinned=12 pool=18
2026-08-06T12:46:44.568Z	WARN	high pin count 12
2026-08-06T12:47:14.567Z	WARN	RSS 834MB pinned=13 pool=18
2026-08-06T12:47:14.568Z	WARN	high pin count 13
2026-08-06T12:47:44.567Z	WARN	RSS 834MB pinned=13 pool=18
2026-08-06T12:47:44.568Z	WARN	high pin count 13
2026-08-06T12:48:14.568Z	WARN	RSS 836MB pinned=12 pool=16
2026-08-06T12:48:14.569Z	WARN	high pin count 12
2026-08-06T12:48:44.568Z	WARN	RSS 833MB pinned=12 pool=16
2026-08-06T12:48:44.569Z	WARN	high pin count 12
2026-08-06T12:49:14.568Z	WARN	RSS 839MB pinned=12 pool=17
2026-08-06T12:49:14.569Z	WARN	high pin count 12
2026-08-06T12:49:44.567Z	WARN	RSS 834MB pinned=13 pool=18
2026-08-06T12:49:44.567Z	WARN	high pin count 13
2026-08-06T12:50:14.569Z	WARN	RSS 834MB pinned=13 pool=18
2026-08-06T12:50:14.569Z	WARN	high pin count 13
2026-08-06T12:50:44.569Z	WARN	RSS 833MB pinned=13 pool=18
2026-08-06T12:50:44.570Z	WARN	high pin count 13
2026-08-06T12:51:14.569Z	WARN	RSS 839MB pinned=13 pool=17
2026-08-06T12:51:14.569Z	WARN	high pin count 13
2026-08-06T12:51:44.569Z	WARN	RSS 834MB pinned=13 pool=18
2026-08-06T12:51:44.569Z	WARN	high pin count 13
2026-08-06T12:52:14.571Z	WARN	RSS 834MB pinned=14 pool=18
2026-08-06T12:52:14.572Z	WARN	high pin count 14
2026-08-06T12:52:44.572Z	WARN	RSS 834MB pinned=14 pool=18
2026-08-06T12:52:44.573Z	WARN	high pin count 14
2026-08-06T12:53:14.576Z	WARN	RSS 834MB pinned=13 pool=17
2026-08-06T12:53:14.576Z	WARN	high pin count 13
2026-08-06T12:53:44.576Z	WARN	RSS 836MB pinned=14 pool=17
2026-08-06T12:53:44.576Z	WARN	high pin count 14
2026-08-06T12:54:14.576Z	WARN	RSS 837MB pinned=13 pool=17
2026-08-06T12:54:14.576Z	WARN	high pin count 13
2026-08-06T12:54:44.575Z	WARN	RSS 833MB pinned=14 pool=18
2026-08-06T12:54:44.576Z	WARN	high pin count 14
2026-08-06T12:55:14.576Z	WARN	RSS 834MB pinned=15 pool=18
2026-08-06T12:55:14.576Z	WARN	high pin count 15
2026-08-06T12:55:44.576Z	WARN	RSS 834MB pinned=14 pool=18
2026-08-06T12:55:44.576Z	WARN	high pin count 14
2026-08-06T12:56:14.584Z	WARN	RSS 834MB pinned=15 pool=18
2026-08-06T12:56:14.584Z	WARN	high pin count 15
2026-08-06T12:56:44.578Z	WARN	RSS 840MB pinned=15 pool=18
2026-08-06T12:56:44.579Z	WARN	high pin count 15
2026-08-06T12:57:14.579Z	WARN	RSS 834MB pinned=12 pool=18
2026-08-06T12:57:14.579Z	WARN	high pin count 12
2026-08-06T12:57:44.578Z	WARN	RSS 834MB pinned=13 pool=18
2026-08-06T12:57:44.579Z	WARN	high pin count 13
2026-08-06T12:58:14.580Z	WARN	RSS 833MB pinned=11 pool=17
2026-08-06T12:58:14.580Z	WARN	high pin count 11
2026-08-06T12:58:44.580Z	WARN	RSS 834MB pinned=12 pool=17
2026-08-06T12:58:44.580Z	WARN	high pin count 12
2026-08-06T12:59:14.580Z	WARN	RSS 834MB pinned=11 pool=17
2026-08-06T12:59:14.581Z	WARN	high pin count 11
2026-08-06T12:59:44.581Z	WARN	RSS 833MB pinned=11 pool=17
2026-08-06T12:59:44.582Z	WARN	high pin count 11
2026-08-06T13:00:14.588Z	WARN	RSS 834MB pinned=11 pool=15
2026-08-06T13:00:14.589Z	WARN	high pin count 11
2026-08-06T13:00:44.586Z	WARN	RSS 834MB pinned=11 pool=16
2026-08-06T13:00:44.586Z	WARN	high pin count 11
2026-08-06T13:01:14.592Z	WARN	RSS 834MB pinned=13 pool=15
2026-08-06T13:01:14.593Z	WARN	high pin count 13
2026-08-06T13:01:44.593Z	WARN	RSS 837MB pinned=12 pool=15
2026-08-06T13:01:44.593Z	WARN	high pin count 12
2026-08-06T13:02:14.594Z	WARN	RSS 837MB pinned=13 pool=16
2026-08-06T13:02:14.594Z	WARN	high pin count 13
2026-08-06T13:02:44.595Z	WARN	RSS 838MB pinned=14 pool=16
2026-08-06T13:02:44.596Z	WARN	high pin count 14
2026-08-06T13:03:14.596Z	WARN	RSS 834MB pinned=13 pool=15
2026-08-06T13:03:14.597Z	WARN	high pin count 13
2026-08-06T13:03:44.595Z	WARN	RSS 835MB pinned=16 pool=17
2026-08-06T13:03:44.596Z	WARN	high pin count 16
2026-08-06T13:04:14.596Z	WARN	RSS 835MB pinned=12 pool=17
2026-08-06T13:04:14.596Z	WARN	high pin count 12
2026-08-06T13:04:44.596Z	WARN	RSS 838MB pinned=12 pool=17
2026-08-06T13:04:44.596Z	WARN	high pin count 12
2026-08-06T13:05:14.607Z	WARN	RSS 835MB pinned=12 pool=17
2026-08-06T13:05:14.607Z	WARN	high pin count 12
2026-08-06T13:05:44.609Z	WARN	RSS 838MB pinned=9 pool=17
2026-08-06T13:05:44.610Z	WARN	high pin count 9
2026-08-06T13:06:14.610Z	WARN	RSS 834MB pinned=12 pool=17
2026-08-06T13:06:14.610Z	WARN	high pin count 12
2026-08-06T13:06:44.611Z	WARN	RSS 835MB pinned=12 pool=17
2026-08-06T13:06:44.612Z	WARN	high pin count 12
2026-08-06T13:07:14.611Z	WARN	RSS 838MB pinned=13 pool=17
2026-08-06T13:07:14.612Z	WARN	high pin count 13
2026-08-06T13:07:44.613Z	WARN	RSS 834MB pinned=11 pool=17
2026-08-06T13:07:44.613Z	WARN	high pin count 11
2026-08-06T13:08:14.613Z	WARN	RSS 837MB pinned=11 pool=15
2026-08-06T13:08:14.613Z	WARN	high pin count 11
2026-08-06T13:08:44.614Z	WARN	RSS 838MB pinned=12 pool=16
2026-08-06T13:08:44.614Z	WARN	high pin count 12
2026-08-06T13:09:14.618Z	WARN	RSS 835MB pinned=14 pool=16
2026-08-06T13:09:14.618Z	WARN	high pin count 14
2026-08-06T13:09:44.614Z	WARN	RSS 834MB pinned=12 pool=16
2026-08-06T13:09:44.614Z	WARN	high pin count 12
2026-08-06T13:10:14.618Z	WARN	RSS 834MB pinned=11 pool=16
2026-08-06T13:10:14.619Z	WARN	high pin count 11
2026-08-06T13:10:44.617Z	WARN	RSS 838MB pinned=10 pool=16
2026-08-06T13:10:44.628Z	WARN	high pin count 10
2026-08-06T13:11:14.615Z	WARN	RSS 834MB pinned=10 pool=15
2026-08-06T13:11:14.616Z	WARN	high pin count 10
2026-08-06T13:11:44.615Z	WARN	RSS 834MB pinned=9 pool=15
2026-08-06T13:11:44.615Z	WARN	high pin count 9
2026-08-06T13:12:14.616Z	WARN	RSS 834MB pinned=9 pool=16
2026-08-06T13:12:14.617Z	WARN	high pin count 9
2026-08-06T13:12:44.618Z	WARN	RSS 834MB pinned=10 pool=16
2026-08-06T13:12:44.618Z	WARN	high pin count 10
2026-08-06T13:13:14.619Z	WARN	RSS 834MB pinned=10 pool=14
2026-08-06T13:13:14.619Z	WARN	high pin count 10
2026-08-06T13:13:44.619Z	WARN	RSS 840MB pinned=10 pool=14
2026-08-06T13:13:44.619Z	WARN	high pin count 10
2026-08-06T13:14:14.619Z	WARN	RSS 833MB pinned=10 pool=14
2026-08-06T13:14:14.620Z	WARN	high pin count 10
2026-08-06T13:14:44.619Z	WARN	RSS 833MB pinned=10 pool=14
2026-08-06T13:14:44.620Z	WARN	high pin count 10
2026-08-06T13:15:14.619Z	WARN	RSS 834MB pinned=10 pool=13
2026-08-06T13:15:14.620Z	WARN	high pin count 10
2026-08-06T13:15:44.625Z	WARN	RSS 833MB pinned=10 pool=13
2026-08-06T13:15:44.628Z	WARN	high pin count 10
2026-08-06T13:16:14.626Z	WARN	RSS 834MB pinned=10 pool=14
2026-08-06T13:16:14.626Z	WARN	high pin count 10
2026-08-06T13:16:44.627Z	WARN	RSS 834MB pinned=10 pool=15
2026-08-06T13:16:44.627Z	WARN	high pin count 10
2026-08-06T13:17:14.655Z	WARN	RSS 837MB pinned=11 pool=15
2026-08-06T13:17:14.658Z	WARN	high pin count 11
2026-08-06T13:17:44.631Z	WARN	RSS 840MB pinned=11 pool=15
2026-08-06T13:17:44.631Z	WARN	high pin count 11
2026-08-06T13:18:14.631Z	WARN	RSS 836MB pinned=12 pool=14
2026-08-06T13:18:14.632Z	WARN	high pin count 12
2026-08-06T13:18:44.632Z	WARN	RSS 840MB pinned=12 pool=14
2026-08-06T13:18:44.633Z	WARN	high pin count 12
2026-08-06T13:19:14.632Z	WARN	RSS 833MB pinned=11 pool=15
2026-08-06T13:19:14.633Z	WARN	high pin count 11
2026-08-06T13:19:44.633Z	WARN	RSS 833MB pinned=12 pool=16
2026-08-06T13:19:44.634Z	WARN	high pin count 12
2026-08-06T13:20:14.634Z	WARN	RSS 833MB pinned=12 pool=16
2026-08-06T13:20:14.634Z	WARN	high pin count 12
2026-08-06T13:20:44.634Z	WARN	RSS 836MB pinned=12 pool=16
2026-08-06T13:20:44.634Z	WARN	high pin count 12
2026-08-06T13:21:14.635Z	WARN	RSS 833MB pinned=12 pool=18
2026-08-06T13:21:14.635Z	WARN	high pin count 12
2026-08-06T13:21:44.635Z	WARN	RSS 833MB pinned=12 pool=19
2026-08-06T13:21:44.636Z	WARN	high pin count 12
2026-08-06T13:22:14.636Z	WARN	RSS 833MB pinned=11 pool=17
2026-08-06T13:22:14.636Z	WARN	high pin count 11
2026-08-06T13:22:44.636Z	WARN	RSS 833MB pinned=11 pool=17
2026-08-06T13:22:44.636Z	WARN	high pin count 11
2026-08-06T13:23:14.637Z	WARN	RSS 832MB pinned=11 pool=16
2026-08-06T13:23:14.637Z	WARN	high pin count 11
2026-08-06T13:23:44.638Z	WARN	RSS 832MB pinned=12 pool=16
2026-08-06T13:23:44.638Z	WARN	high pin count 12
2026-08-06T13:24:14.638Z	WARN	RSS 832MB pinned=12 pool=16
2026-08-06T13:24:14.640Z	WARN	high pin count 12
2026-08-06T13:24:44.639Z	WARN	RSS 832MB pinned=11 pool=16
2026-08-06T13:24:44.640Z	WARN	high pin count 11
2026-08-06T13:25:14.640Z	WARN	RSS 832MB pinned=12 pool=15
2026-08-06T13:25:14.642Z	WARN	high pin count 12
2026-08-06T13:25:44.640Z	WARN	RSS 832MB pinned=11 pool=15
2026-08-06T13:25:44.640Z	WARN	high pin count 11
2026-08-06T13:26:14.640Z	WARN	RSS 837MB pinned=12 pool=15
2026-08-06T13:26:14.640Z	WARN	high pin count 12
2026-08-06T13:26:44.639Z	WARN	RSS 836MB pinned=12 pool=15
2026-08-06T13:26:44.640Z	WARN	high pin count 12
2026-08-06T13:27:14.641Z	WARN	RSS 833MB pinned=11 pool=16
2026-08-06T13:27:14.641Z	WARN	high pin count 11
2026-08-06T13:27:44.640Z	WARN	RSS 833MB pinned=11 pool=16
2026-08-06T13:27:44.641Z	WARN	high pin count 11
2026-08-06T13:28:14.641Z	WARN	RSS 833MB pinned=11 pool=15
2026-08-06T13:28:14.642Z	WARN	high pin count 11
2026-08-06T13:28:44.641Z	WARN	RSS 836MB pinned=10 pool=15
2026-08-06T13:28:44.642Z	WARN	high pin count 10
2026-08-06T13:29:14.642Z	WARN	RSS 836MB pinned=10 pool=14
2026-08-06T13:29:14.643Z	WARN	high pin count 10
2026-08-06T13:29:44.645Z	WARN	RSS 835MB pinned=10 pool=14
2026-08-06T13:29:44.645Z	WARN	high pin count 10
2026-08-06T13:30:14.654Z	WARN	RSS 833MB pinned=10 pool=14
2026-08-06T13:30:14.654Z	WARN	high pin count 10
2026-08-06T13:30:44.654Z	WARN	RSS 834MB pinned=10 pool=14
2026-08-06T13:30:44.654Z	WARN	high pin count 10
2026-08-06T13:31:14.654Z	WARN	RSS 834MB pinned=10 pool=12
2026-08-06T13:31:14.655Z	WARN	high pin count 10
2026-08-06T13:31:44.655Z	WARN	RSS 832MB pinned=10 pool=13
2026-08-06T13:31:44.656Z	WARN	high pin count 10
2026-08-06T13:32:14.656Z	WARN	RSS 833MB pinned=11 pool=14
2026-08-06T13:32:14.656Z	WARN	high pin count 11
2026-08-06T13:32:44.655Z	WARN	RSS 833MB pinned=11 pool=14
2026-08-06T13:32:44.656Z	WARN	high pin count 11
2026-08-06T13:33:14.656Z	WARN	RSS 833MB pinned=11 pool=14
2026-08-06T13:33:14.656Z	WARN	high pin count 11
2026-08-06T13:33:44.658Z	WARN	RSS 836MB pinned=12 pool=15
2026-08-06T13:33:44.658Z	WARN	high pin count 12
2026-08-06T13:34:14.658Z	WARN	RSS 833MB pinned=12 pool=16
2026-08-06T13:34:14.659Z	WARN	high pin count 12
2026-08-06T13:34:44.661Z	WARN	RSS 837MB pinned=12 pool=17
2026-08-06T13:34:44.662Z	WARN	high pin count 12
2026-08-06T13:35:14.661Z	WARN	RSS 836MB pinned=12 pool=16
2026-08-06T13:35:14.662Z	WARN	high pin count 12
2026-08-06T13:35:44.661Z	WARN	RSS 834MB pinned=10 pool=16
2026-08-06T13:35:44.661Z	WARN	high pin count 10
2026-08-06T13:36:14.662Z	WARN	RSS 834MB pinned=10 pool=16
2026-08-06T13:36:14.663Z	WARN	high pin count 10
2026-08-06T13:36:44.713Z	WARN	RSS 834MB pinned=10 pool=16
2026-08-06T13:36:44.715Z	WARN	high pin count 10
2026-08-06T13:37:14.713Z	WARN	RSS 833MB pinned=10 pool=15
2026-08-06T13:37:14.713Z	WARN	high pin count 10
2026-08-06T13:37:44.713Z	WARN	RSS 833MB pinned=10 pool=15
2026-08-06T13:37:44.713Z	WARN	high pin count 10
2026-08-06T13:38:14.715Z	WARN	RSS 837MB pinned=11 pool=15
2026-08-06T13:38:14.716Z	WARN	high pin count 11
2026-08-06T13:38:44.715Z	WARN	RSS 837MB pinned=11 pool=15
2026-08-06T13:38:44.716Z	WARN	high pin count 11
2026-08-06T13:39:14.716Z	WARN	RSS 837MB pinned=11 pool=15
2026-08-06T13:39:14.717Z	WARN	high pin count 11
2026-08-06T13:39:44.717Z	WARN	RSS 834MB pinned=11 pool=15
2026-08-06T13:39:44.718Z	WARN	high pin count 11
2026-08-06T13:40:14.724Z	WARN	RSS 834MB pinned=11 pool=17
2026-08-06T13:40:14.725Z	WARN	high pin count 11
2026-08-06T13:40:44.726Z	WARN	RSS 837MB pinned=13 pool=18
2026-08-06T13:40:44.726Z	WARN	high pin count 13
2026-08-06T13:41:14.726Z	WARN	RSS 837MB pinned=12 pool=17
2026-08-06T13:41:14.726Z	WARN	high pin count 12
2026-08-06T13:41:44.727Z	WARN	RSS 834MB pinned=12 pool=17
2026-08-06T13:41:44.728Z	WARN	high pin count 12
2026-08-06T13:42:14.728Z	WARN	RSS 837MB pinned=11 pool=16
2026-08-06T13:42:14.729Z	WARN	high pin count 11
2026-08-06T13:42:44.728Z	WARN	RSS 840MB pinned=11 pool=16
2026-08-06T13:42:44.729Z	WARN	high pin count 11
2026-08-06T13:43:14.729Z	WARN	RSS 834MB pinned=11 pool=16
2026-08-06T13:43:14.730Z	WARN	high pin count 11
2026-08-06T13:43:44.730Z	WARN	RSS 834MB pinned=11 pool=16
2026-08-06T13:43:44.731Z	WARN	high pin count 11
2026-08-06T13:44:14.730Z	WARN	RSS 841MB pinned=11 pool=13
2026-08-06T13:44:14.731Z	WARN	high pin count 11
2026-08-06T13:44:44.730Z	WARN	RSS 834MB pinned=12 pool=14
2026-08-06T13:44:44.731Z	WARN	high pin count 12
2026-08-06T13:45:14.732Z	WARN	RSS 834MB pinned=12 pool=15
2026-08-06T13:45:14.741Z	WARN	high pin count 12
2026-08-06T13:45:44.732Z	WARN	RSS 834MB pinned=11 pool=15
2026-08-06T13:45:44.732Z	WARN	high pin count 11
2026-08-06T13:46:14.732Z	WARN	RSS 835MB pinned=12 pool=15
2026-08-06T13:46:14.733Z	WARN	high pin count 12
2026-08-06T13:46:44.734Z	WARN	RSS 834MB pinned=12 pool=15
2026-08-06T13:46:44.734Z	WARN	high pin count 12
2026-08-06T13:47:14.735Z	WARN	RSS 834MB pinned=10 pool=13
2026-08-06T13:47:14.737Z	WARN	high pin count 10
2026-08-06T13:47:44.737Z	WARN	RSS 834MB pinned=11 pool=13
2026-08-06T13:47:44.737Z	WARN	high pin count 11
2026-08-06T13:48:14.738Z	WARN	RSS 837MB pinned=10 pool=12
2026-08-06T13:48:14.738Z	WARN	high pin count 10
2026-08-06T13:48:44.738Z	WARN	RSS 838MB pinned=9 pool=12
2026-08-06T13:48:44.739Z	WARN	high pin count 9
2026-08-06T13:49:14.737Z	WARN	RSS 838MB pinned=10 pool=11
2026-08-06T13:49:14.737Z	WARN	high pin count 10
2026-08-06T13:49:44.739Z	WARN	RSS 834MB pinned=11 pool=11
2026-08-06T13:49:44.739Z	WARN	high pin count 11
2026-08-06T13:50:14.739Z	WARN	RSS 837MB pinned=11 pool=13
2026-08-06T13:50:14.740Z	WARN	high pin count 11
2026-08-06T13:50:44.739Z	WARN	RSS 843MB pinned=10 pool=13
2026-08-06T13:50:44.740Z	WARN	high pin count 10
2026-08-06T13:51:14.740Z	WARN	RSS 833MB pinned=11 pool=13
2026-08-06T13:51:14.743Z	WARN	high pin count 11
2026-08-06T13:51:44.740Z	WARN	RSS 833MB pinned=11 pool=14
2026-08-06T13:51:44.741Z	WARN	high pin count 11
2026-08-06T13:52:14.740Z	WARN	RSS 833MB pinned=10 pool=15
2026-08-06T13:52:14.741Z	WARN	high pin count 10
2026-08-06T13:52:44.740Z	WARN	RSS 836MB pinned=11 pool=15
2026-08-06T13:52:44.740Z	WARN	high pin count 11
2026-08-06T13:53:14.740Z	WARN	RSS 838MB pinned=11 pool=15
2026-08-06T13:53:14.740Z	WARN	high pin count 11
2026-08-06T13:53:44.740Z	WARN	RSS 838MB pinned=9 pool=15
2026-08-06T13:53:44.740Z	WARN	high pin count 9
2026-08-06T13:54:14.741Z	WARN	RSS 839MB pinned=11 pool=15
2026-08-06T13:54:14.742Z	WARN	high pin count 11
2026-08-06T13:54:44.741Z	WARN	RSS 839MB pinned=11 pool=15
2026-08-06T13:54:44.741Z	WARN	high pin count 11
2026-08-06T13:55:14.741Z	WARN	RSS 842MB pinned=10 pool=13
2026-08-06T13:55:14.742Z	WARN	high pin count 10
2026-08-06T13:55:44.742Z	WARN	RSS 839MB pinned=10 pool=13
2026-08-06T13:55:44.742Z	WARN	high pin count 10
2026-08-06T13:56:14.744Z	WARN	RSS 840MB pinned=11 pool=15
2026-08-06T13:56:14.744Z	WARN	high pin count 11
2026-08-06T13:56:44.744Z	WARN	RSS 843MB pinned=11 pool=16
2026-08-06T13:56:44.744Z	WARN	high pin count 11
2026-08-06T13:57:14.744Z	WARN	RSS 839MB pinned=11 pool=15
2026-08-06T13:57:14.744Z	WARN	high pin count 11
2026-08-06T13:57:44.745Z	WARN	RSS 839MB pinned=11 pool=15
2026-08-06T13:57:44.746Z	WARN	high pin count 11
2026-08-06T13:58:14.745Z	WARN	RSS 839MB pinned=11 pool=14
2026-08-06T13:58:14.745Z	WARN	high pin count 11
2026-08-06T13:58:44.746Z	WARN	RSS 839MB pinned=11 pool=14
2026-08-06T13:58:44.746Z	WARN	high pin count 11
2026-08-06T13:59:14.752Z	WARN	RSS 840MB pinned=9 pool=13
2026-08-06T13:59:14.753Z	WARN	high pin count 9
2026-08-06T13:59:44.753Z	WARN	RSS 840MB pinned=9 pool=13
2026-08-06T13:59:44.753Z	WARN	high pin count 9
2026-08-06T14:00:14.753Z	WARN	RSS 840MB pinned=9 pool=13
2026-08-06T14:00:14.753Z	WARN	high pin count 9
2026-08-06T14:00:44.760Z	WARN	RSS 838MB pinned=9 pool=13
2026-08-06T14:00:44.761Z	WARN	high pin count 9
2026-08-06T14:01:14.760Z	WARN	RSS 839MB pinned=10 pool=13
2026-08-06T14:01:14.761Z	WARN	high pin count 10
2026-08-06T14:01:44.760Z	WARN	RSS 839MB pinned=10 pool=13
2026-08-06T14:01:44.760Z	WARN	high pin count 10
2026-08-06T14:02:14.761Z	WARN	RSS 839MB pinned=10 pool=12
2026-08-06T14:02:14.761Z	WARN	high pin count 10
2026-08-06T14:02:44.761Z	WARN	RSS 839MB pinned=10 pool=12
2026-08-06T14:02:44.761Z	WARN	high pin count 10
2026-08-06T14:03:14.761Z	WARN	RSS 839MB pinned=9 pool=12
2026-08-06T14:03:14.761Z	WARN	high pin count 9
2026-08-06T14:03:44.762Z	WARN	RSS 839MB pinned=9 pool=13
2026-08-06T14:03:44.763Z	WARN	high pin count 9
2026-08-06T14:04:14.764Z	WARN	RSS 839MB pinned=10 pool=13
2026-08-06T14:04:14.766Z	WARN	high pin count 10
2026-08-06T14:04:44.764Z	WARN	RSS 839MB pinned=10 pool=13
2026-08-06T14:04:44.765Z	WARN	high pin count 10
2026-08-06T14:05:14.766Z	WARN	RSS 839MB pinned=9 pool=12
2026-08-06T14:05:14.767Z	WARN	high pin count 9
2026-08-06T14:05:44.766Z	WARN	RSS 838MB pinned=9 pool=12
2026-08-06T14:05:44.767Z	WARN	high pin count 9
2026-08-06T14:06:14.766Z	WARN	RSS 838MB pinned=9 pool=12
2026-08-06T14:06:14.766Z	WARN	high pin count 9
2026-08-06T14:06:44.767Z	WARN	RSS 838MB pinned=9 pool=12
2026-08-06T14:06:44.767Z	WARN	high pin count 9
2026-08-06T14:07:14.768Z	WARN	RSS 838MB pinned=9 pool=10
2026-08-06T14:07:14.768Z	WARN	high pin count 9
2026-08-06T14:07:44.769Z	WARN	RSS 841MB pinned=9 pool=10
2026-08-06T14:07:44.770Z	WARN	high pin count 9
2026-08-06T14:08:14.770Z	WARN	RSS 837MB pinned=9 pool=10
2026-08-06T14:08:14.770Z	WARN	high pin count 9
2026-08-06T14:08:44.770Z	WARN	RSS 838MB pinned=9 pool=10
2026-08-06T14:08:44.771Z	WARN	high pin count 9
2026-08-06T14:09:14.772Z	WARN	RSS 838MB pinned=9 pool=10
2026-08-06T14:09:14.773Z	WARN	high pin count 9
2026-08-06T14:09:44.779Z	WARN	RSS 838MB pinned=9 pool=11
2026-08-06T14:09:44.780Z	WARN	high pin count 9
2026-08-06T14:10:14.780Z	WARN	RSS 840MB pinned=9 pool=11
2026-08-06T14:10:14.781Z	WARN	high pin count 9
2026-08-06T14:10:44.781Z	WARN	RSS 839MB pinned=9 pool=11
2026-08-06T14:10:44.782Z	WARN	high pin count 9
2026-08-06T14:11:14.783Z	WARN	RSS 837MB pinned=9 pool=10
2026-08-06T14:11:14.783Z	WARN	high pin count 9
2026-08-06T14:11:44.783Z	WARN	RSS 836MB pinned=9 pool=10
2026-08-06T14:11:44.784Z	WARN	high pin count 9
2026-08-06T14:12:14.787Z	WARN	RSS 837MB pinned=9 pool=10
2026-08-06T14:12:14.804Z	WARN	high pin count 9
2026-08-06T14:12:44.785Z	WARN	RSS 837MB pinned=9 pool=10
2026-08-06T14:12:44.786Z	WARN	high pin count 9
2026-08-06T14:13:14.785Z	WARN	RSS 836MB pinned=10 pool=10
2026-08-06T14:13:14.785Z	WARN	high pin count 10
2026-08-06T14:13:44.787Z	WARN	RSS 836MB pinned=10 pool=10
2026-08-06T14:13:44.788Z	WARN	high pin count 10
2026-08-06T14:14:14.787Z	WARN	RSS 839MB pinned=10 pool=10
2026-08-06T14:14:14.787Z	WARN	high pin count 10
2026-08-06T14:14:44.788Z	WARN	RSS 836MB pinned=9 pool=11
2026-08-06T14:14:44.788Z	WARN	high pin count 9
2026-08-06T14:15:14.793Z	WARN	RSS 836MB pinned=9 pool=11
2026-08-06T14:15:14.804Z	WARN	high pin count 9
2026-08-06T14:15:44.790Z	WARN	RSS 836MB pinned=9 pool=11
2026-08-06T14:15:44.790Z	WARN	high pin count 9
2026-08-06T14:16:14.791Z	WARN	RSS 835MB pinned=9 pool=11
2026-08-06T14:16:14.792Z	WARN	high pin count 9
2026-08-06T14:16:44.792Z	WARN	RSS 836MB pinned=9 pool=12
2026-08-06T14:16:44.793Z	WARN	high pin count 9
2026-08-06T14:17:14.828Z	WARN	RSS 836MB pinned=9 pool=12
2026-08-06T14:17:14.829Z	WARN	high pin count 9
2026-08-06T14:17:44.803Z	WARN	RSS 837MB pinned=10 pool=12
2026-08-06T14:17:44.804Z	WARN	high pin count 10
2026-08-06T14:18:14.802Z	WARN	RSS 837MB pinned=10 pool=11
2026-08-06T14:18:14.802Z	WARN	high pin count 10
2026-08-06T14:18:44.803Z	WARN	RSS 837MB pinned=10 pool=11
2026-08-06T14:18:44.803Z	WARN	high pin count 10
2026-08-06T14:19:14.804Z	WARN	RSS 837MB pinned=10 pool=11
2026-08-06T14:19:14.804Z	WARN	high pin count 10
2026-08-06T14:19:44.804Z	WARN	RSS 837MB pinned=9 pool=11
2026-08-06T14:19:44.804Z	WARN	high pin count 9
2026-08-06T14:20:14.812Z	WARN	RSS 837MB pinned=9 pool=11
2026-08-06T14:20:14.813Z	WARN	high pin count 9
2026-08-06T14:20:44.810Z	WARN	RSS 836MB pinned=9 pool=11
2026-08-06T14:20:44.811Z	WARN	high pin count 9
2026-08-06T14:21:14.811Z	WARN	RSS 836MB pinned=9 pool=11
2026-08-06T14:21:14.811Z	WARN	high pin count 9
2026-08-06T14:21:44.811Z	WARN	RSS 836MB pinned=10 pool=12
2026-08-06T14:21:44.811Z	WARN	high pin count 10
2026-08-06T14:22:14.811Z	WARN	RSS 839MB pinned=10 pool=12
2026-08-06T14:22:14.812Z	WARN	high pin count 10
2026-08-06T14:22:44.811Z	WARN	RSS 845MB pinned=10 pool=13
2026-08-06T14:22:44.812Z	WARN	high pin count 10
2026-08-06T14:23:14.818Z	WARN	RSS 845MB pinned=11 pool=12
2026-08-06T14:23:14.818Z	WARN	high pin count 11
2026-08-06T14:23:44.818Z	WARN	RSS 842MB pinned=10 pool=12
2026-08-06T14:23:44.819Z	WARN	high pin count 10
2026-08-06T14:24:14.820Z	WARN	RSS 843MB pinned=10 pool=12
2026-08-06T14:24:14.820Z	WARN	high pin count 10
2026-08-06T14:24:44.820Z	WARN	RSS 839MB pinned=10 pool=12
2026-08-06T14:24:44.820Z	WARN	high pin count 10
2026-08-06T14:25:14.853Z	WARN	RSS 837MB pinned=10 pool=12
2026-08-06T14:25:14.854Z	WARN	high pin count 10
2026-08-06T14:25:44.854Z	WARN	RSS 837MB pinned=10 pool=12
2026-08-06T14:25:44.855Z	WARN	high pin count 10
2026-08-06T14:26:14.855Z	WARN	RSS 837MB pinned=10 pool=12
2026-08-06T14:26:14.855Z	WARN	high pin count 10
2026-08-06T14:26:44.856Z	WARN	RSS 843MB pinned=11 pool=13
2026-08-06T14:26:44.857Z	WARN	high pin count 11
2026-08-06T14:27:14.858Z	WARN	RSS 837MB pinned=10 pool=11
2026-08-06T14:27:14.859Z	WARN	high pin count 10
2026-08-06T14:27:44.861Z	WARN	RSS 839MB pinned=10 pool=11
2026-08-06T14:27:44.862Z	WARN	high pin count 10
2026-08-06T14:28:14.859Z	WARN	RSS 836MB pinned=10 pool=11
2026-08-06T14:28:14.860Z	WARN	high pin count 10
2026-08-06T14:28:44.858Z	WARN	RSS 837MB pinned=10 pool=12
2026-08-06T14:28:44.859Z	WARN	high pin count 10
2026-08-06T14:29:14.858Z	WARN	RSS 838MB pinned=10 pool=12
2026-08-06T14:29:14.858Z	WARN	high pin count 10
2026-08-06T14:29:44.859Z	WARN	RSS 837MB pinned=10 pool=12
2026-08-06T14:29:44.859Z	WARN	high pin count 10
2026-08-06T14:30:14.863Z	WARN	RSS 837MB pinned=10 pool=12
2026-08-06T14:30:14.864Z	WARN	high pin count 10
2026-08-06T14:30:44.862Z	WARN	RSS 836MB pinned=9 pool=12
2026-08-06T14:30:44.862Z	WARN	high pin count 9
2026-08-06T14:31:14.863Z	WARN	RSS 836MB pinned=9 pool=11
2026-08-06T14:31:14.864Z	WARN	high pin count 9
2026-08-06T14:31:44.864Z	WARN	RSS 836MB pinned=10 pool=11
2026-08-06T14:31:44.865Z	WARN	high pin count 10
2026-08-06T14:32:14.866Z	WARN	RSS 837MB pinned=10 pool=12
2026-08-06T14:32:14.868Z	WARN	high pin count 10
2026-08-06T14:32:44.866Z	WARN	RSS 837MB pinned=12 pool=14
2026-08-06T14:32:44.866Z	WARN	high pin count 12
2026-08-06T14:33:14.866Z	WARN	RSS 837MB pinned=10 pool=15
2026-08-06T14:33:14.866Z	WARN	high pin count 10
2026-08-06T14:33:44.867Z	WARN	RSS 837MB pinned=10 pool=15
2026-08-06T14:33:44.867Z	WARN	high pin count 10
2026-08-06T14:34:14.867Z	WARN	RSS 837MB pinned=9 pool=14
2026-08-06T14:34:14.868Z	WARN	high pin count 9
2026-08-06T14:34:44.868Z	WARN	RSS 837MB pinned=9 pool=14
2026-08-06T14:34:44.869Z	WARN	high pin count 9
2026-08-06T14:35:14.869Z	WARN	RSS 838MB pinned=9 pool=14
2026-08-06T14:35:14.870Z	WARN	high pin count 9
2026-08-06T14:35:44.870Z	WARN	RSS 836MB pinned=9 pool=16
2026-08-06T14:35:44.871Z	WARN	high pin count 9
2026-08-06T14:36:14.871Z	WARN	RSS 837MB pinned=9 pool=14
2026-08-06T14:36:14.871Z	WARN	high pin count 9
2026-08-06T14:36:44.871Z	WARN	RSS 841MB pinned=10 pool=14
2026-08-06T14:36:44.871Z	WARN	high pin count 10
2026-08-06T14:37:14.873Z	WARN	RSS 836MB pinned=9 pool=11
2026-08-06T14:37:14.873Z	WARN	high pin count 9
2026-08-06T14:37:44.875Z	WARN	RSS 837MB pinned=11 pool=14
2026-08-06T14:37:44.875Z	WARN	high pin count 11
2026-08-06T14:38:14.878Z	WARN	RSS 837MB pinned=12 pool=15
2026-08-06T14:38:14.878Z	WARN	high pin count 12
2026-08-06T14:38:44.878Z	WARN	RSS 838MB pinned=13 pool=15
2026-08-06T14:38:44.878Z	WARN	high pin count 13
2026-08-06T14:39:14.878Z	WARN	RSS 838MB pinned=10 pool=14
2026-08-06T14:39:14.878Z	WARN	high pin count 10
2026-08-06T14:39:44.878Z	WARN	RSS 838MB pinned=10 pool=15
2026-08-06T14:39:44.879Z	WARN	high pin count 10
2026-08-06T14:40:14.878Z	WARN	RSS 840MB pinned=11 pool=15
2026-08-06T14:40:14.878Z	WARN	high pin count 11
2026-08-06T14:40:44.878Z	WARN	RSS 837MB pinned=12 pool=15
2026-08-06T14:40:44.879Z	WARN	high pin count 12
2026-08-06T14:41:14.879Z	WARN	RSS 837MB pinned=11 pool=15
2026-08-06T14:41:14.880Z	WARN	high pin count 11
2026-08-06T14:41:44.880Z	WARN	RSS 837MB pinned=12 pool=15
2026-08-06T14:41:44.881Z	WARN	high pin count 12
2026-08-06T14:42:14.880Z	WARN	RSS 839MB pinned=12 pool=15
2026-08-06T14:42:14.884Z	WARN	high pin count 12
2026-08-06T14:42:44.881Z	WARN	RSS 837MB pinned=12 pool=15
2026-08-06T14:42:44.882Z	WARN	high pin count 12
2026-08-06T14:43:14.881Z	WARN	RSS 837MB pinned=11 pool=14
2026-08-06T14:43:14.882Z	WARN	high pin count 11
2026-08-06T14:43:44.883Z	WARN	RSS 838MB pinned=12 pool=16
2026-08-06T14:43:44.883Z	WARN	high pin count 12
2026-08-06T14:44:14.883Z	WARN	RSS 839MB pinned=11 pool=16
2026-08-06T14:44:14.884Z	WARN	high pin count 11
2026-08-06T14:44:44.883Z	WARN	RSS 838MB pinned=11 pool=16
2026-08-06T14:44:44.884Z	WARN	high pin count 11
2026-08-06T14:45:14.884Z	WARN	RSS 838MB pinned=11 pool=15
2026-08-06T14:45:14.885Z	WARN	high pin count 11
2026-08-06T14:45:44.884Z	WARN	RSS 838MB pinned=10 pool=15
2026-08-06T14:45:44.886Z	WARN	high pin count 10
2026-08-06T14:46:14.885Z	WARN	RSS 838MB pinned=11 pool=15
2026-08-06T14:46:14.885Z	WARN	high pin count 11
2026-08-06T14:46:44.886Z	WARN	RSS 837MB pinned=11 pool=16
2026-08-06T14:46:44.886Z	WARN	high pin count 11
2026-08-06T14:47:14.886Z	WARN	RSS 837MB pinned=12 pool=17
2026-08-06T14:47:14.887Z	WARN	high pin count 12
2026-08-06T14:47:44.890Z	WARN	RSS 838MB pinned=12 pool=17
2026-08-06T14:47:44.891Z	WARN	high pin count 12
2026-08-06T14:48:14.890Z	WARN	RSS 838MB pinned=13 pool=17
2026-08-06T14:48:14.891Z	WARN	high pin count 13
2026-08-06T14:48:44.891Z	WARN	RSS 841MB pinned=13 pool=18
2026-08-06T14:48:44.892Z	WARN	high pin count 13
2026-08-06T14:49:14.891Z	WARN	RSS 842MB pinned=12 pool=18
2026-08-06T14:49:14.892Z	WARN	high pin count 12
2026-08-06T14:49:44.892Z	WARN	RSS 838MB pinned=11 pool=18
2026-08-06T14:49:44.893Z	WARN	high pin count 11
2026-08-06T14:50:14.892Z	WARN	RSS 838MB pinned=10 pool=16
2026-08-06T14:50:14.893Z	WARN	high pin count 10
2026-08-06T14:50:44.894Z	WARN	RSS 844MB pinned=11 pool=16
2026-08-06T14:50:44.894Z	WARN	high pin count 11
2026-08-06T14:51:14.899Z	WARN	RSS 844MB pinned=12 pool=16
2026-08-06T14:51:14.899Z	WARN	high pin count 12
2026-08-06T14:51:44.898Z	WARN	RSS 839MB pinned=12 pool=18
2026-08-06T14:51:44.898Z	WARN	high pin count 12
2026-08-06T14:52:14.900Z	WARN	RSS 839MB pinned=11 pool=17
2026-08-06T14:52:14.900Z	WARN	high pin count 11
2026-08-06T14:52:44.900Z	WARN	RSS 842MB pinned=10 pool=18
2026-08-06T14:52:44.900Z	WARN	high pin count 10
2026-08-06T14:53:14.900Z	WARN	RSS 842MB pinned=9 pool=16
2026-08-06T14:53:14.900Z	WARN	high pin count 9
2026-08-06T14:53:44.901Z	WARN	RSS 838MB pinned=11 pool=16
2026-08-06T14:53:44.902Z	WARN	high pin count 11
2026-08-06T14:54:14.902Z	WARN	RSS 839MB pinned=11 pool=16
2026-08-06T14:54:14.902Z	WARN	high pin count 11
2026-08-06T14:54:44.902Z	WARN	RSS 839MB pinned=9 pool=16
2026-08-06T14:54:44.902Z	WARN	high pin count 9
2026-08-06T14:55:14.902Z	WARN	RSS 839MB pinned=9 pool=16
2026-08-06T14:55:14.903Z	WARN	high pin count 9
2026-08-06T14:55:44.904Z	WARN	RSS 838MB pinned=10 pool=16
2026-08-06T14:55:44.905Z	WARN	high pin count 10
2026-08-06T14:56:14.905Z	WARN	RSS 839MB pinned=10 pool=13
2026-08-06T14:56:14.905Z	WARN	high pin count 10
2026-08-06T14:56:44.904Z	WARN	RSS 838MB pinned=10 pool=13
2026-08-06T14:56:44.905Z	WARN	high pin count 10
2026-08-06T14:57:14.904Z	WARN	RSS 838MB pinned=10 pool=14
2026-08-06T14:57:14.905Z	WARN	high pin count 10
2026-08-06T14:57:44.905Z	WARN	RSS 841MB pinned=10 pool=14
2026-08-06T14:57:44.905Z	WARN	high pin count 10
2026-08-06T14:58:14.906Z	WARN	RSS 842MB pinned=10 pool=13
2026-08-06T14:58:14.907Z	WARN	high pin count 10
2026-08-06T14:58:44.907Z	WARN	RSS 839MB pinned=10 pool=13
2026-08-06T14:58:44.908Z	WARN	high pin count 10
2026-08-06T14:59:14.908Z	WARN	RSS 839MB pinned=9 pool=13
2026-08-06T14:59:14.908Z	WARN	high pin count 9
2026-08-06T14:59:44.909Z	WARN	RSS 848MB pinned=9 pool=13
2026-08-06T14:59:44.910Z	WARN	high pin count 9
2026-08-06T15:00:14.917Z	WARN	RSS 838MB pinned=12 pool=15
2026-08-06T15:00:14.917Z	WARN	high pin count 12
2026-08-06T15:00:44.932Z	WARN	RSS 839MB pinned=12 pool=15
2026-08-06T15:00:44.933Z	WARN	high pin count 12
2026-08-06T15:01:14.935Z	WARN	RSS 841MB pinned=10 pool=14
2026-08-06T15:01:14.936Z	WARN	high pin count 10
2026-08-06T15:01:44.936Z	WARN	RSS 842MB pinned=11 pool=15
2026-08-06T15:01:44.936Z	WARN	high pin count 11
2026-08-06T15:02:14.940Z	WARN	RSS 839MB pinned=11 pool=15
2026-08-06T15:02:14.941Z	WARN	high pin count 11
2026-08-06T15:02:44.941Z	WARN	RSS 839MB pinned=10 pool=15
2026-08-06T15:02:44.942Z	WARN	high pin count 10
2026-08-06T15:03:14.941Z	WARN	RSS 839MB pinned=9 pool=15
2026-08-06T15:03:14.941Z	WARN	high pin count 9
2026-08-06T15:03:44.942Z	WARN	RSS 839MB pinned=10 pool=16
2026-08-06T15:03:44.943Z	WARN	high pin count 10
2026-08-06T15:04:14.941Z	WARN	RSS 840MB pinned=11 pool=15
2026-08-06T15:04:14.942Z	WARN	high pin count 11
2026-08-06T15:04:44.942Z	WARN	RSS 843MB pinned=11 pool=15
2026-08-06T15:04:44.943Z	WARN	high pin count 11
2026-08-06T15:05:14.943Z	WARN	RSS 839MB pinned=10 pool=15
2026-08-06T15:05:14.943Z	WARN	high pin count 10
2026-08-06T15:05:44.944Z	WARN	RSS 839MB pinned=9 pool=16
2026-08-06T15:05:44.945Z	WARN	high pin count 9
2026-08-06T15:06:14.945Z	WARN	RSS 840MB pinned=10 pool=15
2026-08-06T15:06:14.945Z	WARN	high pin count 10
2026-08-06T15:06:44.945Z	WARN	RSS 840MB pinned=12 pool=15
2026-08-06T15:06:44.946Z	WARN	high pin count 12
2026-08-06T15:07:14.953Z	WARN	RSS 840MB pinned=11 pool=15
2026-08-06T15:07:14.953Z	WARN	high pin count 11
2026-08-06T15:07:44.946Z	WARN	RSS 843MB pinned=10 pool=15
2026-08-06T15:07:44.946Z	WARN	high pin count 10
2026-08-06T15:08:14.946Z	WARN	RSS 843MB pinned=9 pool=15
2026-08-06T15:08:14.947Z	WARN	high pin count 9
2026-08-06T15:08:44.946Z	WARN	RSS 844MB pinned=10 pool=15
2026-08-06T15:08:44.946Z	WARN	high pin count 10
2026-08-06T15:09:14.946Z	WARN	RSS 840MB pinned=11 pool=14
2026-08-06T15:09:14.947Z	WARN	high pin count 11
2026-08-06T15:09:44.947Z	WARN	RSS 843MB pinned=12 pool=15
2026-08-06T15:09:44.947Z	WARN	high pin count 12
2026-08-06T15:10:14.951Z	WARN	RSS 844MB pinned=12 pool=14
2026-08-06T15:10:14.955Z	WARN	high pin count 12
2026-08-06T15:10:44.956Z	WARN	RSS 840MB pinned=11 pool=14
2026-08-06T15:10:44.961Z	WARN	high pin count 11
2026-08-06T15:11:14.956Z	WARN	RSS 840MB pinned=10 pool=12
2026-08-06T15:11:14.957Z	WARN	high pin count 10
2026-08-06T15:11:44.957Z	WARN	RSS 846MB pinned=10 pool=12
2026-08-06T15:11:44.957Z	WARN	high pin count 10
2026-08-06T15:12:14.957Z	WARN	RSS 846MB pinned=10 pool=12
2026-08-06T15:12:14.957Z	WARN	high pin count 10
2026-08-06T15:12:44.959Z	WARN	RSS 840MB pinned=11 pool=13
2026-08-06T15:12:44.959Z	WARN	high pin count 11
2026-08-06T15:13:14.960Z	WARN	RSS 840MB pinned=12 pool=13
2026-08-06T15:13:14.961Z	WARN	high pin count 12
2026-08-06T15:13:44.960Z	WARN	RSS 841MB pinned=11 pool=13
2026-08-06T15:13:44.960Z	WARN	high pin count 11
2026-08-06T15:14:14.962Z	WARN	RSS 841MB pinned=10 pool=12
2026-08-06T15:14:14.962Z	WARN	high pin count 10
2026-08-06T15:14:44.962Z	WARN	RSS 840MB pinned=10 pool=12
2026-08-06T15:14:44.962Z	WARN	high pin count 10
2026-08-06T15:15:14.961Z	WARN	RSS 843MB pinned=10 pool=12
2026-08-06T15:15:14.961Z	WARN	high pin count 10
2026-08-06T15:15:44.963Z	WARN	RSS 848MB pinned=9 pool=13
2026-08-06T15:15:44.964Z	WARN	high pin count 9
2026-08-06T15:16:14.970Z	WARN	RSS 841MB pinned=9 pool=13
2026-08-06T15:16:14.990Z	WARN	high pin count 9
2026-08-06T15:16:44.971Z	WARN	RSS 841MB pinned=12 pool=17
2026-08-06T15:16:44.972Z	WARN	high pin count 12
2026-08-06T15:17:15.216Z	WARN	RSS 842MB pinned=13 pool=16
2026-08-06T15:17:15.235Z	WARN	high pin count 13
2026-08-06T15:17:45.097Z	WARN	RSS 841MB pinned=13 pool=16
2026-08-06T15:17:45.100Z	WARN	high pin count 13
2026-08-06T15:18:15.098Z	WARN	RSS 841MB pinned=11 pool=16
2026-08-06T15:18:15.099Z	WARN	high pin count 11
2026-08-06T15:18:45.099Z	WARN	RSS 847MB pinned=11 pool=16
2026-08-06T15:18:45.099Z	WARN	high pin count 11
2026-08-06T15:19:15.103Z	WARN	RSS 848MB pinned=10 pool=16
2026-08-06T15:19:15.104Z	WARN	high pin count 10
2026-08-06T15:19:45.102Z	WARN	RSS 848MB pinned=9 pool=16
2026-08-06T15:19:45.103Z	WARN	high pin count 9
2026-08-06T15:20:15.122Z	WARN	RSS 848MB pinned=9 pool=16
2026-08-06T15:20:15.144Z	WARN	high pin count 9
2026-08-06T15:20:45.120Z	WARN	RSS 847MB pinned=9 pool=16
2026-08-06T15:20:45.125Z	WARN	high pin count 9
2026-08-06T15:21:15.123Z	WARN	RSS 850MB pinned=9 pool=14
2026-08-06T15:21:15.124Z	WARN	high pin count 9
2026-08-06T15:21:45.124Z	WARN	RSS 853MB pinned=9 pool=14
2026-08-06T15:21:45.125Z	WARN	high pin count 9
2026-08-06T15:22:15.126Z	WARN	RSS 854MB pinned=9 pool=12
2026-08-06T15:22:15.128Z	WARN	high pin count 9
2026-08-06T15:22:45.127Z	WARN	RSS 856MB pinned=9 pool=12
2026-08-06T15:22:45.128Z	WARN	high pin count 9
2026-08-06T15:23:15.151Z	WARN	RSS 848MB pinned=9 pool=11
2026-08-06T15:23:15.151Z	WARN	high pin count 9
2026-08-06T15:23:45.151Z	WARN	RSS 848MB pinned=9 pool=11
2026-08-06T15:23:45.151Z	WARN	high pin count 9
2026-08-06T15:24:15.166Z	WARN	RSS 848MB pinned=9 pool=11
2026-08-06T15:24:15.168Z	WARN	high pin count 9
2026-08-06T15:24:45.166Z	WARN	RSS 850MB pinned=9 pool=11
2026-08-06T15:24:45.167Z	WARN	high pin count 9
2026-08-06T15:25:15.167Z	WARN	RSS 850MB pinned=9 pool=11
2026-08-06T15:25:15.168Z	WARN	high pin count 9
2026-08-06T15:25:45.167Z	WARN	RSS 850MB pinned=9 pool=11
2026-08-06T15:25:45.170Z	WARN	high pin count 9
2026-08-06T15:26:15.169Z	WARN	RSS 851MB pinned=9 pool=10
2026-08-06T15:26:15.169Z	WARN	high pin count 9
2026-08-06T15:26:45.170Z	WARN	RSS 851MB pinned=9 pool=10
2026-08-06T15:26:45.170Z	WARN	high pin count 9
2026-08-06T15:27:15.172Z	WARN	RSS 851MB pinned=9 pool=9
2026-08-06T15:27:15.172Z	WARN	high pin count 9
2026-08-06T15:27:45.172Z	WARN	RSS 850MB pinned=9 pool=9
2026-08-06T15:27:45.172Z	WARN	high pin count 9
2026-08-06T15:28:15.171Z	WARN	RSS 850MB pinned=9 pool=9
2026-08-06T15:28:15.173Z	WARN	high pin count 9
2026-08-06T15:28:45.173Z	WARN	RSS 854MB pinned=9 pool=9
2026-08-06T15:28:45.174Z	WARN	high pin count 9
2026-08-06T15:29:15.173Z	WARN	RSS 857MB pinned=9 pool=9
2026-08-06T15:29:15.173Z	WARN	high pin count 9
2026-08-06T15:29:45.173Z	WARN	RSS 857MB pinned=9 pool=9
2026-08-06T15:29:45.173Z	WARN	high pin count 9
2026-08-06T15:30:15.174Z	WARN	RSS 857MB pinned=9 pool=9
2026-08-06T15:30:15.175Z	WARN	high pin count 9
2026-08-06T15:30:45.175Z	WARN	RSS 847MB pinned=9 pool=9
2026-08-06T15:30:45.176Z	WARN	high pin count 9
2026-08-06T15:31:15.176Z	WARN	RSS 847MB pinned=9 pool=9
2026-08-06T15:31:15.176Z	WARN	high pin count 9
2026-08-06T15:31:45.177Z	WARN	RSS 847MB pinned=9 pool=9
2026-08-06T15:31:45.177Z	WARN	high pin count 9
2026-08-06T15:32:15.180Z	WARN	RSS 847MB pinned=9 pool=9
2026-08-06T15:32:15.180Z	WARN	high pin count 9
2026-08-06T15:32:45.180Z	WARN	RSS 847MB pinned=9 pool=9
2026-08-06T15:32:45.180Z	WARN	high pin count 9
2026-08-06T15:33:15.196Z	WARN	RSS 847MB pinned=9 pool=9
2026-08-06T15:33:15.196Z	WARN	high pin count 9
2026-08-06T15:33:45.196Z	WARN	RSS 846MB pinned=9 pool=9
2026-08-06T15:33:45.196Z	WARN	high pin count 9
2026-08-06T15:34:15.204Z	WARN	RSS 847MB pinned=9 pool=9
2026-08-06T15:34:15.206Z	WARN	high pin count 9
2026-08-06T15:34:45.207Z	WARN	RSS 846MB pinned=9 pool=9
2026-08-06T15:34:45.208Z	WARN	high pin count 9
2026-08-06T15:35:15.225Z	WARN	RSS 846MB pinned=9 pool=9
2026-08-06T15:35:15.226Z	WARN	high pin count 9
2026-08-06T15:35:45.260Z	WARN	RSS 846MB pinned=9 pool=9
2026-08-06T15:35:45.261Z	WARN	high pin count 9
2026-08-06T15:36:15.234Z	WARN	RSS 846MB pinned=9 pool=9
2026-08-06T15:36:15.235Z	WARN	high pin count 9
2026-08-06T15:36:45.234Z	WARN	RSS 846MB pinned=9 pool=9
2026-08-06T15:36:45.234Z	WARN	high pin count 9
2026-08-06T15:37:15.234Z	WARN	RSS 846MB pinned=9 pool=9
2026-08-06T15:37:15.235Z	WARN	high pin count 9
2026-08-06T15:37:45.235Z	WARN	RSS 845MB pinned=9 pool=9
2026-08-06T15:37:45.235Z	WARN	high pin count 9
2026-08-06T15:38:15.235Z	WARN	RSS 845MB pinned=9 pool=9
2026-08-06T15:38:15.236Z	WARN	high pin count 9
2026-08-06T15:38:45.237Z	WARN	RSS 846MB pinned=9 pool=9
2026-08-06T15:38:45.242Z	WARN	high pin count 9
2026-08-06T15:39:15.237Z	WARN	RSS 847MB pinned=9 pool=9
2026-08-06T15:39:15.238Z	WARN	high pin count 9
2026-08-06T15:39:45.239Z	WARN	RSS 845MB pinned=9 pool=9
2026-08-06T15:39:45.243Z	WARN	high pin count 9
2026-08-06T15:40:15.243Z	WARN	RSS 845MB pinned=9 pool=9
2026-08-06T15:40:15.243Z	WARN	high pin count 9
2026-08-06T15:40:45.410Z	WARN	RSS 845MB pinned=9 pool=9
2026-08-06T15:40:45.410Z	WARN	high pin count 9
2026-08-06T15:41:15.416Z	WARN	RSS 845MB pinned=9 pool=9
2026-08-06T15:41:15.428Z	WARN	high pin count 9
2026-08-06T15:41:45.436Z	WARN	RSS 845MB pinned=9 pool=9
2026-08-06T15:41:45.436Z	WARN	high pin count 9
2026-08-06T15:42:15.436Z	WARN	RSS 845MB pinned=9 pool=9
2026-08-06T15:42:15.437Z	WARN	high pin count 9
2026-08-06T15:42:45.437Z	WARN	RSS 845MB pinned=9 pool=9
2026-08-06T15:42:45.438Z	WARN	high pin count 9
2026-08-06T15:43:15.437Z	WARN	RSS 845MB pinned=9 pool=9
2026-08-06T15:43:15.438Z	WARN	high pin count 9
2026-08-06T15:43:45.441Z	WARN	RSS 844MB pinned=9 pool=9
2026-08-06T15:43:45.442Z	WARN	high pin count 9
2026-08-06T15:44:15.451Z	WARN	RSS 845MB pinned=9 pool=9
2026-08-06T15:44:15.454Z	WARN	high pin count 9
2026-08-06T15:44:45.442Z	WARN	RSS 844MB pinned=9 pool=9
2026-08-06T15:44:45.442Z	WARN	high pin count 9
2026-08-06T15:45:15.444Z	WARN	RSS 844MB pinned=9 pool=9
2026-08-06T15:45:15.446Z	WARN	high pin count 9
2026-08-06T15:45:45.444Z	WARN	RSS 844MB pinned=9 pool=9
2026-08-06T15:45:45.444Z	WARN	high pin count 9
2026-08-06T15:46:15.444Z	WARN	RSS 844MB pinned=9 pool=9
2026-08-06T15:46:15.445Z	WARN	high pin count 9
2026-08-06T15:46:45.444Z	WARN	RSS 844MB pinned=9 pool=9
2026-08-06T15:46:45.445Z	WARN	high pin count 9
2026-08-06T15:47:15.445Z	WARN	RSS 844MB pinned=9 pool=9
2026-08-06T15:47:15.446Z	WARN	high pin count 9
2026-08-07T20:10:49.054Z	WARN	high pin count 9
2026-08-07T20:13:49.056Z	WARN	high pin count 9
2026-08-07T20:18:49.063Z	WARN	high pin count 10
2026-08-07T20:19:19.063Z	WARN	high pin count 10
2026-08-07T20:41:19.109Z	WARN	high pin count 9
2026-08-07T21:13:49.154Z	WARN	high pin count 9
2026-08-07T21:15:49.156Z	WARN	high pin count 9
2026-08-08T08:19:50.328Z	WARN	high pin count 9
2026-08-08T08:20:20.329Z	WARN	high pin count 9
2026-08-08T09:03:50.390Z	WARN	high pin count 9
2026-08-08T10:34:50.503Z	WARN	high pin count 9
2026-08-08T10:38:50.509Z	WARN	high pin count 9
2026-08-08T10:39:20.511Z	WARN	high pin count 9
2026-08-08T10:48:20.522Z	WARN	high pin count 9
2026-08-08T10:49:20.522Z	WARN	high pin count 10
2026-08-08T10:49:50.522Z	WARN	high pin count 10
2026-08-08T10:50:50.524Z	WARN	high pin count 11
2026-08-08T10:51:20.525Z	WARN	high pin count 10
2026-08-08T10:53:50.528Z	WARN	high pin count 10
2026-08-08T10:54:20.528Z	WARN	high pin count 10
2026-08-08T10:54:50.529Z	WARN	high pin count 9
2026-08-08T10:55:20.531Z	WARN	high pin count 9
2026-08-08T10:55:50.531Z	WARN	high pin count 11
2026-08-08T10:56:20.532Z	WARN	high pin count 12
2026-08-08T10:56:50.532Z	WARN	high pin count 10
2026-08-08T10:57:20.533Z	WARN	high pin count 10
2026-08-08T10:57:50.533Z	WARN	high pin count 10
2026-08-08T10:58:20.533Z	WARN	high pin count 9
2026-08-08T10:58:50.533Z	WARN	high pin count 9
2026-08-08T10:59:50.533Z	WARN	high pin count 9
2026-08-08T11:00:20.533Z	WARN	high pin count 10
2026-08-08T11:00:50.536Z	WARN	high pin count 9
2026-08-08T11:01:20.535Z	WARN	high pin count 10
2026-08-08T11:01:50.536Z	WARN	high pin count 9
2026-08-08T12:53:50.755Z	WARN	high pin count 9
2026-08-08T12:54:20.755Z	WARN	high pin count 9
2026-08-08T12:54:50.756Z	WARN	high pin count 9
2026-08-08T12:56:20.757Z	WARN	high pin count 9
2026-08-08T12:58:20.757Z	WARN	high pin count 9
2026-08-08T12:58:50.758Z	WARN	high pin count 10
2026-08-08T12:59:50.758Z	WARN	high pin count 9
2026-08-08T13:00:20.759Z	WARN	high pin count 9
2026-08-08T21:20:51.415Z	WARN	high pin count 9
2026-08-09T05:03:22.081Z	WARN	high pin count 9
2026-08-09T05:03:52.082Z	WARN	high pin count 9
2026-08-09T07:06:22.257Z	WARN	high pin count 9
2026-08-09T07:09:52.261Z	WARN	high pin count 9
2026-08-09T07:10:22.262Z	WARN	high pin count 9
2026-08-09T07:10:52.263Z	WARN	high pin count 9
2026-08-09T07:12:52.263Z	WARN	high pin count 9
2026-08-09T07:19:22.268Z	WARN	high pin count 9
2026-08-09T07:20:22.269Z	WARN	high pin count 9
2026-08-09T07:21:52.270Z	WARN	high pin count 9
2026-08-09T07:22:22.272Z	WARN	high pin count 9
2026-08-09T07:22:52.271Z	WARN	high pin count 9
2026-08-09T07:23:22.272Z	WARN	high pin count 10
2026-08-09T07:23:52.273Z	WARN	high pin count 9
2026-08-09T07:24:22.274Z	WARN	high pin count 9
2026-08-09T07:24:52.275Z	WARN	high pin count 9
2026-08-09T07:25:22.276Z	WARN	high pin count 10
2026-08-09T07:25:52.277Z	WARN	high pin count 10
2026-08-09T07:26:22.278Z	WARN	high pin count 9
2026-08-09T07:36:22.293Z	WARN	high pin count 9
2026-08-09T07:43:22.303Z	WARN	high pin count 9
2026-08-09T07:46:22.305Z	WARN	high pin count 9
2026-08-09T07:47:22.305Z	WARN	high pin count 10
2026-08-09T07:48:22.306Z	WARN	high pin count 10
2026-08-09T07:48:52.308Z	WARN	high pin count 9
2026-08-09T07:49:22.308Z	WARN	high pin count 9
2026-08-09T07:49:52.308Z	WARN	high pin count 9
2026-08-09T07:51:22.309Z	WARN	high pin count 9
2026-08-09T07:51:52.311Z	WARN	high pin count 9
2026-08-09T07:52:22.313Z	WARN	high pin count 10
2026-08-09T07:52:52.314Z	WARN	high pin count 9
2026-08-09T07:53:22.314Z	WARN	high pin count 9
2026-08-09T07:53:52.315Z	WARN	high pin count 9
2026-08-09T07:54:22.316Z	WARN	high pin count 9
2026-08-09T07:54:52.316Z	WARN	high pin count 10
2026-08-09T07:55:22.316Z	WARN	high pin count 11
2026-08-09T07:55:52.317Z	WARN	high pin count 10
2026-08-09T07:56:22.319Z	WARN	high pin count 10
2026-08-09T07:56:52.319Z	WARN	high pin count 10
2026-08-09T07:57:22.319Z	WARN	high pin count 9
2026-08-09T07:57:52.320Z	WARN	high pin count 10
2026-08-09T07:58:22.319Z	WARN	high pin count 10
2026-08-09T07:58:52.319Z	WARN	high pin count 9
2026-08-09T07:59:22.320Z	WARN	high pin count 10
2026-08-09T08:03:22.324Z	WARN	high pin count 9
2026-08-09T08:09:22.331Z	WARN	high pin count 9
2026-08-09T08:18:22.397Z	WARN	high pin count 9
2026-08-09T08:18:52.398Z	WARN	high pin count 9
2026-08-09T08:19:22.398Z	WARN	high pin count 10
2026-08-09T08:19:52.400Z	WARN	high pin count 9
2026-08-09T08:21:22.403Z	WARN	high pin count 9
2026-08-09T08:21:52.404Z	WARN	high pin count 9
2026-08-09T08:22:22.406Z	WARN	high pin count 9
2026-08-09T08:22:52.406Z	WARN	high pin count 9
2026-08-09T08:23:52.408Z	WARN	high pin count 9
2026-08-09T08:26:22.412Z	WARN	high pin count 9
2026-08-09T08:28:22.415Z	WARN	high pin count 10
2026-08-09T08:29:52.419Z	WARN	high pin count 9
2026-08-09T08:31:52.420Z	WARN	high pin count 9
2026-08-09T08:37:22.427Z	WARN	high pin count 9
2026-08-09T08:37:52.428Z	WARN	high pin count 9
2026-08-09T08:38:52.427Z	WARN	high pin count 9
2026-08-09T08:44:22.440Z	WARN	high pin count 9
2026-08-09T08:44:52.441Z	WARN	high pin count 9
2026-08-09T08:45:22.441Z	WARN	high pin count 9
2026-08-09T08:45:52.441Z	WARN	high pin count 9
2026-08-09T08:52:22.449Z	WARN	high pin count 9
2026-08-09T08:52:52.450Z	WARN	high pin count 9
2026-08-09T08:53:22.450Z	WARN	high pin count 9
2026-08-09T08:54:22.451Z	WARN	high pin count 9
2026-08-09T08:54:52.452Z	WARN	high pin count 10
2026-08-09T08:55:22.452Z	WARN	high pin count 9
2026-08-09T08:58:22.456Z	WARN	high pin count 9
2026-08-09T08:59:22.456Z	WARN	high pin count 9
2026-08-09T09:00:22.457Z	WARN	high pin count 10
2026-08-09T09:01:52.460Z	WARN	high pin count 9
2026-08-09T09:02:52.461Z	WARN	high pin count 9
2026-08-09T09:03:52.463Z	WARN	high pin count 9
2026-08-09T09:26:52.503Z	WARN	high pin count 9
2026-08-09T09:28:52.504Z	WARN	high pin count 9
2026-08-09T09:29:52.505Z	WARN	high pin count 9
2026-08-09T09:31:22.506Z	WARN	high pin count 9
2026-08-09T09:31:52.507Z	WARN	high pin count 9
2026-08-09T09:32:22.507Z	WARN	high pin count 10
2026-08-09T09:32:52.508Z	WARN	high pin count 10
2026-08-09T09:34:52.510Z	WARN	high pin count 9
2026-08-09T09:35:22.512Z	WARN	high pin count 9
2026-08-09T09:36:52.512Z	WARN	high pin count 9
2026-08-09T09:37:22.512Z	WARN	high pin count 9
2026-08-09T09:39:52.517Z	WARN	high pin count 10
2026-08-09T09:41:22.519Z	WARN	high pin count 11
2026-08-09T09:41:52.519Z	WARN	high pin count 11
2026-08-09T09:42:22.520Z	WARN	high pin count 13
2026-08-09T09:42:52.521Z	WARN	high pin count 12
2026-08-09T09:43:22.522Z	WARN	high pin count 11
2026-08-09T09:43:52.522Z	WARN	high pin count 11
2026-08-09T09:44:22.522Z	WARN	high pin count 10
2026-08-09T09:44:52.523Z	WARN	high pin count 10
2026-08-09T09:45:22.525Z	WARN	high pin count 9
2026-08-09T09:45:52.524Z	WARN	high pin count 9
2026-08-09T09:46:52.526Z	WARN	high pin count 11
2026-08-09T09:47:22.527Z	WARN	high pin count 11
2026-08-09T09:47:52.527Z	WARN	high pin count 9
2026-08-09T09:48:22.528Z	WARN	high pin count 9
2026-08-09T09:48:52.528Z	WARN	high pin count 9
2026-08-09T09:49:22.529Z	WARN	high pin count 9
2026-08-09T09:49:52.531Z	WARN	high pin count 10
2026-08-09T09:50:22.532Z	WARN	high pin count 9
2026-08-09T09:50:52.532Z	WARN	high pin count 9
2026-08-09T09:52:52.533Z	WARN	high pin count 10
2026-08-09T09:53:22.533Z	WARN	high pin count 10
2026-08-09T09:53:52.534Z	WARN	high pin count 10
2026-08-09T09:54:22.536Z	WARN	high pin count 9
2026-08-09T09:57:52.538Z	WARN	high pin count 9
2026-08-09T09:58:22.537Z	WARN	high pin count 9
2026-08-09T10:02:22.541Z	WARN	high pin count 9
2026-08-09T10:03:22.541Z	WARN	high pin count 9
2026-08-09T10:03:52.542Z	WARN	high pin count 10
2026-08-09T10:04:22.541Z	WARN	high pin count 9
2026-08-09T10:04:52.542Z	WARN	high pin count 9
2026-08-09T10:13:22.551Z	WARN	high pin count 9
2026-08-09T10:13:52.551Z	WARN	high pin count 9
2026-08-09T10:14:22.552Z	WARN	high pin count 9
2026-08-09T10:14:52.553Z	WARN	high pin count 9
2026-08-09T10:18:52.558Z	WARN	high pin count 9
2026-08-09T10:19:22.559Z	WARN	high pin count 9
2026-08-09T10:19:52.558Z	WARN	high pin count 10
2026-08-09T10:20:22.559Z	WARN	high pin count 10
2026-08-09T10:20:52.573Z	WARN	high pin count 9
2026-08-09T10:21:22.573Z	WARN	high pin count 9
2026-08-09T10:21:52.573Z	WARN	high pin count 9
2026-08-09T10:22:22.574Z	WARN	high pin count 9
2026-08-09T10:22:52.575Z	WARN	high pin count 9
2026-08-09T10:23:22.575Z	WARN	high pin count 9
2026-08-09T10:23:52.576Z	WARN	high pin count 9
2026-08-09T10:24:22.577Z	WARN	high pin count 9
2026-08-09T10:24:52.579Z	WARN	high pin count 9
2026-08-09T10:25:22.580Z	WARN	high pin count 9
2026-08-09T10:25:52.580Z	WARN	high pin count 9
2026-08-09T10:28:22.584Z	WARN	high pin count 9
2026-08-09T10:28:52.583Z	WARN	high pin count 9
2026-08-09T10:29:22.584Z	WARN	high pin count 9
2026-08-09T10:29:52.584Z	WARN	high pin count 9
2026-08-09T10:36:22.597Z	WARN	high pin count 9
2026-08-09T10:36:52.597Z	WARN	high pin count 9
2026-08-09T10:37:22.598Z	WARN	high pin count 9
2026-08-09T10:37:52.598Z	WARN	high pin count 9
2026-08-09T10:38:22.598Z	WARN	high pin count 10
2026-08-09T10:38:52.599Z	WARN	high pin count 10
2026-08-09T10:39:22.600Z	WARN	high pin count 9
2026-08-09T10:39:52.601Z	WARN	high pin count 10
2026-08-09T10:40:22.600Z	WARN	high pin count 9
2026-08-09T10:42:22.600Z	WARN	high pin count 9
2026-08-09T10:42:52.601Z	WARN	high pin count 9
2026-08-09T10:43:22.602Z	WARN	high pin count 9
2026-08-09T10:43:52.604Z	WARN	high pin count 9
2026-08-09T10:44:22.604Z	WARN	high pin count 9
2026-08-09T10:44:52.604Z	WARN	high pin count 9
2026-08-09T10:45:22.605Z	WARN	high pin count 9
2026-08-09T10:45:52.606Z	WARN	high pin count 9
2026-08-09T10:46:22.605Z	WARN	high pin count 10
2026-08-09T10:46:52.606Z	WARN	high pin count 9
2026-08-09T10:47:22.607Z	WARN	high pin count 9
2026-08-09T10:47:52.607Z	WARN	high pin count 9
2026-08-09T10:53:22.614Z	WARN	high pin count 9
2026-08-09T10:59:22.622Z	WARN	high pin count 9
2026-08-09T10:59:52.623Z	WARN	high pin count 9
2026-08-09T11:00:22.630Z	WARN	high pin count 9
2026-08-09T11:00:52.631Z	WARN	high pin count 9
2026-08-09T11:01:22.632Z	WARN	high pin count 9
2026-08-09T11:01:52.633Z	WARN	high pin count 10
2026-08-09T11:02:22.635Z	WARN	high pin count 10
2026-08-09T11:02:52.635Z	WARN	high pin count 10
2026-08-09T11:03:22.634Z	WARN	high pin count 10
2026-08-09T11:03:52.635Z	WARN	high pin count 10
2026-08-09T11:04:22.635Z	WARN	high pin count 9
2026-08-09T11:04:52.636Z	WARN	high pin count 10
2026-08-09T11:05:22.636Z	WARN	high pin count 10
2026-08-09T11:05:52.637Z	WARN	high pin count 10
2026-08-09T11:06:22.638Z	WARN	high pin count 11
2026-08-09T11:06:52.638Z	WARN	high pin count 11
2026-08-09T11:07:22.639Z	WARN	high pin count 12
2026-08-09T11:07:52.639Z	WARN	high pin count 12
2026-08-09T11:08:22.638Z	WARN	high pin count 11
2026-08-09T11:08:52.640Z	WARN	high pin count 11
2026-08-09T11:09:22.640Z	WARN	high pin count 10
2026-08-09T11:09:52.641Z	WARN	high pin count 11
2026-08-09T11:10:22.641Z	WARN	high pin count 12
2026-08-09T11:10:52.642Z	WARN	high pin count 12
2026-08-09T11:11:22.642Z	WARN	high pin count 12
2026-08-09T11:11:52.644Z	WARN	high pin count 11
2026-08-09T11:12:22.644Z	WARN	high pin count 12
2026-08-09T11:12:52.644Z	WARN	high pin count 10
2026-08-09T11:13:22.646Z	WARN	high pin count 11
2026-08-09T11:13:52.646Z	WARN	high pin count 10
2026-08-09T11:14:22.648Z	WARN	high pin count 9
2026-08-09T11:14:52.648Z	WARN	high pin count 9
2026-08-09T11:15:22.648Z	WARN	high pin count 10
2026-08-09T11:15:52.650Z	WARN	high pin count 10
2026-08-09T11:16:22.650Z	WARN	high pin count 11
2026-08-09T11:16:52.652Z	WARN	high pin count 10
2026-08-09T11:17:22.652Z	WARN	high pin count 10
2026-08-09T11:17:52.653Z	WARN	high pin count 10
2026-08-09T11:18:22.654Z	WARN	high pin count 10
2026-08-09T11:18:52.654Z	WARN	high pin count 10
2026-08-09T11:19:22.655Z	WARN	high pin count 10
2026-08-09T11:19:52.655Z	WARN	high pin count 9
2026-08-09T11:20:22.656Z	WARN	high pin count 11
2026-08-09T11:20:52.658Z	WARN	high pin count 11
2026-08-09T11:21:22.657Z	WARN	high pin count 11
2026-08-09T11:21:52.657Z	WARN	high pin count 11
2026-08-09T11:22:22.658Z	WARN	high pin count 10
2026-08-09T11:22:52.657Z	WARN	high pin count 9
2026-08-09T11:23:22.659Z	WARN	high pin count 9
2026-08-09T11:23:52.659Z	WARN	high pin count 9
2026-08-09T11:24:22.660Z	WARN	high pin count 9
2026-08-09T11:24:52.660Z	WARN	high pin count 9
2026-08-09T11:25:22.661Z	WARN	high pin count 9
2026-08-09T11:25:52.662Z	WARN	high pin count 9
2026-08-09T11:26:22.662Z	WARN	high pin count 9
2026-08-09T11:26:52.663Z	WARN	high pin count 9
2026-08-09T11:27:22.662Z	WARN	high pin count 9
2026-08-09T11:27:52.663Z	WARN	high pin count 9
2026-08-09T11:28:22.664Z	WARN	high pin count 9
2026-08-09T11:28:52.663Z	WARN	high pin count 10
2026-08-09T11:29:22.664Z	WARN	high pin count 10
2026-08-09T11:29:52.665Z	WARN	high pin count 10
2026-08-09T11:30:22.666Z	WARN	high pin count 9
2026-08-09T11:30:52.668Z	WARN	high pin count 10
2026-08-09T11:31:22.670Z	WARN	high pin count 10
2026-08-09T11:31:52.670Z	WARN	high pin count 10
2026-08-09T11:32:22.670Z	WARN	high pin count 10
2026-08-09T11:32:52.672Z	WARN	high pin count 10
2026-08-09T11:33:22.672Z	WARN	high pin count 9
2026-08-09T11:33:52.673Z	WARN	high pin count 10
2026-08-09T11:34:22.673Z	WARN	high pin count 10
2026-08-09T11:34:52.673Z	WARN	high pin count 10
2026-08-09T11:35:22.676Z	WARN	high pin count 9
2026-08-09T11:35:52.676Z	WARN	high pin count 11
2026-08-09T11:36:22.676Z	WARN	high pin count 10
2026-08-09T11:36:52.676Z	WARN	high pin count 12
2026-08-09T11:37:22.677Z	WARN	high pin count 11
2026-08-09T11:37:52.676Z	WARN	high pin count 11
2026-08-09T11:38:22.677Z	WARN	high pin count 12
2026-08-09T11:38:52.677Z	WARN	high pin count 9
2026-08-09T11:39:22.679Z	WARN	high pin count 9
2026-08-09T11:43:52.680Z	WARN	high pin count 9
2026-08-09T11:48:22.688Z	WARN	high pin count 9
2026-08-09T11:48:52.688Z	WARN	high pin count 9
2026-08-09T11:49:22.687Z	WARN	high pin count 9
2026-08-09T11:49:52.688Z	WARN	high pin count 9
2026-08-09T11:50:22.690Z	WARN	high pin count 9
2026-08-09T11:50:52.694Z	WARN	high pin count 9
2026-08-09T11:51:22.696Z	WARN	high pin count 9
2026-08-09T11:51:52.697Z	WARN	high pin count 9
2026-08-09T11:52:22.698Z	WARN	high pin count 9
2026-08-09T11:52:52.698Z	WARN	high pin count 9
2026-08-09T11:53:22.698Z	WARN	high pin count 10
2026-08-09T11:53:52.698Z	WARN	high pin count 10
2026-08-09T11:54:22.699Z	WARN	high pin count 11
2026-08-09T11:54:52.700Z	WARN	high pin count 11
2026-08-09T11:55:22.699Z	WARN	high pin count 10
2026-08-09T11:55:52.701Z	WARN	high pin count 10
2026-08-09T11:56:22.702Z	WARN	high pin count 10
2026-08-09T11:56:52.703Z	WARN	high pin count 10
2026-08-09T11:57:22.702Z	WARN	high pin count 11
2026-08-09T11:57:52.703Z	WARN	high pin count 11
2026-08-09T11:58:22.703Z	WARN	high pin count 11
2026-08-09T11:58:52.703Z	WARN	high pin count 9
2026-08-09T11:59:22.704Z	WARN	high pin count 9
2026-08-09T11:59:52.705Z	WARN	high pin count 9
2026-08-09T12:00:22.706Z	WARN	high pin count 9
2026-08-09T12:00:52.708Z	WARN	high pin count 10
2026-08-09T12:01:22.708Z	WARN	high pin count 10
2026-08-09T12:01:52.710Z	WARN	high pin count 9
2026-08-09T12:02:22.710Z	WARN	high pin count 9
2026-08-09T12:02:52.710Z	WARN	high pin count 9
2026-08-09T12:03:22.711Z	WARN	high pin count 9
2026-08-09T12:03:52.713Z	WARN	high pin count 9
2026-08-09T12:04:22.715Z	WARN	high pin count 9
2026-08-09T12:04:52.715Z	WARN	high pin count 9
2026-08-09T12:05:22.715Z	WARN	high pin count 9
2026-08-09T12:05:52.716Z	WARN	high pin count 10
2026-08-09T12:06:22.716Z	WARN	high pin count 9
2026-08-09T12:06:52.728Z	WARN	high pin count 10
2026-08-09T12:07:22.725Z	WARN	high pin count 10
2026-08-09T12:07:52.726Z	WARN	high pin count 10
2026-08-09T12:08:22.726Z	WARN	high pin count 10
2026-08-09T12:14:52.741Z	WARN	high pin count 10
2026-08-09T12:15:22.742Z	WARN	high pin count 9
2026-08-09T12:15:52.743Z	WARN	high pin count 9
2026-08-09T12:16:22.742Z	WARN	high pin count 10
2026-08-09T12:16:52.743Z	WARN	high pin count 11
2026-08-09T12:17:22.744Z	WARN	high pin count 10
2026-08-09T12:17:52.745Z	WARN	high pin count 10
2026-08-09T12:19:22.747Z	WARN	high pin count 10
2026-08-09T12:19:52.748Z	WARN	high pin count 10
2026-08-09T12:20:22.754Z	WARN	high pin count 10
2026-08-09T12:20:52.754Z	WARN	high pin count 10
2026-08-09T12:21:22.755Z	WARN	high pin count 9
2026-08-09T12:22:22.756Z	WARN	high pin count 9
2026-08-09T12:22:52.755Z	WARN	high pin count 9
2026-08-09T12:23:22.761Z	WARN	high pin count 9
2026-08-09T12:24:22.762Z	WARN	high pin count 9
2026-08-09T12:24:52.762Z	WARN	high pin count 9
2026-08-09T12:25:22.762Z	WARN	high pin count 9
2026-08-09T12:25:52.762Z	WARN	high pin count 9
2026-08-09T12:26:22.762Z	WARN	high pin count 9
2026-08-09T12:26:52.763Z	WARN	high pin count 9
2026-08-09T12:27:22.764Z	WARN	high pin count 9
2026-08-09T12:27:52.765Z	WARN	high pin count 9
2026-08-09T12:29:22.764Z	WARN	high pin count 11
2026-08-09T12:29:52.764Z	WARN	high pin count 11
2026-08-09T12:30:22.764Z	WARN	high pin count 11
2026-08-09T12:30:52.765Z	WARN	high pin count 10
2026-08-09T12:31:22.765Z	WARN	high pin count 9
2026-08-09T12:31:52.766Z	WARN	high pin count 9
2026-08-09T12:32:22.767Z	WARN	high pin count 9
2026-08-09T12:32:52.767Z	WARN	high pin count 9
2026-08-09T12:33:22.767Z	WARN	high pin count 9
2026-08-09T12:33:52.767Z	WARN	high pin count 9
2026-08-09T12:35:22.769Z	WARN	high pin count 10
2026-08-09T12:35:52.771Z	WARN	high pin count 10
2026-08-09T12:36:22.772Z	WARN	high pin count 10
2026-08-09T12:36:52.774Z	WARN	high pin count 10
2026-08-09T12:37:22.774Z	WARN	high pin count 10
2026-08-09T12:37:52.775Z	WARN	high pin count 10
2026-08-09T12:38:22.777Z	WARN	high pin count 10
2026-08-09T12:38:52.777Z	WARN	high pin count 11
2026-08-09T12:39:22.779Z	WARN	high pin count 9
2026-08-09T12:39:52.780Z	WARN	high pin count 9
2026-08-09T12:40:22.784Z	WARN	high pin count 9
2026-08-09T12:40:52.784Z	WARN	high pin count 9
2026-08-09T12:41:22.786Z	WARN	high pin count 9
2026-08-09T12:41:52.787Z	WARN	high pin count 9
2026-08-09T12:42:22.788Z	WARN	high pin count 9
2026-08-09T12:42:52.788Z	WARN	high pin count 9
2026-08-09T12:43:22.787Z	WARN	high pin count 9
2026-08-09T12:43:52.790Z	WARN	high pin count 9
2026-08-09T12:44:22.789Z	WARN	high pin count 10
2026-08-09T12:44:52.790Z	WARN	high pin count 10
2026-08-09T12:45:22.791Z	WARN	high pin count 10
2026-08-09T12:45:52.792Z	WARN	high pin count 10
2026-08-09T12:46:22.792Z	WARN	high pin count 9
2026-08-09T12:46:52.793Z	WARN	high pin count 9
2026-08-09T12:47:22.792Z	WARN	high pin count 10
2026-08-09T12:47:52.792Z	WARN	high pin count 11
2026-08-09T12:48:22.794Z	WARN	high pin count 11
2026-08-09T12:48:52.794Z	WARN	high pin count 11
2026-08-09T12:49:22.795Z	WARN	high pin count 11
2026-08-09T12:49:52.795Z	WARN	high pin count 11
2026-08-09T12:50:22.796Z	WARN	high pin count 11
2026-08-09T12:50:52.796Z	WARN	high pin count 11
2026-08-09T12:51:22.797Z	WARN	high pin count 11
2026-08-09T12:51:52.798Z	WARN	high pin count 10
2026-08-09T12:52:22.801Z	WARN	high pin count 10
2026-08-09T12:52:52.801Z	WARN	high pin count 9
2026-08-09T12:53:22.801Z	WARN	high pin count 10
2026-08-09T12:53:52.802Z	WARN	high pin count 10
2026-08-09T12:54:22.802Z	WARN	high pin count 10
2026-08-09T12:54:52.803Z	WARN	high pin count 10
2026-08-09T12:55:52.805Z	WARN	high pin count 9
2026-08-09T12:56:22.805Z	WARN	high pin count 9
2026-08-09T12:56:52.806Z	WARN	high pin count 9
2026-08-09T12:57:22.807Z	WARN	high pin count 9
2026-08-09T12:58:22.807Z	WARN	high pin count 9
2026-08-09T12:58:52.808Z	WARN	high pin count 9
2026-08-09T12:59:22.809Z	WARN	high pin count 9
2026-08-09T12:59:52.808Z	WARN	high pin count 9
2026-08-09T13:00:22.809Z	WARN	high pin count 9
2026-08-09T13:00:52.811Z	WARN	high pin count 9
2026-08-09T13:01:22.811Z	WARN	high pin count 9
2026-08-09T13:01:52.813Z	WARN	high pin count 9
2026-08-09T13:02:52.813Z	WARN	high pin count 9
2026-08-09T13:03:22.813Z	WARN	high pin count 10
2026-08-09T13:03:52.814Z	WARN	high pin count 10
2026-08-09T13:04:22.814Z	WARN	high pin count 10
2026-08-09T13:04:52.815Z	WARN	high pin count 10
2026-08-09T13:05:22.816Z	WARN	high pin count 10
2026-08-09T13:05:52.817Z	WARN	high pin count 10
2026-08-09T13:06:22.818Z	WARN	high pin count 10
2026-08-09T13:06:52.817Z	WARN	high pin count 10
2026-08-09T13:07:22.818Z	WARN	high pin count 10
2026-08-09T13:07:52.817Z	WARN	high pin count 11
2026-08-09T13:08:22.824Z	WARN	high pin count 12
2026-08-09T13:08:52.824Z	WARN	high pin count 11
2026-08-09T13:09:22.825Z	WARN	high pin count 11
2026-08-09T13:09:52.826Z	WARN	high pin count 10
2026-08-09T13:10:22.827Z	WARN	high pin count 9
2026-08-09T13:10:52.828Z	WARN	high pin count 10
2026-08-09T13:11:22.829Z	WARN	high pin count 10
2026-08-09T13:12:52.831Z	WARN	high pin count 9
2026-08-09T13:13:22.833Z	WARN	high pin count 9
2026-08-09T13:13:52.833Z	WARN	high pin count 9
2026-08-09T13:14:22.833Z	WARN	high pin count 10
2026-08-09T13:16:52.835Z	WARN	high pin count 9
2026-08-09T13:17:22.835Z	WARN	high pin count 9
2026-08-09T13:17:52.836Z	WARN	high pin count 9
2026-08-09T13:18:22.835Z	WARN	high pin count 9
2026-08-09T13:19:22.836Z	WARN	high pin count 9
2026-08-09T13:19:52.837Z	WARN	high pin count 9
2026-08-09T13:20:22.838Z	WARN	high pin count 9
2026-08-09T13:20:52.838Z	WARN	high pin count 9
2026-08-09T13:24:52.844Z	WARN	high pin count 9
2026-08-09T13:25:22.849Z	WARN	high pin count 9
2026-08-09T13:29:22.861Z	WARN	high pin count 9
2026-08-09T14:05:52.914Z	WARN	high pin count 9
2026-08-09T14:07:22.916Z	WARN	high pin count 9
2026-08-09T14:07:52.917Z	WARN	high pin count 9
2026-08-09T14:11:52.922Z	WARN	high pin count 9
2026-08-09T14:13:52.925Z	WARN	high pin count 9
2026-08-09T14:14:22.925Z	WARN	high pin count 10
2026-08-09T14:14:52.925Z	WARN	high pin count 10
2026-08-09T14:15:22.925Z	WARN	high pin count 10
2026-08-09T14:15:52.925Z	WARN	high pin count 10
2026-08-09T14:16:22.925Z	WARN	high pin count 10
2026-08-09T14:16:52.926Z	WARN	high pin count 10
2026-08-09T14:17:22.927Z	WARN	high pin count 10
2026-08-09T14:17:52.926Z	WARN	high pin count 10
2026-08-09T14:18:22.927Z	WARN	high pin count 9
2026-08-09T14:22:22.937Z	WARN	high pin count 9
2026-08-09T14:22:52.936Z	WARN	high pin count 9
2026-08-09T14:23:22.945Z	WARN	high pin count 9
2026-08-09T14:23:52.945Z	WARN	high pin count 9
2026-08-09T14:26:22.950Z	WARN	high pin count 9
2026-08-09T14:30:52.953Z	WARN	high pin count 9
2026-08-09T14:31:22.954Z	WARN	high pin count 9
2026-08-09T14:31:52.954Z	WARN	high pin count 9
2026-08-09T14:49:22.980Z	WARN	high pin count 9
2026-08-09T14:53:22.984Z	WARN	high pin count 9
2026-08-09T14:53:52.983Z	WARN	high pin count 9
2026-08-09T14:54:22.984Z	WARN	high pin count 9
2026-08-09T14:54:52.984Z	WARN	high pin count 9
2026-08-09T14:55:22.985Z	WARN	high pin count 9
2026-08-09T14:55:52.985Z	WARN	high pin count 9
2026-08-09T14:56:22.986Z	WARN	high pin count 10
2026-08-09T14:56:52.987Z	WARN	high pin count 9
2026-08-09T14:58:52.990Z	WARN	high pin count 10
2026-08-09T14:59:52.991Z	WARN	high pin count 9
2026-08-09T15:00:22.992Z	WARN	high pin count 9
2026-08-09T15:00:52.994Z	WARN	high pin count 9
2026-08-09T15:01:22.995Z	WARN	high pin count 9
2026-08-09T15:01:52.994Z	WARN	high pin count 9
2026-08-09T15:05:22.998Z	WARN	high pin count 9
2026-08-09T15:05:52.999Z	WARN	high pin count 9
2026-08-09T15:10:23.006Z	WARN	high pin count 9
2026-08-09T15:10:53.006Z	WARN	high pin count 9
2026-08-09T15:11:23.006Z	WARN	high pin count 9
2026-08-09T15:11:53.012Z	WARN	high pin count 9
2026-08-09T15:13:23.018Z	WARN	high pin count 9
2026-08-09T15:13:53.019Z	WARN	high pin count 10
2026-08-09T15:15:53.020Z	WARN	high pin count 9
2026-08-09T15:16:23.022Z	WARN	high pin count 10
2026-08-09T15:16:53.022Z	WARN	high pin count 11
2026-08-09T15:17:23.022Z	WARN	high pin count 11
2026-08-09T15:17:53.022Z	WARN	high pin count 11
2026-08-09T15:18:23.023Z	WARN	high pin count 11
2026-08-09T15:18:53.022Z	WARN	high pin count 9
2026-08-09T15:19:23.023Z	WARN	high pin count 9
2026-08-09T15:19:53.024Z	WARN	high pin count 9
2026-08-09T15:20:23.024Z	WARN	high pin count 9
2026-08-09T15:20:53.025Z	WARN	high pin count 9
2026-08-09T15:21:23.025Z	WARN	high pin count 9
2026-08-09T15:22:23.025Z	WARN	high pin count 9
2026-08-09T15:22:53.026Z	WARN	high pin count 9
2026-08-09T15:23:23.026Z	WARN	high pin count 9
2026-08-09T15:23:53.026Z	WARN	high pin count 9
2026-08-09T15:24:23.027Z	WARN	high pin count 10
2026-08-09T15:24:53.027Z	WARN	high pin count 10
2026-08-09T15:25:23.027Z	WARN	high pin count 10
2026-08-09T15:25:53.029Z	WARN	high pin count 9
2026-08-09T15:26:23.030Z	WARN	high pin count 9
2026-08-09T15:26:53.031Z	WARN	high pin count 9
2026-08-09T15:27:23.032Z	WARN	high pin count 10
2026-08-09T15:27:53.033Z	WARN	high pin count 9
2026-08-09T15:28:23.035Z	WARN	high pin count 9
2026-08-09T15:28:53.035Z	WARN	high pin count 9
2026-08-09T15:29:23.036Z	WARN	high pin count 9
2026-08-09T15:29:53.036Z	WARN	high pin count 9
2026-08-09T15:30:23.039Z	WARN	high pin count 9
2026-08-09T15:30:53.038Z	WARN	high pin count 9
2026-08-09T15:31:23.039Z	WARN	high pin count 10
2026-08-09T15:31:53.041Z	WARN	high pin count 10
2026-08-09T15:32:23.041Z	WARN	high pin count 10
2026-08-09T15:32:53.042Z	WARN	high pin count 10
2026-08-09T15:33:23.043Z	WARN	high pin count 10
2026-08-09T15:33:53.044Z	WARN	high pin count 10
2026-08-09T15:34:23.045Z	WARN	high pin count 10
2026-08-09T15:34:53.046Z	WARN	high pin count 10
2026-08-09T15:35:23.047Z	WARN	high pin count 10
2026-08-09T15:35:53.046Z	WARN	high pin count 12
2026-08-09T15:36:23.046Z	WARN	high pin count 11
2026-08-09T15:36:53.047Z	WARN	high pin count 10
2026-08-09T15:37:23.048Z	WARN	high pin count 10
2026-08-09T15:37:53.048Z	WARN	high pin count 11
2026-08-09T15:38:23.049Z	WARN	high pin count 10
2026-08-09T15:38:53.050Z	WARN	high pin count 11
2026-08-09T15:39:23.050Z	WARN	high pin count 11
2026-08-09T15:39:53.052Z	WARN	high pin count 11
2026-08-09T15:40:23.051Z	WARN	high pin count 10
2026-08-09T15:40:53.052Z	WARN	high pin count 9
2026-08-09T15:41:23.052Z	WARN	high pin count 9
2026-08-09T15:41:53.052Z	WARN	high pin count 10
2026-08-09T15:42:23.051Z	WARN	high pin count 10
2026-08-09T15:42:53.051Z	WARN	high pin count 11
2026-08-09T15:43:23.053Z	WARN	high pin count 11
2026-08-09T15:44:23.055Z	WARN	high pin count 9
2026-08-09T15:44:53.055Z	WARN	high pin count 10
2026-08-09T15:45:23.057Z	WARN	high pin count 11
2026-08-09T15:45:53.056Z	WARN	high pin count 11
2026-08-09T15:46:23.057Z	WARN	high pin count 11
2026-08-09T15:46:53.058Z	WARN	high pin count 10
2026-08-09T15:47:23.058Z	WARN	high pin count 12
2026-08-09T15:47:53.059Z	WARN	high pin count 11
2026-08-09T15:48:23.060Z	WARN	high pin count 10
2026-08-09T15:48:53.062Z	WARN	high pin count 11
2026-08-09T15:49:23.062Z	WARN	high pin count 10
2026-08-09T15:49:53.064Z	WARN	high pin count 9
2026-08-09T15:50:23.064Z	WARN	high pin count 11
2026-08-09T15:50:53.065Z	WARN	high pin count 10
2026-08-09T15:51:23.065Z	WARN	high pin count 9
2026-08-09T15:51:53.066Z	WARN	high pin count 10
2026-08-09T15:52:23.066Z	WARN	high pin count 9
2026-08-09T15:52:53.067Z	WARN	high pin count 10
2026-08-09T15:53:23.068Z	WARN	high pin count 10
2026-08-09T15:53:53.069Z	WARN	high pin count 10
2026-08-09T15:54:23.069Z	WARN	high pin count 10
2026-08-09T15:54:53.068Z	WARN	high pin count 9
2026-08-09T15:59:53.073Z	WARN	high pin count 9
2026-08-09T16:00:23.073Z	WARN	high pin count 9
2026-08-09T16:03:23.075Z	WARN	high pin count 9
2026-08-09T16:04:23.075Z	WARN	high pin count 9
2026-08-09T16:04:53.075Z	WARN	high pin count 9
2026-08-09T16:05:23.088Z	WARN	high pin count 9
2026-08-09T16:06:53.091Z	WARN	high pin count 9
2026-08-09T16:08:23.092Z	WARN	high pin count 9
2026-08-09T16:08:53.093Z	WARN	high pin count 9
2026-08-09T16:09:23.093Z	WARN	high pin count 9
2026-08-09T16:09:53.092Z	WARN	high pin count 10
2026-08-09T16:10:23.092Z	WARN	high pin count 11
2026-08-09T16:11:23.092Z	WARN	high pin count 9
2026-08-09T16:11:53.093Z	WARN	high pin count 9
2026-08-09T16:12:23.094Z	WARN	high pin count 9
2026-08-09T16:12:53.094Z	WARN	high pin count 10
2026-08-09T16:13:23.094Z	WARN	high pin count 9
2026-08-09T16:13:53.095Z	WARN	high pin count 10
2026-08-09T16:14:23.094Z	WARN	high pin count 10
2026-08-09T16:14:53.095Z	WARN	high pin count 9
2026-08-09T16:15:23.096Z	WARN	high pin count 9
2026-08-09T16:15:53.097Z	WARN	high pin count 9
2026-08-09T16:16:23.097Z	WARN	high pin count 10
2026-08-09T16:16:53.098Z	WARN	high pin count 10
2026-08-09T16:17:23.098Z	WARN	high pin count 9
2026-08-09T16:17:53.098Z	WARN	high pin count 10
2026-08-09T16:18:23.099Z	WARN	high pin count 9
2026-08-09T16:18:53.099Z	WARN	high pin count 10
2026-08-09T16:19:23.101Z	WARN	high pin count 10
2026-08-09T16:19:53.101Z	WARN	high pin count 10
2026-08-09T16:20:23.101Z	WARN	high pin count 10
2026-08-09T16:20:53.102Z	WARN	high pin count 10
2026-08-09T16:21:23.103Z	WARN	high pin count 10
2026-08-09T16:21:53.104Z	WARN	high pin count 11
2026-08-09T16:22:23.106Z	WARN	high pin count 11
2026-08-09T16:22:53.108Z	WARN	high pin count 9
2026-08-09T16:23:23.108Z	WARN	high pin count 9
2026-08-09T16:24:23.108Z	WARN	high pin count 10
2026-08-09T16:24:53.109Z	WARN	high pin count 9
2026-08-09T16:25:23.110Z	WARN	high pin count 10
2026-08-09T16:25:53.112Z	WARN	high pin count 11
2026-08-09T16:26:23.111Z	WARN	high pin count 11
2026-08-09T16:26:53.112Z	WARN	high pin count 11
2026-08-09T16:27:23.112Z	WARN	high pin count 12
2026-08-09T16:27:53.113Z	WARN	high pin count 12
2026-08-09T16:28:23.113Z	WARN	high pin count 11
2026-08-09T16:28:53.114Z	WARN	high pin count 12
2026-08-09T16:29:23.115Z	WARN	high pin count 12
2026-08-09T16:29:53.115Z	WARN	high pin count 9
2026-08-09T16:30:23.116Z	WARN	high pin count 10
2026-08-09T16:30:53.117Z	WARN	high pin count 10
2026-08-09T16:31:23.119Z	WARN	high pin count 11
2026-08-09T16:31:53.119Z	WARN	high pin count 10
2026-08-09T16:32:23.121Z	WARN	high pin count 12
2026-08-09T16:32:53.122Z	WARN	high pin count 13
2026-08-09T16:33:23.122Z	WARN	high pin count 11
2026-08-09T16:33:53.123Z	WARN	high pin count 12
2026-08-09T16:34:23.124Z	WARN	high pin count 11
2026-08-09T16:34:53.125Z	WARN	high pin count 11
2026-08-09T16:35:23.125Z	WARN	high pin count 11
2026-08-09T16:35:53.125Z	WARN	high pin count 10
2026-08-09T16:36:23.126Z	WARN	high pin count 9
2026-08-09T16:36:53.126Z	WARN	high pin count 9
2026-08-09T16:37:23.126Z	WARN	high pin count 11
2026-08-09T16:37:53.126Z	WARN	high pin count 11
2026-08-09T16:38:23.127Z	WARN	high pin count 10
2026-08-09T16:38:53.127Z	WARN	high pin count 10
2026-08-09T16:39:23.127Z	WARN	high pin count 10
2026-08-09T16:39:53.129Z	WARN	high pin count 10
2026-08-09T16:40:23.130Z	WARN	high pin count 11
2026-08-09T16:40:53.130Z	WARN	high pin count 11
2026-08-09T16:41:23.132Z	WARN	high pin count 11
2026-08-09T16:41:53.132Z	WARN	high pin count 10
2026-08-09T16:42:23.133Z	WARN	high pin count 9
2026-08-09T16:42:53.134Z	WARN	high pin count 10
2026-08-09T16:43:23.135Z	WARN	high pin count 10
2026-08-09T16:43:53.135Z	WARN	high pin count 9
2026-08-09T16:44:23.136Z	WARN	high pin count 10
2026-08-09T16:44:53.140Z	WARN	high pin count 10
2026-08-09T16:45:23.141Z	WARN	high pin count 9
2026-08-09T16:45:53.141Z	WARN	high pin count 10
2026-08-09T16:46:23.142Z	WARN	high pin count 9
2026-08-09T16:46:53.143Z	WARN	high pin count 9
2026-08-09T16:47:23.142Z	WARN	high pin count 10
2026-08-09T16:47:53.142Z	WARN	high pin count 11
2026-08-09T16:48:23.143Z	WARN	high pin count 11
2026-08-09T16:48:53.144Z	WARN	high pin count 11
2026-08-09T16:49:23.144Z	WARN	high pin count 10
2026-08-09T16:52:23.148Z	WARN	high pin count 9
2026-08-09T16:52:53.147Z	WARN	high pin count 9
2026-08-09T16:53:23.147Z	WARN	high pin count 9
2026-08-09T16:53:53.148Z	WARN	high pin count 9
2026-08-09T16:55:23.149Z	WARN	high pin count 9
2026-08-09T16:57:23.149Z	WARN	high pin count 10
2026-08-09T16:57:53.150Z	WARN	high pin count 9
2026-08-09T16:58:23.152Z	WARN	high pin count 9
2026-08-09T16:59:53.154Z	WARN	high pin count 9
2026-08-09T17:00:23.157Z	WARN	high pin count 9
2026-08-09T17:00:53.156Z	WARN	high pin count 10
2026-08-09T17:01:23.156Z	WARN	high pin count 10
2026-08-09T17:01:53.156Z	WARN	high pin count 9
2026-08-09T17:08:23.163Z	WARN	high pin count 9
2026-08-09T17:08:53.161Z	WARN	high pin count 10
2026-08-09T17:09:23.162Z	WARN	high pin count 9
2026-08-09T17:09:53.163Z	WARN	high pin count 10
2026-08-09T17:10:23.164Z	WARN	high pin count 10
2026-08-09T17:10:53.163Z	WARN	high pin count 9
2026-08-09T17:13:53.167Z	WARN	high pin count 9
2026-08-09T17:15:23.168Z	WARN	high pin count 9
2026-08-09T17:15:53.169Z	WARN	high pin count 9
2026-08-09T17:16:23.169Z	WARN	high pin count 10
2026-08-09T17:16:53.169Z	WARN	high pin count 10
2026-08-09T17:17:23.169Z	WARN	high pin count 9
2026-08-09T17:17:53.170Z	WARN	high pin count 10
2026-08-09T17:18:23.171Z	WARN	high pin count 10
2026-08-09T17:18:53.172Z	WARN	high pin count 9
2026-08-09T17:19:23.173Z	WARN	high pin count 9
2026-08-09T17:19:53.174Z	WARN	high pin count 10
2026-08-09T17:20:23.175Z	WARN	high pin count 9
2026-08-09T17:20:53.175Z	WARN	high pin count 9
2026-08-09T17:21:23.176Z	WARN	high pin count 9
2026-08-09T17:21:53.178Z	WARN	high pin count 9
2026-08-09T17:23:53.180Z	WARN	high pin count 9
2026-08-09T17:25:53.186Z	WARN	high pin count 9
2026-08-09T17:26:23.188Z	WARN	high pin count 9
2026-08-09T17:26:53.188Z	WARN	high pin count 9
2026-08-09T17:27:23.189Z	WARN	high pin count 9
2026-08-09T17:29:23.189Z	WARN	high pin count 9
2026-08-09T17:29:53.191Z	WARN	high pin count 9
2026-08-09T17:30:23.190Z	WARN	high pin count 9
2026-08-09T17:30:53.191Z	WARN	high pin count 9
2026-08-09T17:31:23.190Z	WARN	high pin count 9
2026-08-09T17:31:53.191Z	WARN	high pin count 9
2026-08-09T17:32:23.192Z	WARN	high pin count 9
2026-08-09T17:40:23.200Z	WARN	high pin count 9
2026-08-09T17:40:53.201Z	WARN	high pin count 9
2026-08-09T17:41:23.201Z	WARN	high pin count 9
2026-08-09T17:41:53.204Z	WARN	high pin count 9
2026-08-09T17:42:23.204Z	WARN	high pin count 9
2026-08-09T17:42:53.205Z	WARN	high pin count 9
2026-08-09T17:43:23.206Z	WARN	high pin count 9
2026-08-09T17:43:53.207Z	WARN	high pin count 10
2026-08-09T17:44:23.206Z	WARN	high pin count 10
2026-08-09T17:44:53.207Z	WARN	high pin count 9
2026-08-09T17:46:53.214Z	WARN	high pin count 9
2026-08-09T17:48:53.216Z	WARN	high pin count 9
2026-08-09T17:49:23.216Z	WARN	high pin count 9
2026-08-09T17:49:53.217Z	WARN	high pin count 9
2026-08-09T17:50:23.217Z	WARN	high pin count 9
2026-08-09T17:50:53.217Z	WARN	high pin count 9
2026-08-09T17:51:23.218Z	WARN	high pin count 9
2026-08-09T17:51:53.218Z	WARN	high pin count 9
2026-08-09T17:52:23.218Z	WARN	high pin count 9
2026-08-09T17:52:53.220Z	WARN	high pin count 9
2026-08-09T17:53:23.220Z	WARN	high pin count 9
2026-08-09T17:53:53.220Z	WARN	high pin count 9
2026-08-09T17:54:23.221Z	WARN	high pin count 9
2026-08-09T17:54:53.222Z	WARN	high pin count 9
2026-08-09T17:55:23.222Z	WARN	high pin count 9
2026-08-09T17:55:53.222Z	WARN	high pin count 9
2026-08-09T17:56:23.222Z	WARN	high pin count 9
2026-08-09T17:56:53.224Z	WARN	high pin count 9
2026-08-09T17:57:23.224Z	WARN	high pin count 9
2026-08-09T17:57:53.225Z	WARN	high pin count 9
2026-08-09T17:58:23.226Z	WARN	high pin count 9
2026-08-09T17:58:53.227Z	WARN	high pin count 10
2026-08-09T17:59:23.229Z	WARN	high pin count 11
2026-08-09T17:59:53.231Z	WARN	high pin count 10
2026-08-09T18:00:53.233Z	WARN	high pin count 9
2026-08-09T18:01:23.233Z	WARN	high pin count 10
2026-08-09T18:01:53.234Z	WARN	high pin count 10
2026-08-09T18:02:23.234Z	WARN	high pin count 9
2026-08-09T18:03:23.236Z	WARN	high pin count 9
2026-08-09T18:03:53.238Z	WARN	high pin count 9
2026-08-09T18:04:23.238Z	WARN	high pin count 9
2026-08-09T18:04:53.239Z	WARN	high pin count 9
2026-08-09T18:05:23.239Z	WARN	high pin count 10
2026-08-09T18:05:53.238Z	WARN	high pin count 9
2026-08-09T18:10:23.246Z	WARN	high pin count 9
2026-08-09T18:10:53.245Z	WARN	high pin count 9
2026-08-09T18:14:53.249Z	WARN	high pin count 9
2026-08-09T18:15:23.250Z	WARN	high pin count 9
2026-08-09T18:15:53.252Z	WARN	high pin count 9
2026-08-09T18:16:23.252Z	WARN	high pin count 9
2026-08-09T18:18:53.255Z	WARN	high pin count 9
2026-08-09T18:19:23.256Z	WARN	high pin count 10
2026-08-09T18:19:53.256Z	WARN	high pin count 10
2026-08-09T18:20:23.257Z	WARN	high pin count 9
2026-08-09T18:21:23.257Z	WARN	high pin count 10
2026-08-09T18:21:53.259Z	WARN	high pin count 10
2026-08-09T18:22:23.260Z	WARN	high pin count 10
2026-08-09T18:22:53.261Z	WARN	high pin count 10
2026-08-09T18:23:23.261Z	WARN	high pin count 10
2026-08-09T18:23:53.262Z	WARN	high pin count 11
2026-08-09T18:24:23.264Z	WARN	high pin count 11
2026-08-09T18:24:53.265Z	WARN	high pin count 11
2026-08-09T18:25:23.266Z	WARN	high pin count 9
2026-08-09T18:25:53.267Z	WARN	high pin count 9
2026-08-09T18:26:23.268Z	WARN	high pin count 9
2026-08-09T18:26:53.267Z	WARN	high pin count 9
2026-08-09T18:27:23.268Z	WARN	high pin count 9
2026-08-09T18:27:53.270Z	WARN	high pin count 9
2026-08-09T18:28:23.270Z	WARN	high pin count 9
2026-08-09T18:28:53.271Z	WARN	high pin count 9
2026-08-09T18:29:23.271Z	WARN	high pin count 9
2026-08-09T18:29:53.272Z	WARN	high pin count 9
2026-08-09T18:30:23.272Z	WARN	high pin count 9
2026-08-09T18:30:53.272Z	WARN	high pin count 9
2026-08-09T18:33:23.274Z	WARN	high pin count 9
2026-08-09T18:33:53.273Z	WARN	high pin count 9
2026-08-09T18:34:23.275Z	WARN	high pin count 9
2026-08-09T18:34:53.274Z	WARN	high pin count 9
2026-08-09T18:37:23.277Z	WARN	high pin count 9
2026-08-09T18:37:53.279Z	WARN	high pin count 9
2026-08-09T18:38:23.278Z	WARN	high pin count 9
2026-08-09T18:38:53.278Z	WARN	high pin count 9
2026-08-09T18:40:23.281Z	WARN	high pin count 9
2026-08-09T18:40:53.281Z	WARN	high pin count 9
2026-08-09T18:41:23.282Z	WARN	high pin count 9
2026-08-09T18:41:53.281Z	WARN	high pin count 9
2026-08-09T18:42:23.282Z	WARN	high pin count 9
2026-08-09T18:42:53.282Z	WARN	high pin count 9
2026-08-09T18:43:23.283Z	WARN	high pin count 10
2026-08-09T18:43:53.284Z	WARN	high pin count 9
2026-08-09T18:44:23.284Z	WARN	high pin count 9
2026-08-09T18:44:53.284Z	WARN	high pin count 9
2026-08-09T18:45:23.284Z	WARN	high pin count 9
2026-08-09T18:45:53.285Z	WARN	high pin count 9
2026-08-09T18:46:23.284Z	WARN	high pin count 9
2026-08-09T18:46:53.285Z	WARN	high pin count 9
2026-08-09T18:47:23.285Z	WARN	high pin count 9
2026-08-09T18:47:53.286Z	WARN	high pin count 9
2026-08-09T18:48:23.286Z	WARN	high pin count 9
2026-08-09T18:48:53.288Z	WARN	high pin count 9
2026-08-09T18:49:23.288Z	WARN	high pin count 9
2026-08-09T18:49:53.288Z	WARN	high pin count 9
2026-08-09T18:50:23.289Z	WARN	high pin count 9
2026-08-09T18:52:53.293Z	WARN	high pin count 9
2026-08-09T18:53:23.295Z	WARN	high pin count 9
2026-08-09T18:53:53.298Z	WARN	high pin count 10
2026-08-09T18:54:23.298Z	WARN	high pin count 10
2026-08-09T18:54:53.299Z	WARN	high pin count 10
2026-08-09T18:55:23.299Z	WARN	high pin count 10
2026-08-09T18:55:53.301Z	WARN	high pin count 9
2026-08-09T18:56:23.301Z	WARN	high pin count 9
2026-08-09T18:56:53.302Z	WARN	high pin count 9
2026-08-09T18:57:23.303Z	WARN	high pin count 9
2026-08-09T18:58:53.306Z	WARN	high pin count 9
2026-08-09T18:59:23.306Z	WARN	high pin count 9
2026-08-09T18:59:53.307Z	WARN	high pin count 9
2026-08-09T19:00:23.309Z	WARN	high pin count 9
2026-08-09T19:00:53.309Z	WARN	high pin count 9
2026-08-09T19:01:23.311Z	WARN	high pin count 9
2026-08-09T19:01:53.313Z	WARN	high pin count 9
2026-08-09T19:02:23.311Z	WARN	high pin count 9
2026-08-09T19:02:53.316Z	WARN	high pin count 9
2026-08-09T19:03:23.315Z	WARN	high pin count 9
2026-08-09T19:05:53.319Z	WARN	high pin count 9
2026-08-09T19:06:23.319Z	WARN	high pin count 9
2026-08-09T19:06:53.320Z	WARN	high pin count 9
2026-08-09T19:07:23.321Z	WARN	high pin count 9
2026-08-09T19:10:23.324Z	WARN	high pin count 9
2026-08-09T19:12:23.325Z	WARN	high pin count 9
2026-08-09T19:12:53.328Z	WARN	high pin count 9
2026-08-09T19:13:23.327Z	WARN	high pin count 9
2026-08-09T19:15:23.330Z	WARN	high pin count 9
2026-08-09T19:15:53.330Z	WARN	high pin count 9
2026-08-09T19:17:23.330Z	WARN	high pin count 9
2026-08-09T19:17:53.331Z	WARN	high pin count 9
2026-08-09T19:18:23.331Z	WARN	high pin count 9
2026-08-09T19:19:53.332Z	WARN	high pin count 10
2026-08-09T19:20:23.332Z	WARN	high pin count 9
2026-08-09T19:20:53.333Z	WARN	high pin count 10
2026-08-09T19:21:23.334Z	WARN	high pin count 10
2026-08-09T19:21:53.335Z	WARN	high pin count 11
2026-08-09T19:22:23.335Z	WARN	high pin count 11
2026-08-09T19:22:53.335Z	WARN	high pin count 11
2026-08-09T19:23:23.336Z	WARN	high pin count 10
2026-08-09T19:23:53.339Z	WARN	high pin count 9
2026-08-09T19:24:23.339Z	WARN	high pin count 9
2026-08-09T19:25:53.339Z	WARN	high pin count 9
2026-08-09T19:26:23.340Z	WARN	high pin count 10
2026-08-09T19:26:53.340Z	WARN	high pin count 9
2026-08-09T19:27:23.341Z	WARN	high pin count 9
2026-08-09T19:27:53.341Z	WARN	high pin count 10
2026-08-09T19:28:23.341Z	WARN	high pin count 10
2026-08-09T19:28:53.342Z	WARN	high pin count 10
2026-08-09T19:29:23.342Z	WARN	high pin count 10
2026-08-09T19:29:53.342Z	WARN	high pin count 9
2026-08-09T19:30:23.342Z	WARN	high pin count 9
2026-08-09T19:30:53.343Z	WARN	high pin count 9
2026-08-09T19:31:23.343Z	WARN	high pin count 9
2026-08-09T19:31:53.344Z	WARN	high pin count 9
2026-08-09T19:32:23.344Z	WARN	high pin count 10
2026-08-09T19:32:53.344Z	WARN	high pin count 9
2026-08-09T19:33:23.345Z	WARN	high pin count 9
2026-08-09T19:33:53.347Z	WARN	high pin count 9
2026-08-09T19:34:23.347Z	WARN	high pin count 10
2026-08-09T19:34:53.346Z	WARN	high pin count 10
2026-08-09T19:35:23.347Z	WARN	high pin count 10
2026-08-09T19:35:53.347Z	WARN	high pin count 9
2026-08-09T19:36:23.347Z	WARN	high pin count 9
2026-08-09T19:36:53.347Z	WARN	high pin count 9
2026-08-09T19:37:23.347Z	WARN	high pin count 9
2026-08-09T19:37:53.347Z	WARN	high pin count 9
2026-08-09T19:38:23.347Z	WARN	high pin count 9
2026-08-09T19:38:53.349Z	WARN	high pin count 9
2026-08-09T19:39:23.350Z	WARN	high pin count 9
2026-08-09T19:39:53.351Z	WARN	high pin count 9
2026-08-09T19:40:23.355Z	WARN	high pin count 9
2026-08-09T19:41:53.355Z	WARN	high pin count 9
2026-08-09T19:42:23.355Z	WARN	high pin count 10
2026-08-09T19:42:53.356Z	WARN	high pin count 10
2026-08-09T19:43:23.357Z	WARN	high pin count 10
2026-08-09T19:43:53.357Z	WARN	high pin count 9
2026-08-09T19:44:23.358Z	WARN	high pin count 9
2026-08-09T19:44:53.359Z	WARN	high pin count 9
2026-08-09T19:45:23.359Z	WARN	high pin count 9
2026-08-09T19:45:53.360Z	WARN	high pin count 9
2026-08-09T19:46:23.360Z	WARN	high pin count 9
2026-08-09T19:47:23.361Z	WARN	high pin count 9
2026-08-09T19:47:53.362Z	WARN	high pin count 10
2026-08-09T19:48:23.363Z	WARN	high pin count 10
2026-08-09T19:48:53.363Z	WARN	high pin count 10
2026-08-09T19:49:23.364Z	WARN	high pin count 10
2026-08-09T19:49:53.364Z	WARN	high pin count 9
2026-08-09T19:50:23.365Z	WARN	high pin count 9
2026-08-09T19:50:53.366Z	WARN	high pin count 9
2026-08-09T19:51:23.367Z	WARN	high pin count 9
2026-08-09T19:51:53.368Z	WARN	high pin count 9
2026-08-09T19:52:23.369Z	WARN	high pin count 9
2026-08-09T19:53:53.370Z	WARN	high pin count 9
2026-08-09T19:54:23.373Z	WARN	high pin count 10
2026-08-09T19:54:53.373Z	WARN	high pin count 9
2026-08-09T19:55:23.374Z	WARN	high pin count 9
2026-08-09T19:55:53.375Z	WARN	high pin count 9
2026-08-09T19:56:23.375Z	WARN	high pin count 10
2026-08-09T19:56:53.375Z	WARN	high pin count 10
2026-08-09T19:57:23.376Z	WARN	high pin count 9
2026-08-09T19:57:53.377Z	WARN	high pin count 9
2026-08-09T19:58:23.378Z	WARN	high pin count 9
2026-08-09T19:58:53.379Z	WARN	high pin count 9
2026-08-09T19:59:53.380Z	WARN	high pin count 9
2026-08-09T20:06:23.391Z	WARN	high pin count 9
2026-08-09T20:06:53.392Z	WARN	high pin count 9
2026-08-09T20:07:23.392Z	WARN	high pin count 9
2026-08-09T20:07:53.392Z	WARN	high pin count 9
2026-08-09T20:08:23.393Z	WARN	high pin count 9
2026-08-09T20:08:53.393Z	WARN	high pin count 9
2026-08-09T20:09:23.394Z	WARN	high pin count 9
2026-08-09T20:09:53.395Z	WARN	high pin count 10
2026-08-09T20:10:23.396Z	WARN	high pin count 10
2026-08-09T20:10:53.397Z	WARN	high pin count 10
2026-08-09T20:11:23.397Z	WARN	high pin count 10
2026-08-09T20:11:53.397Z	WARN	high pin count 9
2026-08-09T20:12:23.397Z	WARN	high pin count 9
2026-08-09T20:12:53.399Z	WARN	high pin count 9
2026-08-09T20:13:23.399Z	WARN	high pin count 9
2026-08-09T20:13:53.400Z	WARN	high pin count 9
2026-08-09T20:14:23.401Z	WARN	high pin count 9
2026-08-09T20:14:53.401Z	WARN	high pin count 9
2026-08-09T20:15:23.401Z	WARN	high pin count 9
2026-08-09T20:15:53.401Z	WARN	high pin count 9
2026-08-09T20:16:23.402Z	WARN	high pin count 9
2026-08-09T20:16:53.403Z	WARN	high pin count 9
2026-08-09T20:17:23.406Z	WARN	high pin count 10
2026-08-09T20:17:53.405Z	WARN	high pin count 11
2026-08-09T20:18:23.405Z	WARN	high pin count 11
2026-08-09T20:18:53.406Z	WARN	high pin count 10
2026-08-09T20:19:23.407Z	WARN	high pin count 10
2026-08-09T20:19:53.408Z	WARN	high pin count 10
2026-08-09T20:20:23.413Z	WARN	high pin count 10
2026-08-09T20:20:53.413Z	WARN	high pin count 10
2026-08-09T20:21:23.413Z	WARN	high pin count 11
2026-08-09T20:22:23.414Z	WARN	high pin count 9
2026-08-09T20:23:23.416Z	WARN	high pin count 11
2026-08-09T20:23:53.420Z	WARN	high pin count 10
2026-08-09T20:24:23.420Z	WARN	high pin count 10
2026-08-09T20:24:53.420Z	WARN	high pin count 9
2026-08-09T20:25:23.420Z	WARN	high pin count 9
2026-08-09T20:25:53.421Z	WARN	high pin count 10
2026-08-09T20:26:23.421Z	WARN	high pin count 9
2026-08-09T20:26:53.423Z	WARN	high pin count 9
2026-08-09T20:29:23.423Z	WARN	high pin count 10
2026-08-09T20:29:53.424Z	WARN	high pin count 9
2026-08-09T20:30:23.424Z	WARN	high pin count 9
2026-08-09T20:30:53.424Z	WARN	high pin count 9
2026-08-09T20:31:23.425Z	WARN	high pin count 10
2026-08-09T20:31:53.427Z	WARN	high pin count 10
2026-08-09T20:33:53.429Z	WARN	high pin count 9
2026-08-09T20:34:23.429Z	WARN	high pin count 10
2026-08-09T20:34:53.430Z	WARN	high pin count 10
2026-08-09T20:35:23.430Z	WARN	high pin count 10
2026-08-09T20:35:53.431Z	WARN	high pin count 9
2026-08-09T20:36:23.431Z	WARN	high pin count 9
2026-08-09T20:36:53.432Z	WARN	high pin count 9
2026-08-09T20:37:23.432Z	WARN	high pin count 9
2026-08-09T20:37:53.433Z	WARN	high pin count 9
2026-08-09T20:38:23.435Z	WARN	high pin count 9
2026-08-09T20:38:53.434Z	WARN	high pin count 9
2026-08-09T20:39:23.435Z	WARN	high pin count 9
2026-08-09T20:39:53.436Z	WARN	high pin count 9
2026-08-09T20:40:23.437Z	WARN	high pin count 9
2026-08-09T20:40:53.438Z	WARN	high pin count 9
2026-08-09T20:41:23.437Z	WARN	high pin count 9
2026-08-09T20:41:53.438Z	WARN	high pin count 9
2026-08-09T20:42:23.438Z	WARN	high pin count 9
2026-08-09T20:42:53.439Z	WARN	high pin count 9
2026-08-09T20:43:23.439Z	WARN	high pin count 9
2026-08-09T20:43:53.440Z	WARN	high pin count 9
2026-08-09T20:44:23.442Z	WARN	high pin count 9
2026-08-09T20:44:53.442Z	WARN	high pin count 9
2026-08-09T20:45:23.443Z	WARN	high pin count 9
2026-08-09T20:45:53.444Z	WARN	high pin count 10
2026-08-09T20:46:23.445Z	WARN	high pin count 9
2026-08-09T20:46:53.447Z	WARN	high pin count 9
2026-08-09T20:47:23.446Z	WARN	high pin count 9
2026-08-09T20:47:53.448Z	WARN	high pin count 9
2026-08-09T20:48:23.447Z	WARN	high pin count 9
2026-08-09T20:48:53.449Z	WARN	high pin count 10
2026-08-09T20:49:23.451Z	WARN	high pin count 9
2026-08-09T20:49:53.451Z	WARN	high pin count 9
2026-08-09T20:50:23.452Z	WARN	high pin count 9
2026-08-09T20:50:53.453Z	WARN	high pin count 10
2026-08-09T20:51:23.454Z	WARN	high pin count 10
2026-08-09T20:51:53.454Z	WARN	high pin count 11
2026-08-09T20:52:23.455Z	WARN	high pin count 10
2026-08-09T20:52:53.455Z	WARN	high pin count 10
2026-08-09T20:53:23.456Z	WARN	high pin count 10
2026-08-09T20:53:53.456Z	WARN	high pin count 11
2026-08-09T20:54:23.456Z	WARN	high pin count 10
2026-08-09T20:54:53.458Z	WARN	high pin count 9
2026-08-09T20:57:23.462Z	WARN	high pin count 9
2026-08-09T20:57:53.464Z	WARN	high pin count 10
2026-08-09T20:58:23.464Z	WARN	high pin count 10
2026-08-09T20:58:53.464Z	WARN	high pin count 10
2026-08-09T20:59:23.463Z	WARN	high pin count 9
2026-08-09T20:59:53.463Z	WARN	high pin count 9
2026-08-09T21:00:23.463Z	WARN	high pin count 9
2026-08-09T21:00:53.464Z	WARN	high pin count 9
2026-08-09T21:02:23.466Z	WARN	high pin count 9
2026-08-09T21:02:53.467Z	WARN	high pin count 9
2026-08-09T21:03:23.468Z	WARN	high pin count 9
2026-08-09T21:08:23.472Z	WARN	high pin count 10
2026-08-09T21:08:53.473Z	WARN	high pin count 10
2026-08-09T21:10:23.475Z	WARN	high pin count 9
2026-08-09T21:10:53.475Z	WARN	high pin count 10
2026-08-09T21:11:23.476Z	WARN	high pin count 9
2026-08-09T21:11:53.476Z	WARN	high pin count 9
2026-08-09T21:12:23.477Z	WARN	high pin count 9
2026-08-09T21:12:53.477Z	WARN	high pin count 10
2026-08-09T21:13:23.478Z	WARN	high pin count 10
2026-08-09T21:13:53.478Z	WARN	high pin count 10
2026-08-09T21:14:23.477Z	WARN	high pin count 9
2026-08-09T21:14:53.478Z	WARN	high pin count 9
2026-08-09T21:15:53.479Z	WARN	high pin count 9
2026-08-09T21:16:23.479Z	WARN	high pin count 9
2026-08-09T21:16:53.480Z	WARN	high pin count 9
2026-08-09T21:17:23.480Z	WARN	high pin count 9
2026-08-09T21:17:53.479Z	WARN	high pin count 10
2026-08-09T21:18:23.481Z	WARN	high pin count 10
2026-08-09T21:18:53.482Z	WARN	high pin count 9
2026-08-09T21:19:23.484Z	WARN	high pin count 9
2026-08-09T21:19:53.484Z	WARN	high pin count 9
2026-08-09T21:20:53.483Z	WARN	high pin count 9
2026-08-09T21:21:23.483Z	WARN	high pin count 10
2026-08-09T21:21:53.484Z	WARN	high pin count 10
2026-08-09T21:22:23.485Z	WARN	high pin count 10
2026-08-09T21:22:53.485Z	WARN	high pin count 10
2026-08-09T21:23:23.484Z	WARN	high pin count 10
2026-08-09T21:24:53.487Z	WARN	high pin count 9
2026-08-09T21:29:23.489Z	WARN	high pin count 9
2026-08-09T21:30:23.491Z	WARN	high pin count 9
2026-08-09T21:30:53.493Z	WARN	high pin count 9
2026-08-09T21:31:23.493Z	WARN	high pin count 9
2026-08-09T21:31:53.494Z	WARN	high pin count 9
2026-08-09T21:32:23.494Z	WARN	high pin count 9
2026-08-09T21:34:53.497Z	WARN	high pin count 9
2026-08-09T21:35:23.496Z	WARN	high pin count 9
2026-08-09T21:35:53.496Z	WARN	high pin count 9
2026-08-09T21:37:53.500Z	WARN	high pin count 9
2026-08-09T21:38:23.501Z	WARN	high pin count 9
2026-08-09T21:38:53.502Z	WARN	high pin count 9
2026-08-09T21:39:23.502Z	WARN	high pin count 9
2026-08-09T21:39:53.502Z	WARN	high pin count 9
2026-08-09T21:40:23.502Z	WARN	high pin count 9
2026-08-09T21:40:53.502Z	WARN	high pin count 9
2026-08-09T21:42:23.501Z	WARN	high pin count 10
2026-08-09T21:42:53.502Z	WARN	high pin count 10
2026-08-09T21:43:23.502Z	WARN	high pin count 9
2026-08-09T21:43:53.503Z	WARN	high pin count 9
2026-08-09T21:44:23.503Z	WARN	high pin count 9
2026-08-09T21:44:53.504Z	WARN	high pin count 9
2026-08-09T21:45:23.503Z	WARN	high pin count 10
2026-08-09T21:45:53.504Z	WARN	high pin count 11
2026-08-09T21:46:23.504Z	WARN	high pin count 11
2026-08-09T21:46:53.505Z	WARN	high pin count 11
2026-08-09T21:47:23.507Z	WARN	high pin count 11
2026-08-09T21:47:53.507Z	WARN	high pin count 9
2026-08-09T21:48:23.507Z	WARN	high pin count 10
2026-08-09T21:48:53.508Z	WARN	high pin count 9
2026-08-09T21:49:23.508Z	WARN	high pin count 9
2026-08-09T21:49:53.509Z	WARN	high pin count 9
2026-08-09T21:50:23.509Z	WARN	high pin count 9
2026-08-09T21:50:53.511Z	WARN	high pin count 10
2026-08-09T21:51:23.512Z	WARN	high pin count 9
2026-08-09T21:51:53.513Z	WARN	high pin count 9
2026-08-09T21:52:23.514Z	WARN	high pin count 9
2026-08-09T21:52:53.513Z	WARN	high pin count 9
2026-08-09T21:53:23.515Z	WARN	high pin count 9
2026-08-09T21:55:53.518Z	WARN	high pin count 9
2026-08-09T21:56:23.518Z	WARN	high pin count 9
2026-08-09T21:56:53.519Z	WARN	high pin count 9
2026-08-09T21:57:23.519Z	WARN	high pin count 9
2026-08-09T21:57:53.520Z	WARN	high pin count 9
2026-08-09T21:58:23.520Z	WARN	high pin count 9
2026-08-09T21:58:53.521Z	WARN	high pin count 9
2026-08-09T21:59:23.521Z	WARN	high pin count 9
2026-08-09T21:59:53.521Z	WARN	high pin count 9
2026-08-09T22:00:23.521Z	WARN	high pin count 9
2026-08-09T22:00:53.522Z	WARN	high pin count 9
2026-08-09T22:01:23.522Z	WARN	high pin count 10
2026-08-09T22:01:53.523Z	WARN	high pin count 10
2026-08-09T22:02:23.524Z	WARN	high pin count 10
2026-08-09T22:02:53.524Z	WARN	high pin count 10
2026-08-09T22:03:23.525Z	WARN	high pin count 10
2026-08-09T22:03:53.525Z	WARN	high pin count 10
2026-08-09T22:04:23.526Z	WARN	high pin count 10
2026-08-09T22:04:53.527Z	WARN	high pin count 11
2026-08-09T22:05:23.527Z	WARN	high pin count 11
2026-08-09T22:05:53.528Z	WARN	high pin count 11
2026-08-09T22:06:23.527Z	WARN	high pin count 11
2026-08-09T22:06:53.528Z	WARN	high pin count 11
2026-08-09T22:07:23.527Z	WARN	high pin count 11
2026-08-09T22:07:53.527Z	WARN	high pin count 10
2026-08-09T22:08:23.528Z	WARN	high pin count 12
2026-08-09T22:08:53.528Z	WARN	high pin count 11
2026-08-09T22:09:23.528Z	WARN	high pin count 11
2026-08-09T22:09:53.529Z	WARN	high pin count 11
2026-08-09T22:10:23.530Z	WARN	high pin count 10
2026-08-09T22:10:53.531Z	WARN	high pin count 11
2026-08-09T22:11:23.531Z	WARN	high pin count 11
2026-08-09T22:11:53.532Z	WARN	high pin count 9
2026-08-09T22:12:23.533Z	WARN	high pin count 11
2026-08-09T22:12:53.534Z	WARN	high pin count 11
2026-08-09T22:13:23.534Z	WARN	high pin count 11
2026-08-09T22:13:53.535Z	WARN	high pin count 11
2026-08-09T22:14:23.536Z	WARN	high pin count 10
2026-08-09T22:14:53.535Z	WARN	high pin count 11
2026-08-09T22:15:23.536Z	WARN	high pin count 11
2026-08-09T22:15:53.537Z	WARN	high pin count 11
2026-08-09T22:16:23.537Z	WARN	high pin count 10
2026-08-09T22:16:53.538Z	WARN	high pin count 11
2026-08-09T22:17:23.538Z	WARN	high pin count 11
2026-08-09T22:17:53.539Z	WARN	high pin count 11
2026-08-09T22:18:23.538Z	WARN	high pin count 11
2026-08-09T22:18:53.538Z	WARN	high pin count 10
2026-08-09T22:19:23.539Z	WARN	high pin count 10
2026-08-09T22:19:53.540Z	WARN	high pin count 10
2026-08-09T22:20:23.542Z	WARN	high pin count 11
2026-08-09T22:20:53.542Z	WARN	high pin count 10
2026-08-09T22:21:23.543Z	WARN	high pin count 10
2026-08-09T22:21:53.544Z	WARN	high pin count 11
2026-08-09T22:22:23.545Z	WARN	high pin count 12
2026-08-09T22:22:53.548Z	WARN	high pin count 11
2026-08-09T22:23:23.549Z	WARN	high pin count 11
2026-08-09T22:23:53.549Z	WARN	high pin count 12
2026-08-09T22:24:23.548Z	WARN	high pin count 11
2026-08-09T22:24:53.549Z	WARN	high pin count 11
2026-08-09T22:25:23.548Z	WARN	high pin count 11
2026-08-09T22:25:53.549Z	WARN	high pin count 10
2026-08-09T22:26:23.550Z	WARN	high pin count 10
2026-08-09T22:26:53.551Z	WARN	high pin count 10
2026-08-09T22:27:23.552Z	WARN	high pin count 10
2026-08-09T22:27:53.553Z	WARN	high pin count 10
2026-08-09T22:28:23.554Z	WARN	high pin count 11
2026-08-09T22:28:53.555Z	WARN	high pin count 11
2026-08-09T22:29:23.556Z	WARN	high pin count 11
2026-08-09T22:29:53.557Z	WARN	high pin count 11
2026-08-09T22:30:23.558Z	WARN	high pin count 10
2026-08-09T22:30:53.558Z	WARN	high pin count 10
2026-08-09T22:31:23.559Z	WARN	high pin count 10
2026-08-09T22:31:53.559Z	WARN	high pin count 10
2026-08-09T22:32:23.558Z	WARN	high pin count 11
2026-08-09T22:32:53.559Z	WARN	high pin count 11
2026-08-09T22:33:23.559Z	WARN	high pin count 11
2026-08-09T22:33:53.560Z	WARN	high pin count 11
2026-08-09T22:34:23.559Z	WARN	high pin count 11
2026-08-09T22:34:53.560Z	WARN	high pin count 11
2026-08-09T22:35:23.562Z	WARN	high pin count 11
2026-08-09T22:35:53.562Z	WARN	high pin count 11
2026-08-09T22:36:23.563Z	WARN	high pin count 10
2026-08-09T22:36:53.563Z	WARN	high pin count 10
2026-08-09T22:37:23.565Z	WARN	high pin count 10
2026-08-09T22:37:53.564Z	WARN	high pin count 10
2026-08-09T22:38:23.565Z	WARN	high pin count 11
2026-08-09T22:38:53.566Z	WARN	high pin count 11
2026-08-09T22:39:23.565Z	WARN	high pin count 11
2026-08-09T22:39:53.566Z	WARN	high pin count 11
2026-08-09T22:40:23.566Z	WARN	high pin count 11
2026-08-09T22:40:53.566Z	WARN	high pin count 11
2026-08-09T22:41:23.567Z	WARN	high pin count 11
2026-08-09T22:41:53.567Z	WARN	high pin count 11
2026-08-09T22:42:23.568Z	WARN	high pin count 10
2026-08-09T22:42:53.567Z	WARN	high pin count 10
2026-08-09T22:43:23.568Z	WARN	high pin count 10
2026-08-09T22:43:53.569Z	WARN	high pin count 10
2026-08-09T22:44:23.570Z	WARN	high pin count 10
2026-08-09T22:44:53.570Z	WARN	high pin count 10
2026-08-09T22:45:23.570Z	WARN	high pin count 10
2026-08-09T22:45:53.571Z	WARN	high pin count 10
2026-08-09T22:46:23.572Z	WARN	high pin count 10
2026-08-09T22:46:53.573Z	WARN	high pin count 10
2026-08-09T22:47:23.573Z	WARN	high pin count 10
2026-08-09T22:47:53.574Z	WARN	high pin count 10
2026-08-09T22:48:23.573Z	WARN	high pin count 10
2026-08-09T22:48:53.574Z	WARN	high pin count 10
2026-08-09T22:49:23.574Z	WARN	high pin count 10
2026-08-09T22:49:53.573Z	WARN	high pin count 11
2026-08-09T22:50:23.574Z	WARN	high pin count 11
2026-08-09T22:50:53.574Z	WARN	high pin count 11
2026-08-09T22:51:23.574Z	WARN	high pin count 11
2026-08-09T22:51:53.575Z	WARN	high pin count 10
2026-08-09T22:52:23.576Z	WARN	high pin count 10
2026-08-09T22:52:53.576Z	WARN	high pin count 10
2026-08-09T22:53:23.577Z	WARN	high pin count 10
2026-08-09T22:53:53.580Z	WARN	high pin count 10
2026-08-09T22:54:23.581Z	WARN	high pin count 10
2026-08-09T22:54:53.581Z	WARN	high pin count 11
2026-08-09T22:55:23.580Z	WARN	high pin count 11
2026-08-09T22:55:53.581Z	WARN	high pin count 11
2026-08-09T22:56:23.580Z	WARN	high pin count 11
2026-08-09T22:56:53.581Z	WARN	high pin count 10
2026-08-09T22:57:23.581Z	WARN	high pin count 10
2026-08-09T22:57:53.581Z	WARN	high pin count 10
2026-08-09T22:58:23.581Z	WARN	high pin count 10
2026-08-09T22:58:53.581Z	WARN	high pin count 10
2026-08-09T22:59:23.583Z	WARN	high pin count 11
2026-08-09T22:59:53.583Z	WARN	high pin count 11
2026-08-09T23:00:23.629Z	WARN	high pin count 11
2026-08-09T23:00:53.611Z	WARN	high pin count 11
2026-08-09T23:01:23.612Z	WARN	high pin count 10
2026-08-09T23:01:53.613Z	WARN	high pin count 10
2026-08-09T23:02:23.613Z	WARN	high pin count 11
2026-08-09T23:02:53.614Z	WARN	high pin count 11
2026-08-09T23:03:23.614Z	WARN	high pin count 11
2026-08-09T23:03:53.612Z	WARN	high pin count 11
2026-08-09T23:04:23.614Z	WARN	high pin count 10
2026-08-09T23:04:53.614Z	WARN	high pin count 11
2026-08-09T23:05:23.615Z	WARN	high pin count 10
2026-08-09T23:05:53.616Z	WARN	high pin count 11
2026-08-09T23:06:23.618Z	WARN	high pin count 11
2026-08-09T23:06:53.619Z	WARN	high pin count 11
2026-08-09T23:07:23.620Z	WARN	high pin count 11
2026-08-09T23:07:53.621Z	WARN	high pin count 11
2026-08-09T23:08:23.620Z	WARN	high pin count 11
2026-08-09T23:08:53.622Z	WARN	high pin count 11
2026-08-09T23:09:23.621Z	WARN	high pin count 11
2026-08-09T23:09:53.622Z	WARN	high pin count 10
2026-08-09T23:10:23.622Z	WARN	high pin count 11
2026-08-09T23:10:53.623Z	WARN	high pin count 11
2026-08-09T23:11:23.623Z	WARN	high pin count 11
2026-08-09T23:11:53.623Z	WARN	high pin count 11
2026-08-09T23:12:23.624Z	WARN	high pin count 10
2026-08-09T23:12:53.624Z	WARN	high pin count 11
2026-08-09T23:13:23.625Z	WARN	high pin count 11
2026-08-09T23:13:53.625Z	WARN	high pin count 11
2026-08-09T23:14:23.625Z	WARN	high pin count 11
2026-08-09T23:14:53.626Z	WARN	high pin count 11
2026-08-09T23:15:23.627Z	WARN	high pin count 10
2026-08-09T23:15:53.627Z	WARN	high pin count 11
2026-08-09T23:16:23.627Z	WARN	high pin count 11
2026-08-09T23:16:53.628Z	WARN	high pin count 11
2026-08-09T23:17:23.629Z	WARN	high pin count 10
2026-08-09T23:17:53.629Z	WARN	high pin count 10
2026-08-09T23:18:23.630Z	WARN	high pin count 10
2026-08-09T23:18:53.630Z	WARN	high pin count 10
2026-08-09T23:19:23.630Z	WARN	high pin count 10
2026-08-09T23:19:53.631Z	WARN	high pin count 10
2026-08-09T23:20:23.632Z	WARN	high pin count 10
2026-08-09T23:20:53.633Z	WARN	high pin count 10
2026-08-09T23:21:23.634Z	WARN	high pin count 10
2026-08-09T23:21:53.634Z	WARN	high pin count 10
2026-08-09T23:22:23.635Z	WARN	high pin count 10
2026-08-09T23:22:53.636Z	WARN	high pin count 10
2026-08-09T23:23:23.637Z	WARN	high pin count 10
2026-08-09T23:23:53.638Z	WARN	high pin count 10
2026-08-09T23:24:23.639Z	WARN	high pin count 10
2026-08-09T23:24:53.640Z	WARN	high pin count 10
2026-08-09T23:25:23.641Z	WARN	high pin count 10
2026-08-09T23:25:53.644Z	WARN	high pin count 10
2026-08-09T23:26:23.645Z	WARN	high pin count 11
2026-08-09T23:26:53.650Z	WARN	high pin count 10
2026-08-09T23:27:23.650Z	WARN	high pin count 10
2026-08-09T23:27:53.650Z	WARN	high pin count 11
2026-08-09T23:28:23.649Z	WARN	high pin count 10
2026-08-09T23:28:53.650Z	WARN	high pin count 10
2026-08-09T23:29:23.650Z	WARN	high pin count 10
2026-08-09T23:29:53.651Z	WARN	high pin count 10
2026-08-09T23:30:23.653Z	WARN	high pin count 10
2026-08-09T23:30:53.653Z	WARN	high pin count 10
2026-08-09T23:31:23.654Z	WARN	high pin count 10
2026-08-09T23:31:53.653Z	WARN	high pin count 10
2026-08-09T23:32:23.655Z	WARN	high pin count 10
2026-08-09T23:32:53.653Z	WARN	high pin count 10
2026-08-09T23:33:23.653Z	WARN	high pin count 10
2026-08-09T23:33:53.654Z	WARN	high pin count 10
2026-08-09T23:34:23.655Z	WARN	high pin count 10
2026-08-09T23:34:53.655Z	WARN	high pin count 10
2026-08-09T23:35:23.659Z	WARN	high pin count 10
2026-08-09T23:35:53.659Z	WARN	high pin count 10
2026-08-09T23:36:23.660Z	WARN	high pin count 10
2026-08-09T23:36:53.661Z	WARN	high pin count 10
2026-08-09T23:37:23.661Z	WARN	high pin count 10
2026-08-09T23:37:53.662Z	WARN	high pin count 10
2026-08-09T23:38:23.662Z	WARN	high pin count 10
2026-08-09T23:38:53.661Z	WARN	high pin count 10
2026-08-09T23:39:23.662Z	WARN	high pin count 10
2026-08-09T23:39:53.662Z	WARN	high pin count 10
2026-08-09T23:40:23.663Z	WARN	high pin count 10
2026-08-09T23:40:53.664Z	WARN	high pin count 10
2026-08-09T23:41:23.664Z	WARN	high pin count 10
2026-08-09T23:41:53.664Z	WARN	high pin count 10
2026-08-09T23:42:23.665Z	WARN	high pin count 10
2026-08-09T23:42:53.667Z	WARN	high pin count 10
2026-08-09T23:43:23.667Z	WARN	high pin count 10
2026-08-09T23:43:53.669Z	WARN	high pin count 10
2026-08-09T23:44:23.669Z	WARN	high pin count 10
2026-08-09T23:44:53.670Z	WARN	high pin count 10
2026-08-09T23:45:23.670Z	WARN	high pin count 10
2026-08-09T23:45:53.671Z	WARN	high pin count 10
2026-08-09T23:46:23.672Z	WARN	high pin count 10
2026-08-09T23:46:53.673Z	WARN	high pin count 10
2026-08-09T23:47:23.675Z	WARN	high pin count 10
2026-08-09T23:47:53.676Z	WARN	high pin count 10
2026-08-09T23:48:23.677Z	WARN	high pin count 10
2026-08-09T23:48:53.678Z	WARN	high pin count 11
2026-08-09T23:49:23.678Z	WARN	high pin count 11
2026-08-09T23:49:53.677Z	WARN	high pin count 11
2026-08-09T23:50:23.678Z	WARN	high pin count 11
2026-08-09T23:50:53.677Z	WARN	high pin count 10
2026-08-09T23:51:23.677Z	WARN	high pin count 10
2026-08-09T23:51:53.678Z	WARN	high pin count 11
2026-08-09T23:52:23.679Z	WARN	high pin count 11
2026-08-09T23:52:53.679Z	WARN	high pin count 11
2026-08-09T23:53:23.679Z	WARN	high pin count 11
2026-08-09T23:53:53.680Z	WARN	high pin count 10
2026-08-09T23:54:23.682Z	WARN	high pin count 11
2026-08-09T23:54:53.682Z	WARN	high pin count 10
2026-08-09T23:55:23.681Z	WARN	high pin count 10
2026-08-09T23:55:53.682Z	WARN	high pin count 10
2026-08-09T23:56:23.683Z	WARN	high pin count 10
2026-08-09T23:56:53.684Z	WARN	high pin count 10
2026-08-09T23:57:23.685Z	WARN	high pin count 10
2026-08-09T23:57:53.686Z	WARN	high pin count 10
2026-08-09T23:58:23.686Z	WARN	high pin count 10
2026-08-09T23:58:53.688Z	WARN	high pin count 10
2026-08-09T23:59:23.688Z	WARN	high pin count 10
2026-08-09T23:59:53.690Z	WARN	high pin count 10
2026-08-10T00:00:23.691Z	WARN	high pin count 10
2026-08-10T00:00:53.693Z	WARN	high pin count 10
2026-08-10T00:01:23.693Z	WARN	high pin count 10
2026-08-10T00:01:53.695Z	WARN	high pin count 10
2026-08-10T00:02:23.696Z	WARN	high pin count 10
2026-08-10T00:02:53.696Z	WARN	high pin count 10
2026-08-10T00:03:23.697Z	WARN	high pin count 10
2026-08-10T00:03:53.699Z	WARN	high pin count 10
2026-08-10T00:04:23.700Z	WARN	high pin count 10
2026-08-10T00:04:53.700Z	WARN	high pin count 10
2026-08-10T00:05:23.701Z	WARN	high pin count 10
2026-08-10T00:05:53.702Z	WARN	high pin count 10
2026-08-10T00:06:23.701Z	WARN	high pin count 11
2026-08-10T00:06:53.702Z	WARN	high pin count 11
2026-08-10T00:07:23.703Z	WARN	high pin count 11
2026-08-10T00:07:53.705Z	WARN	high pin count 11
2026-08-10T00:08:23.705Z	WARN	high pin count 11
2026-08-10T00:08:53.706Z	WARN	high pin count 11
2026-08-10T00:09:23.706Z	WARN	high pin count 11
2026-08-10T00:09:53.707Z	WARN	high pin count 10
2026-08-10T00:10:23.708Z	WARN	high pin count 10
2026-08-10T00:10:53.708Z	WARN	high pin count 11
2026-08-10T00:11:23.708Z	WARN	high pin count 11
2026-08-10T00:11:53.708Z	WARN	high pin count 11
2026-08-10T00:12:23.708Z	WARN	high pin count 11
2026-08-10T00:12:53.709Z	WARN	high pin count 11
2026-08-10T00:13:23.709Z	WARN	high pin count 11
2026-08-10T00:13:53.710Z	WARN	high pin count 11
2026-08-10T00:14:23.711Z	WARN	high pin count 11
2026-08-10T00:14:53.711Z	WARN	high pin count 11
2026-08-10T00:15:23.712Z	WARN	high pin count 10
2026-08-10T00:15:53.712Z	WARN	high pin count 10
2026-08-10T00:16:23.712Z	WARN	high pin count 10
2026-08-10T00:16:53.713Z	WARN	high pin count 10
2026-08-10T00:17:23.714Z	WARN	high pin count 10
2026-08-10T00:17:53.715Z	WARN	high pin count 10
2026-08-10T00:18:23.716Z	WARN	high pin count 10
2026-08-10T00:18:53.716Z	WARN	high pin count 10
2026-08-10T00:19:23.717Z	WARN	high pin count 10
2026-08-10T00:19:53.718Z	WARN	high pin count 10
2026-08-10T00:20:23.719Z	WARN	high pin count 11
2026-08-10T00:20:53.720Z	WARN	high pin count 11
2026-08-10T00:21:23.722Z	WARN	high pin count 10
2026-08-10T00:21:53.722Z	WARN	high pin count 11
2026-08-10T00:22:23.723Z	WARN	high pin count 11
2026-08-10T00:22:53.724Z	WARN	high pin count 11
2026-08-10T00:23:23.725Z	WARN	high pin count 11
2026-08-10T00:23:53.726Z	WARN	high pin count 11
2026-08-10T00:24:23.728Z	WARN	high pin count 10
2026-08-10T00:24:53.728Z	WARN	high pin count 10
2026-08-10T00:25:23.729Z	WARN	high pin count 10
2026-08-10T00:25:53.729Z	WARN	high pin count 10
2026-08-10T00:26:23.731Z	WARN	high pin count 10
2026-08-10T00:26:53.732Z	WARN	high pin count 10
2026-08-10T00:27:23.733Z	WARN	high pin count 10
2026-08-10T00:27:53.734Z	WARN	high pin count 10
2026-08-10T00:28:23.734Z	WARN	high pin count 10
2026-08-10T00:28:53.735Z	WARN	high pin count 10
2026-08-10T00:29:23.735Z	WARN	high pin count 10
2026-08-10T00:29:53.735Z	WARN	high pin count 10
2026-08-10T00:30:23.736Z	WARN	high pin count 10
2026-08-10T00:30:53.737Z	WARN	high pin count 10
2026-08-10T00:31:23.740Z	WARN	high pin count 10
2026-08-10T00:31:53.740Z	WARN	high pin count 10
2026-08-10T00:32:23.742Z	WARN	high pin count 10
2026-08-10T00:32:53.743Z	WARN	high pin count 10
2026-08-10T00:33:23.743Z	WARN	high pin count 10
2026-08-10T00:33:53.744Z	WARN	high pin count 10
2026-08-10T00:34:23.744Z	WARN	high pin count 10
2026-08-10T00:34:53.746Z	WARN	high pin count 10
2026-08-10T00:35:23.747Z	WARN	high pin count 10
2026-08-10T00:35:53.748Z	WARN	high pin count 10
2026-08-10T00:36:23.748Z	WARN	high pin count 10
2026-08-10T00:36:53.749Z	WARN	high pin count 10
2026-08-10T00:37:23.749Z	WARN	high pin count 10
2026-08-10T00:37:53.750Z	WARN	high pin count 10
2026-08-10T00:38:23.749Z	WARN	high pin count 10
2026-08-10T00:38:53.749Z	WARN	high pin count 10
2026-08-10T00:39:23.751Z	WARN	high pin count 10
2026-08-10T00:39:53.750Z	WARN	high pin count 10
2026-08-10T00:40:23.751Z	WARN	high pin count 10
2026-08-10T00:40:53.752Z	WARN	high pin count 10
2026-08-10T00:41:23.753Z	WARN	high pin count 10
2026-08-10T00:41:53.754Z	WARN	high pin count 10
2026-08-10T00:42:23.754Z	WARN	high pin count 10
2026-08-10T00:42:53.755Z	WARN	high pin count 10
2026-08-10T00:43:23.756Z	WARN	high pin count 10
2026-08-10T00:43:53.756Z	WARN	high pin count 10
2026-08-10T00:44:23.757Z	WARN	high pin count 10
2026-08-10T00:44:53.758Z	WARN	high pin count 10
2026-08-10T00:45:23.759Z	WARN	high pin count 10
2026-08-10T00:45:53.759Z	WARN	high pin count 10
2026-08-10T00:46:23.760Z	WARN	high pin count 10
2026-08-10T00:46:53.761Z	WARN	high pin count 10
2026-08-10T00:47:23.762Z	WARN	high pin count 10
2026-08-10T00:47:53.763Z	WARN	high pin count 10
2026-08-10T00:48:23.763Z	WARN	high pin count 10
2026-08-10T00:48:53.764Z	WARN	high pin count 10
2026-08-10T00:49:23.765Z	WARN	high pin count 10
2026-08-10T00:49:53.765Z	WARN	high pin count 10
2026-08-10T00:50:23.767Z	WARN	high pin count 10
2026-08-10T00:50:53.767Z	WARN	high pin count 10
2026-08-10T00:51:23.767Z	WARN	high pin count 10
2026-08-10T00:51:53.768Z	WARN	high pin count 10
2026-08-10T00:52:23.769Z	WARN	high pin count 10
2026-08-10T00:52:53.770Z	WARN	high pin count 10
2026-08-10T00:53:23.770Z	WARN	high pin count 10
2026-08-10T00:53:53.770Z	WARN	high pin count 10
2026-08-10T00:54:23.770Z	WARN	high pin count 10
2026-08-10T00:54:53.771Z	WARN	high pin count 10
2026-08-10T00:55:23.771Z	WARN	high pin count 10
2026-08-10T00:55:53.771Z	WARN	high pin count 10
2026-08-10T00:56:23.772Z	WARN	high pin count 10
2026-08-10T00:56:53.774Z	WARN	high pin count 10
2026-08-10T00:57:23.774Z	WARN	high pin count 10
2026-08-10T00:57:53.775Z	WARN	high pin count 10
2026-08-10T00:58:23.776Z	WARN	high pin count 10
2026-08-10T00:58:53.776Z	WARN	high pin count 10
2026-08-10T00:59:23.777Z	WARN	high pin count 10
2026-08-10T00:59:53.778Z	WARN	high pin count 10
2026-08-10T01:00:23.779Z	WARN	high pin count 10
2026-08-10T01:00:53.780Z	WARN	high pin count 10
2026-08-10T01:01:23.781Z	WARN	high pin count 10
2026-08-10T01:01:53.781Z	WARN	high pin count 10
2026-08-10T01:02:23.782Z	WARN	high pin count 10
2026-08-10T01:02:53.783Z	WARN	high pin count 10
2026-08-10T01:03:23.784Z	WARN	high pin count 10
2026-08-10T01:03:53.784Z	WARN	high pin count 10
2026-08-10T01:04:23.784Z	WARN	high pin count 10
2026-08-10T01:04:53.785Z	WARN	high pin count 10
2026-08-10T01:05:23.786Z	WARN	high pin count 10
2026-08-10T01:05:53.788Z	WARN	high pin count 11
2026-08-10T01:06:23.788Z	WARN	high pin count 11
2026-08-10T01:06:53.787Z	WARN	high pin count 11
2026-08-10T01:07:23.788Z	WARN	high pin count 11
2026-08-10T01:07:53.789Z	WARN	high pin count 11
2026-08-10T01:08:23.790Z	WARN	high pin count 10
2026-08-10T01:08:53.791Z	WARN	high pin count 10
2026-08-10T01:09:23.792Z	WARN	high pin count 10
2026-08-10T01:09:53.793Z	WARN	high pin count 10
2026-08-10T01:10:23.794Z	WARN	high pin count 10
2026-08-10T01:10:53.795Z	WARN	high pin count 10
2026-08-10T01:11:23.796Z	WARN	high pin count 10
2026-08-10T01:11:53.796Z	WARN	high pin count 10
2026-08-10T01:12:23.797Z	WARN	high pin count 10
2026-08-10T01:12:53.798Z	WARN	high pin count 10
2026-08-10T01:13:23.799Z	WARN	high pin count 10
2026-08-10T01:13:53.800Z	WARN	high pin count 10
2026-08-10T01:14:23.799Z	WARN	high pin count 10
2026-08-10T01:14:53.801Z	WARN	high pin count 10
2026-08-10T01:15:23.801Z	WARN	high pin count 10
2026-08-10T01:15:53.802Z	WARN	high pin count 10
2026-08-10T01:16:23.802Z	WARN	high pin count 10
2026-08-10T01:16:53.802Z	WARN	high pin count 10
2026-08-10T01:17:23.804Z	WARN	high pin count 10
2026-08-10T01:17:53.804Z	WARN	high pin count 10
2026-08-10T01:18:23.805Z	WARN	high pin count 10
2026-08-10T01:18:53.803Z	WARN	high pin count 10
2026-08-10T01:19:23.816Z	WARN	high pin count 10
2026-08-10T01:19:53.815Z	WARN	high pin count 10
2026-08-10T01:20:23.815Z	WARN	high pin count 11
2026-08-10T01:20:53.817Z	WARN	high pin count 11
2026-08-10T01:21:23.817Z	WARN	high pin count 11
2026-08-10T01:21:53.818Z	WARN	high pin count 11
2026-08-10T01:22:23.817Z	WARN	high pin count 11
2026-08-10T01:22:53.817Z	WARN	high pin count 11
2026-08-10T01:23:23.819Z	WARN	high pin count 11
2026-08-10T01:23:53.820Z	WARN	high pin count 11
2026-08-10T01:24:23.821Z	WARN	high pin count 11
2026-08-10T01:24:53.823Z	WARN	high pin count 11
2026-08-10T01:25:23.824Z	WARN	high pin count 11
2026-08-10T01:25:53.824Z	WARN	high pin count 11
2026-08-10T01:26:23.825Z	WARN	high pin count 10
2026-08-10T01:26:53.826Z	WARN	high pin count 10
2026-08-10T01:27:23.827Z	WARN	high pin count 10
2026-08-10T01:27:53.828Z	WARN	high pin count 10
2026-08-10T01:28:23.829Z	WARN	high pin count 11
2026-08-10T01:28:53.830Z	WARN	high pin count 11
2026-08-10T01:29:23.830Z	WARN	high pin count 11
2026-08-10T01:29:53.830Z	WARN	high pin count 11
2026-08-10T01:30:23.830Z	WARN	high pin count 10
2026-08-10T01:30:53.831Z	WARN	high pin count 10
2026-08-10T01:31:23.831Z	WARN	high pin count 10
2026-08-10T01:31:53.834Z	WARN	high pin count 10
2026-08-10T01:32:23.836Z	WARN	high pin count 11
2026-08-10T01:32:53.836Z	WARN	high pin count 11
2026-08-10T01:33:23.837Z	WARN	high pin count 11
2026-08-10T01:33:53.839Z	WARN	high pin count 11
2026-08-10T01:34:23.840Z	WARN	high pin count 10
2026-08-10T01:34:53.840Z	WARN	high pin count 10
2026-08-10T01:35:23.841Z	WARN	high pin count 10
2026-08-10T01:35:53.844Z	WARN	high pin count 10
2026-08-10T01:36:23.844Z	WARN	high pin count 11
2026-08-10T01:36:53.845Z	WARN	high pin count 11
2026-08-10T01:37:23.846Z	WARN	high pin count 11
2026-08-10T01:37:53.847Z	WARN	high pin count 11
2026-08-10T01:38:23.847Z	WARN	high pin count 11
2026-08-10T01:38:53.848Z	WARN	high pin count 11
2026-08-10T01:39:23.848Z	WARN	high pin count 11
2026-08-10T01:39:53.848Z	WARN	high pin count 11
2026-08-10T01:40:23.848Z	WARN	high pin count 11
2026-08-10T01:40:53.847Z	WARN	high pin count 11
2026-08-10T01:41:23.849Z	WARN	high pin count 11
2026-08-10T01:41:53.849Z	WARN	high pin count 11
2026-08-10T01:42:23.849Z	WARN	high pin count 10
2026-08-10T01:42:53.850Z	WARN	high pin count 10
2026-08-10T01:43:23.849Z	WARN	high pin count 10
2026-08-10T01:43:53.850Z	WARN	high pin count 10
2026-08-10T01:44:23.851Z	WARN	high pin count 10
2026-08-10T01:44:53.852Z	WARN	high pin count 10
2026-08-10T01:45:23.852Z	WARN	high pin count 10
2026-08-10T01:45:53.854Z	WARN	high pin count 10
2026-08-10T01:46:23.854Z	WARN	high pin count 10
2026-08-10T01:46:53.855Z	WARN	high pin count 10
2026-08-10T01:47:23.856Z	WARN	high pin count 10
2026-08-10T01:47:53.857Z	WARN	high pin count 10
2026-08-10T01:48:23.856Z	WARN	high pin count 10
2026-08-10T01:48:53.926Z	WARN	high pin count 10
2026-08-10T01:49:23.927Z	WARN	high pin count 10
2026-08-10T01:49:53.927Z	WARN	high pin count 10
2026-08-10T01:50:23.928Z	WARN	high pin count 10
2026-08-10T01:50:53.928Z	WARN	high pin count 10
2026-08-10T01:51:23.963Z	WARN	high pin count 10
2026-08-10T01:51:53.935Z	WARN	high pin count 10
2026-08-10T01:52:23.936Z	WARN	high pin count 10
2026-08-10T01:52:53.937Z	WARN	high pin count 10
2026-08-10T01:53:23.939Z	WARN	high pin count 10
2026-08-10T01:53:53.940Z	WARN	high pin count 10
2026-08-10T01:54:23.940Z	WARN	high pin count 10
2026-08-10T01:54:53.941Z	WARN	high pin count 10
2026-08-10T01:55:23.942Z	WARN	high pin count 10
2026-08-10T01:55:53.943Z	WARN	high pin count 10
2026-08-10T01:56:23.944Z	WARN	high pin count 10
2026-08-10T01:56:53.945Z	WARN	high pin count 10
2026-08-10T01:57:23.945Z	WARN	high pin count 10
2026-08-10T01:57:53.946Z	WARN	high pin count 10
2026-08-10T01:58:23.947Z	WARN	high pin count 10
2026-08-10T01:58:53.947Z	WARN	high pin count 10
2026-08-10T01:59:23.948Z	WARN	high pin count 10
2026-08-10T01:59:53.949Z	WARN	high pin count 10
2026-08-10T02:00:23.949Z	WARN	high pin count 10
2026-08-10T02:00:53.952Z	WARN	high pin count 10
2026-08-10T02:01:23.953Z	WARN	high pin count 10
2026-08-10T02:01:53.953Z	WARN	high pin count 10
2026-08-10T02:02:23.953Z	WARN	high pin count 10
2026-08-10T02:02:53.954Z	WARN	high pin count 10
2026-08-10T02:03:23.954Z	WARN	high pin count 11
2026-08-10T02:03:53.956Z	WARN	high pin count 10
2026-08-10T02:04:23.957Z	WARN	high pin count 11
2026-08-10T02:04:53.958Z	WARN	high pin count 11
2026-08-10T02:05:23.957Z	WARN	high pin count 11
2026-08-10T02:05:53.958Z	WARN	high pin count 11
2026-08-10T02:06:23.968Z	WARN	high pin count 10
2026-08-10T02:06:53.959Z	WARN	high pin count 11
2026-08-10T02:07:23.960Z	WARN	high pin count 11
2026-08-10T02:07:53.961Z	WARN	high pin count 10
2026-08-10T02:08:23.962Z	WARN	high pin count 11
2026-08-10T02:08:53.962Z	WARN	high pin count 11
2026-08-10T02:09:23.963Z	WARN	high pin count 10
2026-08-10T02:09:53.963Z	WARN	high pin count 10
2026-08-10T02:10:23.968Z	WARN	high pin count 10
2026-08-10T02:10:53.968Z	WARN	high pin count 10
2026-08-10T02:11:23.969Z	WARN	high pin count 10
2026-08-10T02:11:53.968Z	WARN	high pin count 10
2026-08-10T02:12:23.969Z	WARN	high pin count 10
2026-08-10T02:12:53.968Z	WARN	high pin count 10
2026-08-10T02:13:23.969Z	WARN	high pin count 10
2026-08-10T02:13:53.970Z	WARN	high pin count 10
2026-08-10T02:14:23.970Z	WARN	high pin count 10
2026-08-10T02:14:53.970Z	WARN	high pin count 10
2026-08-10T02:15:23.971Z	WARN	high pin count 10
2026-08-10T02:15:53.972Z	WARN	high pin count 10
2026-08-10T02:16:23.973Z	WARN	high pin count 10
2026-08-10T02:16:53.973Z	WARN	high pin count 10
2026-08-10T02:17:23.974Z	WARN	high pin count 10
2026-08-10T02:17:53.974Z	WARN	high pin count 10
2026-08-10T02:18:23.975Z	WARN	high pin count 10
2026-08-10T02:18:53.975Z	WARN	high pin count 10
2026-08-10T02:19:23.976Z	WARN	high pin count 10
2026-08-10T02:19:53.976Z	WARN	high pin count 10
2026-08-10T02:20:23.978Z	WARN	high pin count 10
2026-08-10T02:20:53.979Z	WARN	high pin count 11
2026-08-10T02:21:23.980Z	WARN	high pin count 10
2026-08-10T02:21:53.981Z	WARN	high pin count 10
2026-08-10T02:22:23.982Z	WARN	high pin count 10
2026-08-10T02:22:53.982Z	WARN	high pin count 10
2026-08-10T02:23:23.982Z	WARN	high pin count 11
2026-08-10T02:23:53.983Z	WARN	high pin count 11
2026-08-10T02:24:23.983Z	WARN	high pin count 10
2026-08-10T02:24:53.983Z	WARN	high pin count 11
2026-08-10T02:25:23.983Z	WARN	high pin count 11
2026-08-10T02:25:53.984Z	WARN	high pin count 11
2026-08-10T02:26:23.984Z	WARN	high pin count 11
2026-08-10T02:26:53.985Z	WARN	high pin count 10
2026-08-10T02:27:23.986Z	WARN	high pin count 11
2026-08-10T02:27:53.987Z	WARN	high pin count 10
2026-08-10T02:28:23.987Z	WARN	high pin count 11
2026-08-10T02:28:53.988Z	WARN	high pin count 11
2026-08-10T02:29:23.988Z	WARN	high pin count 11
2026-08-10T02:29:53.989Z	WARN	high pin count 10
2026-08-10T02:30:23.989Z	WARN	high pin count 11
2026-08-10T02:30:53.988Z	WARN	high pin count 11
2026-08-10T02:31:23.989Z	WARN	high pin count 10
2026-08-10T02:31:53.990Z	WARN	high pin count 10
2026-08-10T02:32:23.991Z	WARN	high pin count 10
2026-08-10T02:32:53.992Z	WARN	high pin count 10
2026-08-10T02:33:23.993Z	WARN	high pin count 10
2026-08-10T02:33:53.993Z	WARN	high pin count 10
2026-08-10T02:34:23.994Z	WARN	high pin count 10
2026-08-10T02:34:53.995Z	WARN	high pin count 10
2026-08-10T02:35:23.996Z	WARN	high pin count 10
2026-08-10T02:35:53.995Z	WARN	high pin count 10
2026-08-10T02:36:23.997Z	WARN	high pin count 10
2026-08-10T02:36:53.998Z	WARN	high pin count 10
2026-08-10T02:37:23.998Z	WARN	high pin count 10
2026-08-10T02:37:53.999Z	WARN	high pin count 10
2026-08-10T02:38:24.003Z	WARN	high pin count 10
2026-08-10T02:38:54.004Z	WARN	high pin count 10
2026-08-10T02:39:24.004Z	WARN	high pin count 10
2026-08-10T02:39:54.005Z	WARN	high pin count 10
2026-08-10T02:40:24.005Z	WARN	high pin count 10
2026-08-10T02:40:54.007Z	WARN	high pin count 10
2026-08-10T02:41:24.007Z	WARN	high pin count 10
2026-08-10T02:41:54.008Z	WARN	high pin count 10
2026-08-10T02:42:24.009Z	WARN	high pin count 10
2026-08-10T02:42:54.009Z	WARN	high pin count 10
2026-08-10T02:43:24.010Z	WARN	high pin count 10
2026-08-10T02:43:54.011Z	WARN	high pin count 10
2026-08-10T02:44:24.010Z	WARN	high pin count 10
2026-08-10T02:44:54.012Z	WARN	high pin count 10
2026-08-10T02:45:24.011Z	WARN	high pin count 10
2026-08-10T02:45:54.011Z	WARN	high pin count 10
2026-08-10T02:46:24.013Z	WARN	high pin count 10
2026-08-10T02:46:54.014Z	WARN	high pin count 10
2026-08-10T02:47:24.015Z	WARN	high pin count 10
2026-08-10T02:47:54.016Z	WARN	high pin count 10
2026-08-10T02:48:24.017Z	WARN	high pin count 10
2026-08-10T02:48:54.017Z	WARN	high pin count 10
2026-08-10T02:49:24.018Z	WARN	high pin count 10
2026-08-10T02:49:54.019Z	WARN	high pin count 10
2026-08-10T02:50:24.021Z	WARN	high pin count 10
2026-08-10T02:50:54.022Z	WARN	high pin count 10
2026-08-10T02:51:24.023Z	WARN	high pin count 10
2026-08-10T02:51:54.024Z	WARN	high pin count 10
2026-08-10T02:52:24.024Z	WARN	high pin count 10
2026-08-10T02:52:54.025Z	WARN	high pin count 10
2026-08-10T02:53:24.026Z	WARN	high pin count 10
2026-08-10T02:53:54.026Z	WARN	high pin count 10
2026-08-10T02:54:24.027Z	WARN	high pin count 10
2026-08-10T02:54:54.028Z	WARN	high pin count 10
2026-08-10T02:55:24.029Z	WARN	high pin count 10
2026-08-10T02:55:54.028Z	WARN	high pin count 10
2026-08-10T02:56:24.029Z	WARN	high pin count 10
2026-08-10T02:56:54.029Z	WARN	high pin count 10
2026-08-10T02:57:24.030Z	WARN	high pin count 10
2026-08-10T02:57:54.030Z	WARN	high pin count 10
2026-08-10T02:58:24.031Z	WARN	high pin count 10
2026-08-10T02:58:54.031Z	WARN	high pin count 11
2026-08-10T02:59:24.031Z	WARN	high pin count 11
2026-08-10T02:59:54.031Z	WARN	high pin count 10
2026-08-10T03:00:24.032Z	WARN	high pin count 11
2026-08-10T03:00:54.032Z	WARN	high pin count 11
2026-08-10T03:01:24.033Z	WARN	high pin count 10
2026-08-10T03:01:54.034Z	WARN	high pin count 10
2026-08-10T03:02:24.035Z	WARN	high pin count 11
2026-08-10T03:02:54.036Z	WARN	high pin count 11
2026-08-10T03:03:24.037Z	WARN	high pin count 10
2026-08-10T03:03:54.039Z	WARN	high pin count 10
2026-08-10T03:04:24.038Z	WARN	high pin count 11
2026-08-10T03:04:54.040Z	WARN	high pin count 12
2026-08-10T03:05:24.041Z	WARN	high pin count 12
2026-08-10T03:05:54.042Z	WARN	high pin count 11
2026-08-10T03:06:24.042Z	WARN	high pin count 10
2026-08-10T03:06:54.043Z	WARN	high pin count 10
2026-08-10T03:07:24.043Z	WARN	high pin count 10
2026-08-10T03:07:54.043Z	WARN	high pin count 10
2026-08-10T03:08:24.044Z	WARN	high pin count 10
2026-08-10T03:08:54.044Z	WARN	high pin count 10
2026-08-10T03:09:24.045Z	WARN	high pin count 10
2026-08-10T03:09:54.046Z	WARN	high pin count 10
2026-08-10T03:10:24.047Z	WARN	high pin count 10
2026-08-10T03:10:54.047Z	WARN	high pin count 10
2026-08-10T03:11:24.048Z	WARN	high pin count 10
2026-08-10T03:11:54.049Z	WARN	high pin count 10
2026-08-10T03:12:24.050Z	WARN	high pin count 10
2026-08-10T03:12:54.051Z	WARN	high pin count 10
2026-08-10T03:13:24.052Z	WARN	high pin count 10
2026-08-10T03:13:54.053Z	WARN	high pin count 10
2026-08-10T03:14:24.053Z	WARN	high pin count 10
2026-08-10T03:14:54.054Z	WARN	high pin count 10
2026-08-10T03:15:24.054Z	WARN	high pin count 10
2026-08-10T03:15:54.055Z	WARN	high pin count 10
2026-08-10T03:16:24.054Z	WARN	high pin count 10
2026-08-10T03:16:54.055Z	WARN	high pin count 10
2026-08-10T03:17:24.055Z	WARN	high pin count 10
2026-08-10T03:17:54.055Z	WARN	high pin count 10
2026-08-10T03:18:24.056Z	WARN	high pin count 10
2026-08-10T03:18:54.056Z	WARN	high pin count 10
2026-08-10T03:19:24.057Z	WARN	high pin count 10
2026-08-10T03:19:54.059Z	WARN	high pin count 10
2026-08-10T03:20:24.060Z	WARN	high pin count 10
2026-08-10T03:20:54.061Z	WARN	high pin count 10
2026-08-10T03:21:24.062Z	WARN	high pin count 10
2026-08-10T03:21:54.062Z	WARN	high pin count 10
2026-08-10T03:22:24.063Z	WARN	high pin count 10
2026-08-10T03:22:54.063Z	WARN	high pin count 10
2026-08-10T03:23:24.062Z	WARN	high pin count 10
2026-08-10T03:23:54.065Z	WARN	high pin count 11
2026-08-10T03:24:24.065Z	WARN	high pin count 11
2026-08-10T03:24:54.065Z	WARN	high pin count 10
2026-08-10T03:25:24.065Z	WARN	high pin count 11
2026-08-10T03:25:54.066Z	WARN	high pin count 12
2026-08-10T03:26:24.066Z	WARN	high pin count 11
2026-08-10T03:26:54.066Z	WARN	high pin count 12
2026-08-10T03:27:24.065Z	WARN	high pin count 11
2026-08-10T03:27:54.066Z	WARN	high pin count 11
2026-08-10T03:28:24.067Z	WARN	high pin count 11
2026-08-10T03:28:54.068Z	WARN	high pin count 10
2026-08-10T03:29:24.070Z	WARN	high pin count 11
2026-08-10T03:29:54.070Z	WARN	high pin count 11
2026-08-10T03:30:24.070Z	WARN	high pin count 11
2026-08-10T03:30:54.071Z	WARN	high pin count 11
2026-08-10T03:31:24.072Z	WARN	high pin count 11
2026-08-10T03:31:54.073Z	WARN	high pin count 10
2026-08-10T03:32:24.074Z	WARN	high pin count 11
2026-08-10T03:32:54.075Z	WARN	high pin count 11
2026-08-10T03:33:24.075Z	WARN	high pin count 10
2026-08-10T03:33:54.075Z	WARN	high pin count 10
2026-08-10T03:34:24.075Z	WARN	high pin count 10
2026-08-10T03:34:54.076Z	WARN	high pin count 11
2026-08-10T03:35:24.076Z	WARN	high pin count 11
2026-08-10T03:35:54.077Z	WARN	high pin count 11
2026-08-10T03:36:24.077Z	WARN	high pin count 11
2026-08-10T03:36:54.077Z	WARN	high pin count 11
2026-08-10T03:37:24.078Z	WARN	high pin count 11
2026-08-10T03:37:54.079Z	WARN	high pin count 11
2026-08-10T03:38:24.080Z	WARN	high pin count 10
2026-08-10T03:38:54.080Z	WARN	high pin count 10
2026-08-10T03:39:24.080Z	WARN	high pin count 10
2026-08-10T03:39:54.081Z	WARN	high pin count 11
2026-08-10T03:40:24.083Z	WARN	high pin count 11
2026-08-10T03:40:54.083Z	WARN	high pin count 10
2026-08-10T03:41:24.084Z	WARN	high pin count 11
2026-08-10T03:41:54.089Z	WARN	high pin count 11
2026-08-10T03:42:24.089Z	WARN	high pin count 11
2026-08-10T03:42:54.090Z	WARN	high pin count 11
2026-08-10T03:43:24.090Z	WARN	high pin count 10
2026-08-10T03:43:54.091Z	WARN	high pin count 10
2026-08-10T03:44:24.092Z	WARN	high pin count 10
2026-08-10T03:44:54.092Z	WARN	high pin count 10
2026-08-10T03:45:24.094Z	WARN	high pin count 10
2026-08-10T03:45:54.095Z	WARN	high pin count 10
2026-08-10T03:46:24.095Z	WARN	high pin count 10
2026-08-10T03:46:54.095Z	WARN	high pin count 10
2026-08-10T03:47:24.096Z	WARN	high pin count 10
2026-08-10T03:47:54.096Z	WARN	high pin count 10
2026-08-10T03:48:24.096Z	WARN	high pin count 10
2026-08-10T03:48:54.098Z	WARN	high pin count 10
2026-08-10T03:49:24.098Z	WARN	high pin count 10
2026-08-10T03:49:54.098Z	WARN	high pin count 10
2026-08-10T03:50:24.100Z	WARN	high pin count 10
2026-08-10T03:50:54.102Z	WARN	high pin count 10
2026-08-10T03:51:24.102Z	WARN	high pin count 10
2026-08-10T03:51:54.103Z	WARN	high pin count 10
2026-08-10T03:52:24.103Z	WARN	high pin count 10
2026-08-10T03:52:54.103Z	WARN	high pin count 10
2026-08-10T03:53:24.104Z	WARN	high pin count 10
2026-08-10T03:53:54.105Z	WARN	high pin count 10
2026-08-10T03:54:24.105Z	WARN	high pin count 10
2026-08-10T03:54:54.106Z	WARN	high pin count 10
2026-08-10T03:55:24.108Z	WARN	high pin count 10
2026-08-10T03:55:54.108Z	WARN	high pin count 10
2026-08-10T03:56:24.109Z	WARN	high pin count 10
2026-08-10T03:56:54.110Z	WARN	high pin count 10
2026-08-10T03:57:24.111Z	WARN	high pin count 10
2026-08-10T03:57:54.111Z	WARN	high pin count 10
2026-08-10T03:58:24.112Z	WARN	high pin count 10
2026-08-10T03:58:54.112Z	WARN	high pin count 10
2026-08-10T03:59:24.114Z	WARN	high pin count 10
2026-08-10T03:59:54.114Z	WARN	high pin count 10
2026-08-10T04:00:24.118Z	WARN	high pin count 10
2026-08-10T04:00:54.119Z	WARN	high pin count 10
2026-08-10T04:01:24.121Z	WARN	high pin count 10
2026-08-10T04:01:54.122Z	WARN	high pin count 10
2026-08-10T04:02:24.123Z	WARN	high pin count 10
2026-08-10T04:02:54.127Z	WARN	high pin count 10
2026-08-10T04:03:24.128Z	WARN	high pin count 10
2026-08-10T04:03:54.138Z	WARN	high pin count 10
2026-08-10T04:04:24.139Z	WARN	high pin count 10
2026-08-10T04:04:54.139Z	WARN	high pin count 10
2026-08-10T04:05:24.140Z	WARN	high pin count 10
2026-08-10T04:05:54.139Z	WARN	high pin count 10
2026-08-10T04:06:24.140Z	WARN	high pin count 10
2026-08-10T04:06:54.141Z	WARN	high pin count 10
2026-08-10T04:07:24.141Z	WARN	high pin count 10
2026-08-10T04:07:54.142Z	WARN	high pin count 10
2026-08-10T04:08:24.143Z	WARN	high pin count 10
2026-08-10T04:08:54.144Z	WARN	high pin count 10
2026-08-10T04:09:24.144Z	WARN	high pin count 10
2026-08-10T04:09:54.146Z	WARN	high pin count 10
2026-08-10T04:10:24.171Z	WARN	high pin count 10
2026-08-10T04:10:54.170Z	WARN	high pin count 10
2026-08-10T04:11:24.171Z	WARN	high pin count 10
2026-08-10T04:11:54.170Z	WARN	high pin count 10
2026-08-10T04:12:24.171Z	WARN	high pin count 10
2026-08-10T04:12:54.172Z	WARN	high pin count 10
2026-08-10T04:13:24.173Z	WARN	high pin count 10
2026-08-10T04:13:54.174Z	WARN	high pin count 10
2026-08-10T04:14:24.174Z	WARN	high pin count 10
2026-08-10T04:14:54.175Z	WARN	high pin count 10
2026-08-10T04:15:24.176Z	WARN	high pin count 10
2026-08-10T04:15:54.177Z	WARN	high pin count 10
2026-08-10T04:16:24.178Z	WARN	high pin count 10
2026-08-10T04:16:54.179Z	WARN	high pin count 10
2026-08-10T04:17:24.179Z	WARN	high pin count 10
2026-08-10T04:17:54.180Z	WARN	high pin count 10
2026-08-10T04:18:24.181Z	WARN	high pin count 10
2026-08-10T04:18:54.184Z	WARN	high pin count 10
2026-08-10T04:19:24.185Z	WARN	high pin count 10
2026-08-10T04:19:54.184Z	WARN	high pin count 10
2026-08-10T04:20:24.192Z	WARN	high pin count 10
2026-08-10T04:20:54.186Z	WARN	high pin count 10
2026-08-10T04:21:24.196Z	WARN	high pin count 10
2026-08-10T04:21:54.196Z	WARN	high pin count 10
2026-08-10T04:22:24.198Z	WARN	high pin count 10
2026-08-10T04:22:54.198Z	WARN	high pin count 10
2026-08-10T04:23:24.197Z	WARN	high pin count 10
2026-08-10T04:23:54.198Z	WARN	high pin count 10
2026-08-10T04:24:24.198Z	WARN	high pin count 10
2026-08-10T04:24:54.199Z	WARN	high pin count 11
2026-08-10T04:25:24.199Z	WARN	high pin count 11
2026-08-10T04:25:54.200Z	WARN	high pin count 11
2026-08-10T04:26:24.201Z	WARN	high pin count 11
2026-08-10T04:26:54.201Z	WARN	high pin count 10
2026-08-10T04:27:24.203Z	WARN	high pin count 10
2026-08-10T04:27:54.204Z	WARN	high pin count 10
2026-08-10T04:28:24.206Z	WARN	high pin count 10
2026-08-10T04:28:54.207Z	WARN	high pin count 10
2026-08-10T04:29:24.209Z	WARN	high pin count 10
2026-08-10T04:29:54.209Z	WARN	high pin count 10
2026-08-10T04:30:24.209Z	WARN	high pin count 10
2026-08-10T04:30:54.210Z	WARN	high pin count 10
2026-08-10T04:31:24.209Z	WARN	high pin count 10
2026-08-10T04:31:54.212Z	WARN	high pin count 10
2026-08-10T04:32:24.212Z	WARN	high pin count 10
2026-08-10T04:32:54.213Z	WARN	high pin count 10
2026-08-10T04:33:24.212Z	WARN	high pin count 10
2026-08-10T04:33:54.212Z	WARN	high pin count 10
2026-08-10T04:34:24.214Z	WARN	high pin count 10
2026-08-10T04:34:54.214Z	WARN	high pin count 10
2026-08-10T04:35:24.216Z	WARN	high pin count 10
2026-08-10T04:35:54.215Z	WARN	high pin count 10
2026-08-10T04:36:24.216Z	WARN	high pin count 10
2026-08-10T04:36:54.216Z	WARN	high pin count 10
2026-08-10T04:37:24.217Z	WARN	high pin count 10
2026-08-10T04:37:54.217Z	WARN	high pin count 10
2026-08-10T04:38:24.217Z	WARN	high pin count 10
2026-08-10T04:38:54.217Z	WARN	high pin count 10
2026-08-10T04:39:24.217Z	WARN	high pin count 10
2026-08-10T04:39:54.221Z	WARN	high pin count 10
2026-08-10T04:40:24.222Z	WARN	high pin count 10
2026-08-10T04:40:54.223Z	WARN	high pin count 10
2026-08-10T04:41:24.227Z	WARN	high pin count 10
2026-08-10T04:41:54.228Z	WARN	high pin count 10
2026-08-10T04:42:24.229Z	WARN	high pin count 11
2026-08-10T04:42:54.228Z	WARN	high pin count 11
2026-08-10T04:43:24.228Z	WARN	high pin count 11
2026-08-10T04:43:54.228Z	WARN	high pin count 11
2026-08-10T04:44:24.230Z	WARN	high pin count 10
2026-08-10T04:44:54.230Z	WARN	high pin count 10
2026-08-10T04:45:24.231Z	WARN	high pin count 10
2026-08-10T04:45:54.232Z	WARN	high pin count 10
2026-08-10T04:46:24.230Z	WARN	high pin count 10
2026-08-10T04:46:54.231Z	WARN	high pin count 10
2026-08-10T04:47:24.232Z	WARN	high pin count 10
2026-08-10T04:47:54.233Z	WARN	high pin count 10
2026-08-10T04:48:24.234Z	WARN	high pin count 10
2026-08-10T04:48:54.235Z	WARN	high pin count 10
2026-08-10T04:49:24.235Z	WARN	high pin count 10
2026-08-10T04:49:54.235Z	WARN	high pin count 10
2026-08-10T04:50:24.235Z	WARN	high pin count 11
2026-08-10T04:50:54.234Z	WARN	high pin count 11
2026-08-10T04:51:24.235Z	WARN	high pin count 11
2026-08-10T04:51:54.236Z	WARN	high pin count 11
2026-08-10T04:52:24.237Z	WARN	high pin count 10
2026-08-10T04:52:54.237Z	WARN	high pin count 10
2026-08-10T04:53:24.237Z	WARN	high pin count 10
2026-08-10T04:53:54.239Z	WARN	high pin count 10
2026-08-10T04:54:24.239Z	WARN	high pin count 10
2026-08-10T04:54:54.240Z	WARN	high pin count 10
2026-08-10T04:55:24.243Z	WARN	high pin count 10
2026-08-10T04:55:54.243Z	WARN	high pin count 10
2026-08-10T04:56:24.244Z	WARN	high pin count 10
2026-08-10T04:56:54.245Z	WARN	high pin count 10
2026-08-10T04:57:24.245Z	WARN	high pin count 10
2026-08-10T04:57:54.246Z	WARN	high pin count 10
2026-08-10T04:58:24.246Z	WARN	high pin count 10
2026-08-10T04:58:54.247Z	WARN	high pin count 11
2026-08-10T04:59:24.247Z	WARN	high pin count 10
2026-08-10T04:59:54.247Z	WARN	high pin count 12
2026-08-10T05:00:24.293Z	WARN	high pin count 12
2026-08-10T05:00:54.276Z	WARN	high pin count 12
2026-08-10T05:01:24.276Z	WARN	high pin count 11
2026-08-10T05:01:54.277Z	WARN	high pin count 10
2026-08-10T05:02:24.277Z	WARN	high pin count 10
2026-08-10T05:02:54.279Z	WARN	high pin count 11
2026-08-10T05:03:24.279Z	WARN	high pin count 11
2026-08-10T05:03:54.280Z	WARN	high pin count 11
2026-08-10T05:04:24.280Z	WARN	high pin count 12
2026-08-10T05:04:54.279Z	WARN	high pin count 10
2026-08-10T05:05:24.283Z	WARN	high pin count 10
2026-08-10T05:05:54.283Z	WARN	high pin count 11
2026-08-10T05:06:24.284Z	WARN	high pin count 11
2026-08-10T05:06:54.283Z	WARN	high pin count 11
2026-08-10T05:07:24.284Z	WARN	high pin count 11
2026-08-10T05:07:54.285Z	WARN	high pin count 11
2026-08-10T05:08:24.284Z	WARN	high pin count 10
2026-08-10T05:08:54.285Z	WARN	high pin count 12
2026-08-10T05:09:24.286Z	WARN	high pin count 12
2026-08-10T05:09:54.287Z	WARN	high pin count 11
2026-08-10T05:10:24.287Z	WARN	high pin count 11
2026-08-10T05:10:54.288Z	WARN	high pin count 10
2026-08-10T05:11:24.289Z	WARN	high pin count 10
2026-08-10T05:11:54.289Z	WARN	high pin count 10
2026-08-10T05:12:24.291Z	WARN	high pin count 10
2026-08-10T05:12:54.291Z	WARN	high pin count 10
2026-08-10T05:13:24.291Z	WARN	high pin count 10
2026-08-10T05:13:54.291Z	WARN	high pin count 11
2026-08-10T05:14:24.292Z	WARN	high pin count 11
2026-08-10T05:14:54.293Z	WARN	high pin count 11
2026-08-10T05:15:24.293Z	WARN	high pin count 11
2026-08-10T05:15:54.297Z	WARN	high pin count 11
2026-08-10T05:16:24.295Z	WARN	high pin count 10
2026-08-10T05:16:54.296Z	WARN	high pin count 12
2026-08-10T05:17:24.296Z	WARN	high pin count 12
2026-08-10T05:17:54.295Z	WARN	high pin count 11
2026-08-10T05:18:24.296Z	WARN	high pin count 11
2026-08-10T05:18:54.295Z	WARN	high pin count 10
2026-08-10T05:19:24.296Z	WARN	high pin count 10
2026-08-10T05:19:54.297Z	WARN	high pin count 11
2026-08-10T05:20:24.297Z	WARN	high pin count 11
2026-08-10T05:20:54.298Z	WARN	high pin count 12
2026-08-10T05:21:24.298Z	WARN	high pin count 12
2026-08-10T05:21:54.300Z	WARN	high pin count 11
2026-08-10T05:22:24.303Z	WARN	high pin count 11
2026-08-10T05:22:54.303Z	WARN	high pin count 11
2026-08-10T05:23:24.304Z	WARN	high pin count 11
2026-08-10T05:23:54.304Z	WARN	high pin count 11
2026-08-10T05:24:24.305Z	WARN	high pin count 11
2026-08-10T05:24:54.305Z	WARN	high pin count 10
2026-08-10T05:25:24.307Z	WARN	high pin count 10
2026-08-10T05:25:54.307Z	WARN	high pin count 10
2026-08-10T05:26:24.308Z	WARN	high pin count 10
2026-08-10T05:26:54.308Z	WARN	high pin count 10
2026-08-10T05:27:24.309Z	WARN	high pin count 10
2026-08-10T05:27:54.310Z	WARN	high pin count 10
2026-08-10T05:28:24.310Z	WARN	high pin count 11
2026-08-10T05:28:54.312Z	WARN	high pin count 11
2026-08-10T05:29:24.312Z	WARN	high pin count 11
2026-08-10T05:29:54.312Z	WARN	high pin count 11
2026-08-10T05:30:24.312Z	WARN	high pin count 10
2026-08-10T05:30:54.311Z	WARN	high pin count 10
2026-08-10T05:31:24.312Z	WARN	high pin count 10
2026-08-10T05:31:54.313Z	WARN	high pin count 10
2026-08-10T05:32:24.314Z	WARN	high pin count 10
2026-08-10T05:32:54.315Z	WARN	high pin count 10
2026-08-10T05:33:24.315Z	WARN	high pin count 10
2026-08-10T05:33:54.316Z	WARN	high pin count 10
2026-08-10T05:34:24.316Z	WARN	high pin count 10
2026-08-10T05:34:54.316Z	WARN	high pin count 10
2026-08-10T05:35:24.317Z	WARN	high pin count 10
2026-08-10T05:35:54.318Z	WARN	high pin count 10
2026-08-10T05:36:24.329Z	WARN	high pin count 10
2026-08-10T05:36:54.330Z	WARN	high pin count 10
2026-08-10T05:37:24.332Z	WARN	high pin count 10
2026-08-10T05:37:54.333Z	WARN	high pin count 10
2026-08-10T05:38:24.333Z	WARN	high pin count 10
2026-08-10T05:38:54.333Z	WARN	high pin count 10
2026-08-10T05:39:24.334Z	WARN	high pin count 10
2026-08-10T05:39:54.334Z	WARN	high pin count 10
2026-08-10T05:40:24.335Z	WARN	high pin count 10
2026-08-10T05:40:54.337Z	WARN	high pin count 10
2026-08-10T05:41:24.336Z	WARN	high pin count 10
2026-08-10T05:41:54.338Z	WARN	high pin count 10
2026-08-10T05:42:24.337Z	WARN	high pin count 10
2026-08-10T05:42:54.338Z	WARN	high pin count 10
2026-08-10T05:43:24.338Z	WARN	high pin count 10
2026-08-10T05:43:54.339Z	WARN	high pin count 10
2026-08-10T05:44:24.342Z	WARN	high pin count 10
2026-08-10T05:44:54.342Z	WARN	high pin count 10
2026-08-10T05:45:24.343Z	WARN	high pin count 10
2026-08-10T05:45:54.344Z	WARN	high pin count 10
2026-08-10T05:46:24.344Z	WARN	high pin count 10
2026-08-10T05:46:54.345Z	WARN	high pin count 10
2026-08-10T05:47:24.345Z	WARN	high pin count 10
2026-08-10T05:47:54.347Z	WARN	high pin count 10
2026-08-10T05:48:24.347Z	WARN	high pin count 10
2026-08-10T05:48:54.347Z	WARN	high pin count 10
2026-08-10T05:49:24.348Z	WARN	high pin count 10
2026-08-10T05:49:54.349Z	WARN	high pin count 11
2026-08-10T05:50:24.350Z	WARN	high pin count 11
2026-08-10T05:50:54.351Z	WARN	high pin count 12
2026-08-10T05:51:24.352Z	WARN	high pin count 11
2026-08-10T05:51:54.353Z	WARN	high pin count 11
2026-08-10T05:52:24.353Z	WARN	high pin count 12
2026-08-10T05:52:54.353Z	WARN	high pin count 11
2026-08-10T05:53:24.353Z	WARN	high pin count 11
2026-08-10T05:53:54.354Z	WARN	high pin count 11
2026-08-10T05:54:24.353Z	WARN	high pin count 12
2026-08-10T05:54:54.355Z	WARN	high pin count 11
2026-08-10T05:55:24.355Z	WARN	high pin count 11
2026-08-10T05:55:54.356Z	WARN	high pin count 11
2026-08-10T05:56:24.357Z	WARN	high pin count 11
2026-08-10T05:56:54.358Z	WARN	high pin count 10
2026-08-10T05:57:24.357Z	WARN	high pin count 12
2026-08-10T05:57:54.358Z	WARN	high pin count 12
2026-08-10T05:58:24.360Z	WARN	high pin count 12
2026-08-10T05:58:54.359Z	WARN	high pin count 13
2026-08-10T05:59:24.360Z	WARN	high pin count 10
2026-08-10T05:59:54.361Z	WARN	high pin count 11
2026-08-10T06:00:24.367Z	WARN	high pin count 10
2026-08-10T06:00:54.364Z	WARN	high pin count 10
2026-08-10T06:01:24.366Z	WARN	high pin count 12
2026-08-10T06:01:54.367Z	WARN	high pin count 12
2026-08-10T06:02:24.367Z	WARN	high pin count 11
2026-08-10T06:02:54.368Z	WARN	high pin count 12
2026-08-10T06:03:24.390Z	WARN	high pin count 11
2026-08-10T06:03:54.392Z	WARN	high pin count 11
2026-08-10T06:04:24.392Z	WARN	high pin count 12
2026-08-10T06:04:54.393Z	WARN	high pin count 11
2026-08-10T06:05:24.394Z	WARN	high pin count 10
2026-08-10T06:05:54.395Z	WARN	high pin count 10
2026-08-10T06:06:24.395Z	WARN	high pin count 10
2026-08-10T06:06:54.395Z	WARN	high pin count 10
2026-08-10T06:07:24.395Z	WARN	high pin count 12
2026-08-10T06:07:54.395Z	WARN	high pin count 12
2026-08-10T06:08:24.396Z	WARN	high pin count 13
2026-08-10T06:08:54.397Z	WARN	high pin count 13
2026-08-10T06:09:24.397Z	WARN	high pin count 12
2026-08-10T06:09:54.396Z	WARN	high pin count 12
2026-08-10T06:10:24.397Z	WARN	high pin count 13
2026-08-10T06:10:54.398Z	WARN	high pin count 12
2026-08-10T06:11:24.399Z	WARN	high pin count 11
2026-08-10T06:11:54.399Z	WARN	high pin count 11
2026-08-10T06:12:24.401Z	WARN	high pin count 11
2026-08-10T06:12:54.401Z	WARN	high pin count 11
2026-08-10T06:13:24.402Z	WARN	high pin count 11
2026-08-10T06:13:54.403Z	WARN	high pin count 11
2026-08-10T06:14:24.404Z	WARN	high pin count 12
2026-08-10T06:14:54.404Z	WARN	high pin count 12
2026-08-10T06:15:24.404Z	WARN	high pin count 12
2026-08-10T06:15:54.404Z	WARN	high pin count 12
2026-08-10T06:16:24.404Z	WARN	high pin count 11
2026-08-10T06:16:54.405Z	WARN	high pin count 11
2026-08-10T06:17:24.406Z	WARN	high pin count 12
2026-08-10T06:17:54.405Z	WARN	high pin count 12
2026-08-10T06:18:24.405Z	WARN	high pin count 12
2026-08-10T06:18:54.407Z	WARN	high pin count 11
2026-08-10T06:19:24.407Z	WARN	high pin count 11
2026-08-10T06:19:54.407Z	WARN	high pin count 11
2026-08-10T06:20:24.408Z	WARN	high pin count 11
2026-08-10T06:20:54.411Z	WARN	high pin count 10
2026-08-10T06:21:24.414Z	WARN	high pin count 10
2026-08-10T06:21:54.414Z	WARN	high pin count 10
2026-08-10T06:22:24.416Z	WARN	high pin count 10
2026-08-10T06:22:54.416Z	WARN	high pin count 10
2026-08-10T06:23:24.417Z	WARN	high pin count 10
2026-08-10T06:23:54.416Z	WARN	high pin count 10
2026-08-10T06:24:24.417Z	WARN	high pin count 10
2026-08-10T06:24:54.418Z	WARN	high pin count 10
2026-08-10T06:25:24.420Z	WARN	high pin count 10
2026-08-10T06:25:54.421Z	WARN	high pin count 10
2026-08-10T06:26:24.421Z	WARN	high pin count 10
2026-08-10T06:26:54.435Z	WARN	high pin count 10
2026-08-10T06:27:24.436Z	WARN	high pin count 10
2026-08-10T06:27:54.439Z	WARN	high pin count 10
2026-08-10T06:28:24.441Z	WARN	high pin count 10
2026-08-10T06:28:54.441Z	WARN	high pin count 10
2026-08-10T06:29:24.443Z	WARN	high pin count 10
2026-08-10T06:29:54.443Z	WARN	high pin count 10
2026-08-10T06:30:24.445Z	WARN	high pin count 10
2026-08-10T06:30:54.445Z	WARN	high pin count 10
2026-08-10T06:31:24.447Z	WARN	high pin count 10
2026-08-10T06:31:54.446Z	WARN	high pin count 10
2026-08-10T06:32:24.447Z	WARN	high pin count 10
2026-08-10T06:32:54.448Z	WARN	high pin count 10
2026-08-10T06:33:24.448Z	WARN	high pin count 10
2026-08-10T06:33:54.448Z	WARN	high pin count 10
2026-08-10T06:34:24.447Z	WARN	high pin count 10
2026-08-10T06:34:54.448Z	WARN	high pin count 10
2026-08-10T06:35:24.449Z	WARN	high pin count 10
2026-08-10T06:35:54.449Z	WARN	high pin count 10
2026-08-10T06:36:24.449Z	WARN	high pin count 10
2026-08-10T06:36:54.450Z	WARN	high pin count 10
2026-08-10T06:37:24.451Z	WARN	high pin count 10
2026-08-10T06:37:54.452Z	WARN	high pin count 10
2026-08-10T06:38:24.452Z	WARN	high pin count 10
2026-08-10T06:38:54.463Z	WARN	high pin count 10
2026-08-10T06:39:24.453Z	WARN	high pin count 10
2026-08-10T06:39:54.454Z	WARN	high pin count 10
2026-08-10T06:40:24.455Z	WARN	high pin count 10
2026-08-10T06:40:54.456Z	WARN	high pin count 10
2026-08-10T06:41:24.455Z	WARN	high pin count 10
2026-08-10T06:41:54.458Z	WARN	high pin count 10
2026-08-10T06:42:24.458Z	WARN	high pin count 10
2026-08-10T06:42:54.459Z	WARN	high pin count 10
2026-08-10T06:43:24.460Z	WARN	high pin count 10
2026-08-10T06:43:54.461Z	WARN	high pin count 10
2026-08-10T06:44:24.461Z	WARN	high pin count 10
2026-08-10T06:44:54.464Z	WARN	high pin count 10
2026-08-10T06:45:24.463Z	WARN	high pin count 10
2026-08-10T06:45:54.463Z	WARN	high pin count 10
2026-08-10T06:46:24.464Z	WARN	high pin count 10
2026-08-10T06:46:54.463Z	WARN	high pin count 10
2026-08-10T06:47:24.464Z	WARN	high pin count 10
2026-08-10T06:47:54.464Z	WARN	high pin count 10
2026-08-10T06:48:24.465Z	WARN	high pin count 10
2026-08-10T06:48:54.466Z	WARN	high pin count 10
2026-08-10T06:49:24.466Z	WARN	high pin count 10
2026-08-10T06:49:54.466Z	WARN	high pin count 10
2026-08-10T06:50:24.466Z	WARN	high pin count 10
2026-08-10T06:50:54.467Z	WARN	high pin count 10
2026-08-10T06:51:24.467Z	WARN	high pin count 10
2026-08-10T06:51:54.467Z	WARN	high pin count 10
2026-08-10T06:52:24.468Z	WARN	high pin count 10
2026-08-10T06:52:54.470Z	WARN	high pin count 10
2026-08-10T06:53:24.470Z	WARN	high pin count 10
2026-08-10T06:53:54.471Z	WARN	high pin count 10
2026-08-10T06:54:24.472Z	WARN	high pin count 10
2026-08-10T06:54:54.472Z	WARN	high pin count 10
2026-08-10T06:55:24.473Z	WARN	high pin count 10
2026-08-10T06:55:54.474Z	WARN	high pin count 10
2026-08-10T06:56:24.475Z	WARN	high pin count 11
2026-08-10T06:56:54.475Z	WARN	high pin count 11
2026-08-10T06:57:24.476Z	WARN	high pin count 12
2026-08-10T06:57:54.476Z	WARN	high pin count 11
2026-08-10T06:58:24.477Z	WARN	high pin count 11
2026-08-10T06:58:54.477Z	WARN	high pin count 11
2026-08-10T06:59:24.477Z	WARN	high pin count 11
2026-08-10T06:59:54.478Z	WARN	high pin count 12
2026-08-10T07:00:24.481Z	WARN	high pin count 11
2026-08-10T07:00:54.479Z	WARN	high pin count 12
2026-08-10T07:01:24.480Z	WARN	high pin count 11
2026-08-10T07:01:54.481Z	WARN	high pin count 11
2026-08-10T07:02:24.481Z	WARN	high pin count 11
2026-08-10T07:02:54.482Z	WARN	high pin count 12
2026-08-10T07:03:24.484Z	WARN	high pin count 10
2026-08-10T07:03:54.483Z	WARN	high pin count 11
2026-08-10T07:04:24.485Z	WARN	high pin count 10
2026-08-10T07:04:54.485Z	WARN	high pin count 10
2026-08-10T07:05:24.486Z	WARN	high pin count 11
2026-08-10T07:05:54.486Z	WARN	high pin count 10
2026-08-10T07:06:24.487Z	WARN	high pin count 11
2026-08-10T07:06:54.486Z	WARN	high pin count 10
2026-08-10T07:07:24.487Z	WARN	high pin count 11
2026-08-10T07:07:54.487Z	WARN	high pin count 10
2026-08-10T07:08:24.489Z	WARN	high pin count 11
2026-08-10T07:08:54.489Z	WARN	high pin count 11
2026-08-10T07:09:24.490Z	WARN	high pin count 10
2026-08-10T07:09:54.491Z	WARN	high pin count 11
2026-08-10T07:10:24.491Z	WARN	high pin count 10
2026-08-10T07:10:54.492Z	WARN	high pin count 10
2026-08-10T07:11:24.493Z	WARN	high pin count 11
2026-08-10T07:11:54.493Z	WARN	high pin count 10
2026-08-10T07:12:24.493Z	WARN	high pin count 10
2026-08-10T07:12:54.493Z	WARN	high pin count 10
2026-08-10T07:13:24.494Z	WARN	high pin count 10
2026-08-10T07:13:54.497Z	WARN	high pin count 11
2026-08-10T07:14:24.496Z	WARN	high pin count 11
2026-08-10T07:14:54.497Z	WARN	high pin count 10
2026-08-10T07:15:24.498Z	WARN	high pin count 10
2026-08-10T07:15:54.498Z	WARN	high pin count 11
2026-08-10T07:16:24.498Z	WARN	high pin count 11
2026-08-10T07:16:54.499Z	WARN	high pin count 10
2026-08-10T07:17:24.500Z	WARN	high pin count 10
2026-08-10T07:17:54.501Z	WARN	high pin count 11
2026-08-10T07:18:24.503Z	WARN	high pin count 11
2026-08-10T07:18:54.503Z	WARN	high pin count 11
2026-08-10T07:19:24.504Z	WARN	high pin count 10
2026-08-10T07:19:54.526Z	WARN	high pin count 10
2026-08-10T07:20:24.525Z	WARN	high pin count 10
2026-08-10T07:20:54.526Z	WARN	high pin count 10
2026-08-10T07:21:24.526Z	WARN	high pin count 10
2026-08-10T07:21:54.527Z	WARN	high pin count 10
2026-08-10T07:22:24.552Z	WARN	high pin count 10
2026-08-10T07:22:54.548Z	WARN	high pin count 10
2026-08-10T07:23:24.549Z	WARN	high pin count 10
2026-08-10T07:23:54.548Z	WARN	high pin count 10
2026-08-10T07:24:24.550Z	WARN	high pin count 10
2026-08-10T07:24:54.549Z	WARN	high pin count 10
2026-08-10T07:25:24.550Z	WARN	high pin count 10
2026-08-10T07:25:54.550Z	WARN	high pin count 10
2026-08-10T07:26:24.550Z	WARN	high pin count 10
2026-08-10T07:26:54.550Z	WARN	high pin count 11
2026-08-10T07:27:24.551Z	WARN	high pin count 11
2026-08-10T07:27:54.553Z	WARN	high pin count 11
2026-08-10T07:28:24.553Z	WARN	high pin count 11
2026-08-10T07:28:54.554Z	WARN	high pin count 10
2026-08-10T07:29:24.554Z	WARN	high pin count 10
2026-08-10T07:29:54.554Z	WARN	high pin count 10
2026-08-10T07:30:24.554Z	WARN	high pin count 10
2026-08-10T07:30:54.554Z	WARN	high pin count 10
2026-08-10T07:31:24.556Z	WARN	high pin count 11
2026-08-10T07:31:54.556Z	WARN	high pin count 11
2026-08-10T07:32:24.558Z	WARN	high pin count 11
2026-08-10T07:32:54.559Z	WARN	high pin count 11
2026-08-10T07:33:24.559Z	WARN	high pin count 11
2026-08-10T07:33:54.559Z	WARN	high pin count 10
2026-08-10T07:34:24.559Z	WARN	high pin count 10
2026-08-10T07:34:54.562Z	WARN	high pin count 10
2026-08-10T07:35:24.562Z	WARN	high pin count 10
2026-08-10T07:35:54.563Z	WARN	high pin count 10
2026-08-10T07:36:24.564Z	WARN	high pin count 10
2026-08-10T07:36:54.565Z	WARN	high pin count 10
2026-08-10T07:37:24.565Z	WARN	high pin count 10
2026-08-10T07:37:54.564Z	WARN	high pin count 10
2026-08-10T07:38:24.565Z	WARN	high pin count 11
2026-08-10T07:38:54.566Z	WARN	high pin count 11
2026-08-10T07:39:24.564Z	WARN	high pin count 10
2026-08-10T07:39:54.565Z	WARN	high pin count 11
2026-08-10T07:40:24.566Z	WARN	high pin count 10
2026-08-10T07:40:54.569Z	WARN	high pin count 10
2026-08-10T07:41:24.571Z	WARN	high pin count 10
2026-08-10T07:41:54.572Z	WARN	high pin count 10
2026-08-10T07:42:24.574Z	WARN	high pin count 10
2026-08-10T07:42:54.575Z	WARN	high pin count 10
2026-08-10T07:43:24.575Z	WARN	high pin count 11
2026-08-10T07:43:54.577Z	WARN	high pin count 11
2026-08-10T07:44:24.581Z	WARN	high pin count 11
2026-08-10T07:44:54.581Z	WARN	high pin count 11
2026-08-10T07:45:24.582Z	WARN	high pin count 10
2026-08-10T07:45:54.583Z	WARN	high pin count 11
2026-08-10T07:46:24.585Z	WARN	high pin count 11
2026-08-10T07:46:54.585Z	WARN	high pin count 10
2026-08-10T07:47:24.586Z	WARN	high pin count 11
2026-08-10T07:47:54.585Z	WARN	high pin count 11
2026-08-10T07:48:24.587Z	WARN	high pin count 11
2026-08-10T07:48:54.587Z	WARN	high pin count 10
2026-08-10T07:49:24.589Z	WARN	high pin count 10
2026-08-10T07:49:54.590Z	WARN	high pin count 10
2026-08-10T07:50:24.591Z	WARN	high pin count 10
2026-08-10T07:50:54.592Z	WARN	high pin count 10
2026-08-10T07:51:24.591Z	WARN	high pin count 10
2026-08-10T07:51:54.592Z	WARN	high pin count 10
2026-08-10T07:52:24.592Z	WARN	high pin count 10
2026-08-10T07:52:54.592Z	WARN	high pin count 11
2026-08-10T07:53:24.593Z	WARN	high pin count 11
2026-08-10T07:53:54.594Z	WARN	high pin count 11
2026-08-10T07:54:24.594Z	WARN	high pin count 12
2026-08-10T07:54:54.594Z	WARN	high pin count 11
2026-08-10T07:55:24.606Z	WARN	high pin count 11
2026-08-10T07:55:54.604Z	WARN	high pin count 11
2026-08-10T07:56:24.605Z	WARN	high pin count 12
2026-08-10T07:56:54.606Z	WARN	high pin count 12
2026-08-10T07:57:24.607Z	WARN	high pin count 11
2026-08-10T07:57:54.607Z	WARN	high pin count 12
2026-08-10T07:58:24.607Z	WARN	high pin count 12
2026-08-10T07:58:54.616Z	WARN	high pin count 12
2026-08-10T07:59:24.615Z	WARN	high pin count 10
2026-08-10T07:59:54.615Z	WARN	high pin count 10
2026-08-10T08:00:24.618Z	WARN	high pin count 11
2026-08-10T08:00:54.618Z	WARN	high pin count 12
2026-08-10T08:01:24.619Z	WARN	high pin count 11
2026-08-10T08:01:54.618Z	WARN	high pin count 12
2026-08-10T08:02:24.619Z	WARN	high pin count 11
2026-08-10T08:02:54.619Z	WARN	high pin count 12
2026-08-10T08:03:24.620Z	WARN	high pin count 12
2026-08-10T08:03:54.620Z	WARN	high pin count 11
2026-08-10T08:04:24.621Z	WARN	high pin count 11
2026-08-10T08:04:54.622Z	WARN	high pin count 11
2026-08-10T08:05:24.622Z	WARN	high pin count 11
2026-08-10T08:05:54.622Z	WARN	high pin count 11
2026-08-10T08:06:24.622Z	WARN	high pin count 12
2026-08-10T08:06:54.622Z	WARN	high pin count 12
2026-08-10T08:07:24.624Z	WARN	high pin count 12
2026-08-10T08:07:54.625Z	WARN	high pin count 12
2026-08-10T08:08:24.625Z	WARN	high pin count 12
2026-08-10T08:08:54.626Z	WARN	high pin count 12
2026-08-10T08:09:24.627Z	WARN	high pin count 12
2026-08-10T08:09:54.627Z	WARN	high pin count 12
2026-08-10T08:10:24.628Z	WARN	high pin count 12
2026-08-10T08:10:54.628Z	WARN	high pin count 11
2026-08-10T08:11:24.630Z	WARN	high pin count 11
2026-08-10T08:11:54.631Z	WARN	high pin count 11
2026-08-10T08:12:24.631Z	WARN	high pin count 11
2026-08-10T08:12:54.644Z	WARN	high pin count 11
2026-08-10T08:13:24.645Z	WARN	high pin count 11
2026-08-10T08:13:54.647Z	WARN	high pin count 11
2026-08-10T08:14:24.646Z	WARN	high pin count 11
2026-08-10T08:14:54.648Z	WARN	high pin count 11
2026-08-10T08:15:24.649Z	WARN	high pin count 12
2026-08-10T08:15:54.650Z	WARN	high pin count 12
2026-08-10T08:16:24.650Z	WARN	high pin count 12
2026-08-10T08:16:54.650Z	WARN	high pin count 12
2026-08-10T08:17:24.650Z	WARN	high pin count 12
2026-08-10T08:17:54.651Z	WARN	high pin count 11
2026-08-10T08:18:24.653Z	WARN	high pin count 11
2026-08-10T08:18:54.653Z	WARN	high pin count 11
2026-08-10T08:19:24.653Z	WARN	high pin count 11
2026-08-10T08:19:54.654Z	WARN	high pin count 11
2026-08-10T08:20:24.654Z	WARN	high pin count 11
2026-08-10T08:20:54.654Z	WARN	high pin count 11
2026-08-10T08:21:24.654Z	WARN	high pin count 11
2026-08-10T08:21:54.655Z	WARN	high pin count 11
2026-08-10T08:22:24.655Z	WARN	high pin count 11
2026-08-10T08:22:54.655Z	WARN	high pin count 11
2026-08-10T08:23:24.655Z	WARN	high pin count 11
2026-08-10T08:23:54.655Z	WARN	high pin count 11
2026-08-10T08:24:24.656Z	WARN	high pin count 12
2026-08-10T08:24:54.656Z	WARN	high pin count 12
2026-08-10T08:25:24.656Z	WARN	high pin count 12
2026-08-10T08:25:54.658Z	WARN	high pin count 12
2026-08-10T08:26:24.658Z	WARN	high pin count 11
2026-08-10T08:26:54.659Z	WARN	high pin count 11
2026-08-10T08:27:24.660Z	WARN	high pin count 11
2026-08-10T08:27:54.661Z	WARN	high pin count 12
2026-08-10T08:28:24.661Z	WARN	high pin count 12
2026-08-10T08:28:54.661Z	WARN	high pin count 12
2026-08-10T08:29:24.662Z	WARN	high pin count 12
2026-08-10T08:29:54.662Z	WARN	high pin count 12
2026-08-10T08:30:24.690Z	WARN	high pin count 12
2026-08-10T08:30:54.693Z	WARN	high pin count 12
2026-08-10T08:31:24.693Z	WARN	high pin count 13
2026-08-10T08:31:54.693Z	WARN	high pin count 11
2026-08-10T08:32:24.695Z	WARN	high pin count 12
2026-08-10T08:32:54.695Z	WARN	high pin count 12
2026-08-10T08:33:24.696Z	WARN	high pin count 12
2026-08-10T08:33:54.697Z	WARN	high pin count 12
2026-08-10T08:34:24.698Z	WARN	high pin count 12
2026-08-10T08:34:54.699Z	WARN	high pin count 12
2026-08-10T08:35:24.699Z	WARN	high pin count 11
2026-08-10T08:35:54.701Z	WARN	high pin count 11
2026-08-10T08:36:24.701Z	WARN	high pin count 12
2026-08-10T08:36:54.701Z	WARN	high pin count 12
2026-08-10T08:37:24.701Z	WARN	high pin count 12
2026-08-10T08:37:54.701Z	WARN	high pin count 12
2026-08-10T08:38:24.702Z	WARN	high pin count 11
2026-08-10T08:38:54.703Z	WARN	high pin count 12
2026-08-10T08:39:24.704Z	WARN	high pin count 12
2026-08-10T08:39:54.705Z	WARN	high pin count 12
2026-08-10T08:40:24.705Z	WARN	high pin count 12
2026-08-10T08:40:54.707Z	WARN	high pin count 12
2026-08-10T08:41:24.707Z	WARN	high pin count 13
2026-08-10T08:41:54.708Z	WARN	high pin count 13
2026-08-10T08:42:24.708Z	WARN	high pin count 13
2026-08-10T08:42:54.709Z	WARN	high pin count 13
2026-08-10T08:43:24.711Z	WARN	high pin count 14
2026-08-10T08:43:54.712Z	WARN	high pin count 14
2026-08-10T08:44:24.713Z	WARN	high pin count 14
2026-08-10T08:44:54.713Z	WARN	high pin count 15
2026-08-10T08:45:24.715Z	WARN	high pin count 14
2026-08-10T08:45:54.715Z	WARN	high pin count 13
2026-08-10T08:46:24.716Z	WARN	high pin count 13
2026-08-10T08:46:54.716Z	WARN	high pin count 13
2026-08-10T08:47:24.716Z	WARN	high pin count 13
2026-08-10T08:47:54.717Z	WARN	high pin count 13
2026-08-10T08:48:24.718Z	WARN	high pin count 14
2026-08-10T08:48:54.718Z	WARN	high pin count 14
2026-08-10T08:49:24.718Z	WARN	high pin count 14
2026-08-10T08:49:54.719Z	WARN	high pin count 14
2026-08-10T08:50:24.722Z	WARN	high pin count 14
2026-08-10T08:50:54.723Z	WARN	high pin count 14
2026-08-10T08:51:24.724Z	WARN	high pin count 14
2026-08-10T08:51:54.724Z	WARN	high pin count 13
2026-08-10T08:52:24.724Z	WARN	high pin count 13
2026-08-10T08:52:54.724Z	WARN	high pin count 12
2026-08-10T08:53:24.724Z	WARN	high pin count 12
2026-08-10T08:53:54.725Z	WARN	high pin count 12
2026-08-10T08:54:24.726Z	WARN	high pin count 12
2026-08-10T08:54:54.726Z	WARN	high pin count 12
2026-08-10T08:55:24.725Z	WARN	high pin count 12
2026-08-10T08:55:54.726Z	WARN	high pin count 13
2026-08-10T08:56:24.725Z	WARN	high pin count 13
2026-08-10T08:56:54.726Z	WARN	high pin count 14
2026-08-10T08:57:24.725Z	WARN	high pin count 14
2026-08-10T08:57:54.726Z	WARN	high pin count 14
2026-08-10T08:58:24.726Z	WARN	high pin count 14
2026-08-10T08:58:54.726Z	WARN	high pin count 14
2026-08-10T08:59:24.727Z	WARN	high pin count 14
2026-08-10T08:59:54.727Z	WARN	high pin count 15
2026-08-10T09:00:24.728Z	WARN	high pin count 15
2026-08-10T09:00:54.728Z	WARN	high pin count 14
2026-08-10T09:01:24.727Z	WARN	high pin count 14
2026-08-10T09:01:54.728Z	WARN	high pin count 14
2026-08-10T09:02:24.729Z	WARN	high pin count 14
2026-08-10T09:02:54.730Z	WARN	high pin count 14
2026-08-10T09:03:24.731Z	WARN	high pin count 14
2026-08-10T09:03:54.732Z	WARN	high pin count 14
2026-08-10T09:04:24.732Z	WARN	high pin count 15
2026-08-10T09:04:54.732Z	WARN	high pin count 16
2026-08-10T09:05:24.734Z	WARN	high pin count 16
2026-08-10T09:05:54.735Z	WARN	high pin count 14
2026-08-10T09:06:24.736Z	WARN	high pin count 15
2026-08-10T09:06:54.737Z	WARN	high pin count 15
2026-08-10T09:07:24.738Z	WARN	high pin count 14
2026-08-10T09:07:54.739Z	WARN	high pin count 15
2026-08-10T09:08:24.740Z	WARN	high pin count 14
2026-08-10T09:08:54.740Z	WARN	high pin count 16
2026-08-10T09:09:24.742Z	WARN	high pin count 16
2026-08-10T09:09:54.742Z	WARN	high pin count 15
2026-08-10T09:10:24.743Z	WARN	high pin count 15
2026-08-10T09:10:54.744Z	WARN	high pin count 16
2026-08-10T09:11:24.745Z	WARN	high pin count 15
2026-08-10T09:11:54.745Z	WARN	high pin count 14
2026-08-10T09:12:24.746Z	WARN	high pin count 14
2026-08-10T09:12:54.747Z	WARN	high pin count 14
2026-08-10T09:13:24.751Z	WARN	high pin count 14
2026-08-10T09:13:54.752Z	WARN	high pin count 14
2026-08-10T09:14:24.752Z	WARN	high pin count 14
2026-08-10T09:14:54.754Z	WARN	high pin count 14
2026-08-10T09:15:24.771Z	WARN	high pin count 14
2026-08-10T09:15:54.770Z	WARN	high pin count 14
2026-08-10T09:16:24.771Z	WARN	high pin count 14
2026-08-10T09:16:54.772Z	WARN	high pin count 14
2026-08-10T09:17:24.776Z	WARN	high pin count 15
2026-08-10T09:17:54.777Z	WARN	high pin count 16
2026-08-10T09:18:24.778Z	WARN	high pin count 16
2026-08-10T09:18:54.778Z	WARN	high pin count 16
2026-08-10T09:19:24.778Z	WARN	high pin count 15
2026-08-10T09:19:54.778Z	WARN	high pin count 15
2026-08-10T09:20:24.779Z	WARN	high pin count 15
2026-08-10T09:20:54.780Z	WARN	high pin count 16
2026-08-10T09:21:24.780Z	WARN	high pin count 16
2026-08-10T09:21:54.782Z	WARN	high pin count 16
2026-08-10T09:22:24.784Z	WARN	high pin count 16
2026-08-10T09:22:54.784Z	WARN	high pin count 15
2026-08-10T09:23:24.784Z	WARN	high pin count 15
2026-08-10T09:23:54.784Z	WARN	high pin count 15
2026-08-10T09:24:24.783Z	WARN	high pin count 15
2026-08-10T09:24:54.783Z	WARN	high pin count 15
2026-08-10T09:25:24.784Z	WARN	high pin count 15
2026-08-10T09:25:54.787Z	WARN	high pin count 15
2026-08-10T09:26:24.788Z	WARN	high pin count 15
2026-08-10T09:26:54.790Z	WARN	high pin count 15
2026-08-10T09:27:24.790Z	WARN	high pin count 15
2026-08-10T09:27:54.796Z	WARN	high pin count 15
2026-08-10T09:28:24.796Z	WARN	high pin count 15
2026-08-10T09:28:54.796Z	WARN	high pin count 15
2026-08-10T09:29:24.796Z	WARN	high pin count 15
2026-08-10T09:29:54.797Z	WARN	high pin count 15
2026-08-10T09:30:24.800Z	WARN	high pin count 15
2026-08-10T09:30:54.801Z	WARN	high pin count 15
2026-08-10T09:31:24.803Z	WARN	high pin count 15
2026-08-10T09:31:54.805Z	WARN	high pin count 15
2026-08-10T09:32:24.805Z	WARN	high pin count 15
2026-08-10T09:32:54.805Z	WARN	high pin count 15
2026-08-10T09:33:24.804Z	WARN	high pin count 15
2026-08-10T09:33:54.805Z	WARN	high pin count 15
2026-08-10T09:34:24.806Z	WARN	high pin count 15
2026-08-10T09:34:54.806Z	WARN	high pin count 15
2026-08-10T09:35:24.808Z	WARN	high pin count 15
2026-08-10T09:35:54.809Z	WARN	high pin count 15
2026-08-10T09:36:24.808Z	WARN	high pin count 16
2026-08-10T09:36:54.809Z	WARN	high pin count 16
2026-08-10T09:37:24.809Z	WARN	high pin count 16
2026-08-10T09:37:54.809Z	WARN	high pin count 16
2026-08-10T09:38:24.810Z	WARN	high pin count 15
2026-08-10T09:38:54.811Z	WARN	high pin count 15
2026-08-10T09:39:24.812Z	WARN	high pin count 15
2026-08-10T16:22:55.652Z	WARN	high pin count 9
2026-08-10T19:59:25.914Z	WARN	high pin count 9
2026-08-10T19:59:55.915Z	WARN	high pin count 10
2026-08-10T20:00:25.917Z	WARN	high pin count 10
2026-08-10T20:00:55.916Z	WARN	high pin count 10
2026-08-10T20:02:55.918Z	WARN	high pin count 9
2026-08-10T20:03:25.919Z	WARN	high pin count 9
2026-08-11T09:27:27.145Z	WARN	high pin count 9
2026-08-11T09:47:27.210Z	WARN	high pin count 9
2026-08-11T09:47:57.210Z	WARN	high pin count 9
2026-08-12T08:49:59.574Z	WARN	high pin count 9
2026-08-12T08:50:29.575Z	WARN	high pin count 9
2026-08-12T09:25:59.624Z	WARN	high pin count 9
2026-08-12T09:26:29.625Z	WARN	high pin count 9
2026-08-12T09:29:29.629Z	WARN	high pin count 10
2026-08-12T09:29:59.630Z	WARN	high pin count 10
2026-08-12T09:30:29.637Z	WARN	high pin count 9
2026-08-13T13:18:15.334Z	WARN	high pin count 9
2026-08-13T14:42:15.708Z	WARN	high pin count 9
2026-08-13T14:42:45.708Z	WARN	high pin count 9
2026-08-13T15:57:15.996Z	WARN	high pin count 9
2026-08-13T16:12:46.072Z	WARN	high pin count 9
2026-08-13T16:15:16.076Z	WARN	high pin count 9
2026-08-13T16:18:16.094Z	WARN	high pin count 9
2026-08-13T16:20:46.188Z	WARN	high pin count 9
2026-08-13T16:31:16.204Z	WARN	high pin count 9
2026-08-13T16:31:46.206Z	WARN	high pin count 10
2026-08-13T16:32:16.206Z	WARN	high pin count 10
2026-08-13T16:32:46.208Z	WARN	high pin count 9
2026-08-13T16:33:16.209Z	WARN	high pin count 10
2026-08-13T16:33:46.209Z	WARN	high pin count 9
2026-08-13T16:34:16.209Z	WARN	high pin count 10
2026-08-13T16:46:46.239Z	WARN	high pin count 9
2026-08-13T16:47:16.239Z	WARN	high pin count 9
2026-08-13T17:27:16.394Z	WARN	high pin count 9
2026-08-13T17:27:46.394Z	WARN	high pin count 9
2026-08-13T18:46:16.512Z	WARN	high pin count 9
2026-08-13T18:47:16.513Z	WARN	high pin count 9
2026-08-13T18:52:16.519Z	WARN	high pin count 9
2026-08-13T18:53:16.519Z	WARN	high pin count 9
2026-08-13T19:28:46.569Z	WARN	high pin count 9
2026-08-13T19:29:16.570Z	WARN	high pin count 9
2026-08-13T19:29:46.570Z	WARN	high pin count 9
2026-08-13T19:32:46.575Z	WARN	high pin count 9
2026-08-13T19:33:16.574Z	WARN	high pin count 9
2026-08-13T19:33:46.574Z	WARN	high pin count 9
2026-08-13T20:07:46.616Z	WARN	high pin count 9
2026-08-13T20:08:16.617Z	WARN	high pin count 9
2026-08-13T20:17:46.627Z	WARN	high pin count 9
2026-08-13T20:18:16.626Z	WARN	high pin count 9
2026-08-13T21:00:16.688Z	WARN	high pin count 9
2026-08-13T21:00:46.689Z	WARN	high pin count 9
2026-08-13T21:01:16.688Z	WARN	high pin count 9
2026-08-13T21:01:46.689Z	WARN	high pin count 9
2026-08-14T18:39:48.723Z	WARN	high pin count 9
2026-08-14T18:40:18.723Z	WARN	high pin count 9
2026-08-14T19:08:18.783Z	WARN	high pin count 9
2026-08-14T19:08:48.784Z	WARN	high pin count 9
2026-08-14T19:09:18.785Z	WARN	high pin count 9
2026-08-14T19:09:48.786Z	WARN	high pin count 9
2026-08-14T19:10:18.787Z	WARN	high pin count 9
2026-08-14T19:10:48.787Z	WARN	high pin count 9
2026-08-14T19:11:18.789Z	WARN	high pin count 9
2026-08-14T19:11:48.789Z	WARN	high pin count 9
2026-08-14T19:12:18.789Z	WARN	high pin count 9
2026-08-14T19:12:48.790Z	WARN	high pin count 9
2026-08-14T19:14:18.791Z	WARN	high pin count 9
2026-08-14T19:14:48.791Z	WARN	high pin count 9
2026-08-14T19:15:18.791Z	WARN	high pin count 9
2026-08-14T19:15:48.791Z	WARN	high pin count 9
2026-08-14T19:16:18.792Z	WARN	high pin count 9
2026-08-14T19:17:18.798Z	WARN	high pin count 9
2026-08-14T19:17:48.795Z	WARN	high pin count 9
2026-08-14T19:18:18.795Z	WARN	high pin count 9
2026-08-14T19:18:48.796Z	WARN	high pin count 9
2026-08-14T19:19:48.797Z	WARN	high pin count 9
2026-08-14T19:20:18.799Z	WARN	high pin count 9
2026-08-14T19:21:18.801Z	WARN	high pin count 9
2026-08-14T19:21:48.800Z	WARN	high pin count 9
2026-08-14T19:22:18.802Z	WARN	high pin count 9
2026-08-14T19:22:48.802Z	WARN	high pin count 9
2026-08-14T19:23:18.804Z	WARN	high pin count 9
2026-08-14T19:23:48.805Z	WARN	high pin count 9
2026-08-14T19:24:18.805Z	WARN	high pin count 9
2026-08-14T19:24:48.805Z	WARN	high pin count 9
2026-08-14T19:25:18.807Z	WARN	high pin count 9
2026-08-14T19:25:48.806Z	WARN	high pin count 9
2026-08-14T19:26:18.807Z	WARN	high pin count 9
2026-08-14T19:26:48.822Z	WARN	high pin count 9
2026-08-14T19:27:18.824Z	WARN	high pin count 9
2026-08-14T19:27:48.845Z	WARN	high pin count 9
2026-08-14T19:28:18.845Z	WARN	high pin count 9
2026-08-14T19:28:48.847Z	WARN	high pin count 9
2026-08-14T19:29:18.848Z	WARN	high pin count 9
2026-08-14T19:29:48.847Z	WARN	high pin count 9
2026-08-14T19:30:18.849Z	WARN	high pin count 9
2026-08-14T19:30:48.850Z	WARN	high pin count 9
2026-08-14T19:31:18.851Z	WARN	high pin count 9
2026-08-14T19:31:48.869Z	WARN	high pin count 9
2026-08-14T19:32:18.879Z	WARN	high pin count 10
2026-08-14T19:32:48.879Z	WARN	high pin count 10
2026-08-14T19:33:18.880Z	WARN	high pin count 9
2026-08-14T19:33:48.879Z	WARN	high pin count 9
2026-08-14T19:34:18.879Z	WARN	high pin count 9
2026-08-14T19:34:48.880Z	WARN	high pin count 9
2026-08-14T19:35:18.881Z	WARN	high pin count 9
2026-08-14T19:35:48.881Z	WARN	high pin count 9
2026-08-14T19:36:18.881Z	WARN	high pin count 9
2026-08-14T19:36:48.881Z	WARN	high pin count 9
2026-08-14T19:37:18.880Z	WARN	high pin count 9
2026-08-14T19:37:48.881Z	WARN	high pin count 9
2026-08-14T19:38:18.881Z	WARN	high pin count 9
2026-08-14T19:38:48.881Z	WARN	high pin count 9
2026-08-14T19:39:18.881Z	WARN	high pin count 9
2026-08-14T19:39:48.881Z	WARN	high pin count 9
2026-08-14T19:40:18.885Z	WARN	high pin count 9
2026-08-14T19:40:48.884Z	WARN	high pin count 9
2026-08-14T19:41:18.885Z	WARN	high pin count 9
2026-08-14T19:41:48.886Z	WARN	high pin count 9
2026-08-14T19:42:18.886Z	WARN	high pin count 9
2026-08-14T19:42:48.886Z	WARN	high pin count 9
2026-08-14T19:43:18.886Z	WARN	high pin count 9
2026-08-14T19:43:48.887Z	WARN	high pin count 9
2026-08-14T19:44:18.887Z	WARN	high pin count 10
2026-08-14T19:44:48.888Z	WARN	high pin count 10
2026-08-14T19:45:18.890Z	WARN	high pin count 10
2026-08-14T19:45:48.891Z	WARN	high pin count 10
2026-08-14T19:46:18.894Z	WARN	high pin count 10
2026-08-14T19:46:48.895Z	WARN	high pin count 10
2026-08-14T19:47:18.895Z	WARN	high pin count 11
2026-08-14T19:47:48.895Z	WARN	high pin count 11
2026-08-14T19:48:18.896Z	WARN	high pin count 11
2026-08-14T19:48:48.896Z	WARN	high pin count 11
2026-08-14T19:49:18.896Z	WARN	high pin count 9
2026-08-14T19:49:48.896Z	WARN	high pin count 9
2026-08-14T19:50:18.899Z	WARN	high pin count 9
2026-08-14T19:50:48.900Z	WARN	high pin count 9
2026-08-14T19:51:18.900Z	WARN	high pin count 9
2026-08-14T19:51:48.900Z	WARN	high pin count 10
2026-08-14T19:52:18.899Z	WARN	high pin count 10
2026-08-14T19:52:48.902Z	WARN	high pin count 10
2026-08-14T19:53:18.902Z	WARN	high pin count 10
2026-08-14T19:53:48.902Z	WARN	high pin count 10
2026-08-14T19:54:18.903Z	WARN	high pin count 10
2026-08-14T19:54:48.903Z	WARN	high pin count 10
2026-08-14T19:55:18.903Z	WARN	high pin count 10
2026-08-14T19:55:48.906Z	WARN	high pin count 10
2026-08-14T19:56:18.907Z	WARN	high pin count 10
2026-08-14T19:56:48.906Z	WARN	high pin count 10
2026-08-14T19:57:18.906Z	WARN	high pin count 10
2026-08-14T19:57:48.906Z	WARN	high pin count 10
2026-08-14T19:58:18.907Z	WARN	high pin count 10
2026-08-14T19:58:48.906Z	WARN	high pin count 9
2026-08-14T19:59:18.908Z	WARN	high pin count 9
2026-08-14T19:59:48.909Z	WARN	high pin count 10
2026-08-14T20:00:18.923Z	WARN	high pin count 10
2026-08-14T20:00:48.924Z	WARN	high pin count 10
2026-08-14T20:01:18.924Z	WARN	high pin count 10
2026-08-14T20:01:48.924Z	WARN	high pin count 9
2026-08-14T20:02:18.925Z	WARN	high pin count 9
2026-08-14T20:02:48.925Z	WARN	high pin count 11
2026-08-14T20:03:18.925Z	WARN	high pin count 11
2026-08-14T20:03:48.926Z	WARN	high pin count 10
2026-08-14T20:04:18.927Z	WARN	high pin count 10
2026-08-14T20:04:48.926Z	WARN	high pin count 9
2026-08-14T20:05:18.926Z	WARN	high pin count 9
2026-08-14T20:05:48.926Z	WARN	high pin count 9
2026-08-14T20:06:18.927Z	WARN	high pin count 9
2026-08-14T20:06:48.928Z	WARN	high pin count 10
2026-08-14T20:07:18.929Z	WARN	high pin count 10
2026-08-14T20:07:48.931Z	WARN	high pin count 11
2026-08-14T20:08:18.931Z	WARN	high pin count 12
2026-08-14T20:08:48.932Z	WARN	high pin count 11
2026-08-14T20:09:18.933Z	WARN	high pin count 10
2026-08-14T20:09:48.937Z	WARN	high pin count 12
2026-08-14T20:10:18.936Z	WARN	high pin count 11
2026-08-14T20:10:48.936Z	WARN	high pin count 10
2026-08-14T20:11:18.936Z	WARN	high pin count 11
2026-08-14T20:11:48.937Z	WARN	high pin count 10
2026-08-14T20:12:18.937Z	WARN	high pin count 10
2026-08-14T20:12:48.937Z	WARN	high pin count 11
2026-08-14T20:13:18.938Z	WARN	high pin count 12
2026-08-14T20:13:48.939Z	WARN	high pin count 11
2026-08-14T20:14:18.938Z	WARN	high pin count 11
2026-08-14T20:14:48.939Z	WARN	high pin count 10
2026-08-14T20:15:18.939Z	WARN	high pin count 9
2026-08-14T20:15:48.939Z	WARN	high pin count 9
2026-08-14T20:16:18.940Z	WARN	high pin count 10
2026-08-14T20:16:48.940Z	WARN	high pin count 11
2026-08-14T20:17:18.945Z	WARN	high pin count 10
2026-08-14T20:17:48.945Z	WARN	high pin count 11
2026-08-14T20:18:18.944Z	WARN	high pin count 11
2026-08-14T20:18:48.946Z	WARN	high pin count 10
2026-08-14T20:19:18.946Z	WARN	high pin count 10
2026-08-14T20:19:48.948Z	WARN	high pin count 10
2026-08-14T20:20:18.958Z	WARN	high pin count 9
2026-08-14T20:20:48.968Z	WARN	high pin count 9
2026-08-14T20:21:18.969Z	WARN	high pin count 10
2026-08-14T20:21:48.969Z	WARN	high pin count 10
2026-08-14T20:22:18.972Z	WARN	high pin count 10
2026-08-14T20:22:48.971Z	WARN	high pin count 10
2026-08-14T20:23:18.972Z	WARN	high pin count 9
